{"task_id": "55f567d2-2977-425d-b759-3cd64f917bbf", "function_name": "_map_function_for_enron_run_mode", "parent_task_ids": [], "submit_time": 1716647839.9021401, "received_time": 1716647840.9922094, "execution": {"hostname": "escience-taps", "execution_start_time": 1716647840.6668355, "execution_end_time": 1716647840.9441454, "task_start_time": 1716647840.6668518, "task_end_time": 1716647840.944134, "input_transform_start_time": 1716647840.6668413, "input_transform_end_time": 1716647840.6668518, "result_transform_start_time": 1716647840.9441342, "result_transform_end_time": 1716647840.9441452}}
{"task_id": "d4d301c6-7012-4c3f-b2ad-702488f8852b", "function_name": "_map_function_for_enron_run_mode", "parent_task_ids": [], "submit_time": 1716647839.9047463, "received_time": 1716647841.025292, "execution": {"hostname": "escience-taps", "execution_start_time": 1716647840.6639132, "execution_end_time": 1716647840.959069, "task_start_time": 1716647840.6639295, "task_end_time": 1716647840.9590578, "input_transform_start_time": 1716647840.6639194, "input_transform_end_time": 1716647840.6639295, "result_transform_start_time": 1716647840.9590583, "result_transform_end_time": 1716647840.9590688}}
{"task_id": "2fd7568a-6777-4ebd-993f-354a1114b7a1", "function_name": "_map_function_for_enron_run_mode", "parent_task_ids": [], "submit_time": 1716647839.898194, "received_time": 1716647841.168842, "execution": {"hostname": "escience-taps", "execution_start_time": 1716647840.6695971, "execution_end_time": 1716647841.1318612, "task_start_time": 1716647840.6696272, "task_end_time": 1716647841.1318452, "input_transform_start_time": 1716647840.6696074, "input_transform_end_time": 1716647840.669627, "result_transform_start_time": 1716647841.1318457, "result_transform_end_time": 1716647841.1318607}}
{"task_id": "3efb3642-d756-40b3-8ba7-3979aeda77ef", "function_name": "_map_function_for_enron_run_mode", "parent_task_ids": [], "submit_time": 1716647839.901757, "received_time": 1716647841.2153914, "execution": {"hostname": "escience-taps", "execution_start_time": 1716647840.671203, "execution_end_time": 1716647841.1584034, "task_start_time": 1716647840.6712124, "task_end_time": 1716647841.158392, "input_transform_start_time": 1716647840.6712067, "input_transform_end_time": 1716647840.6712124, "result_transform_start_time": 1716647841.1583924, "result_transform_end_time": 1716647841.1584032}}
{"task_id": "6f4b2998-10d8-48d9-98ea-9a4f19f5801a", "function_name": "_map_function_for_enron_run_mode", "parent_task_ids": [], "submit_time": 1716647839.9008565, "received_time": 1716647841.3071654, "execution": {"hostname": "escience-taps", "execution_start_time": 1716647840.6580076, "execution_end_time": 1716647841.2604482, "task_start_time": 1716647840.6580229, "task_end_time": 1716647841.2604353, "input_transform_start_time": 1716647840.6580124, "input_transform_end_time": 1716647840.6580226, "result_transform_start_time": 1716647841.2604353, "result_transform_end_time": 1716647841.260448}}
{"task_id": "a38a8ca0-429f-451c-bd9c-1a2aaaf42575", "function_name": "_map_function_for_enron_run_mode", "parent_task_ids": [], "submit_time": 1716647839.904551, "received_time": 1716647841.3642287, "execution": {"hostname": "escience-taps", "execution_start_time": 1716647840.583283, "execution_end_time": 1716647841.3164191, "task_start_time": 1716647840.583303, "task_end_time": 1716647841.3164105, "input_transform_start_time": 1716647840.5832915, "input_transform_end_time": 1716647840.583303, "result_transform_start_time": 1716647841.3164108, "result_transform_end_time": 1716647841.316419}}
{"task_id": "01b34144-9e71-479e-812a-1e285a4d087a", "function_name": "_map_function_for_enron_run_mode", "parent_task_ids": [], "submit_time": 1716647839.8995802, "received_time": 1716647841.4822042, "execution": {"hostname": "escience-taps", "execution_start_time": 1716647840.6666884, "execution_end_time": 1716647841.4170892, "task_start_time": 1716647840.6667027, "task_end_time": 1716647841.417078, "input_transform_start_time": 1716647840.6666934, "input_transform_end_time": 1716647840.6667025, "result_transform_start_time": 1716647841.4170783, "result_transform_end_time": 1716647841.4170892}}
{"task_id": "6f7a0fa4-13c9-4583-a004-b4aa060c875d", "function_name": "_map_function_for_enron_run_mode", "parent_task_ids": [], "submit_time": 1716647839.896579, "received_time": 1716647841.5770755, "execution": {"hostname": "escience-taps", "execution_start_time": 1716647840.6631932, "execution_end_time": 1716647841.4536707, "task_start_time": 1716647840.663203, "task_end_time": 1716647841.4536602, "input_transform_start_time": 1716647840.6631973, "input_transform_end_time": 1716647840.663203, "result_transform_start_time": 1716647841.4536605, "result_transform_end_time": 1716647841.4536705}}
{"task_id": "5071dd4d-fca5-47bd-8241-dd2dede12911", "function_name": "_map_function_for_enron_run_mode", "parent_task_ids": [], "submit_time": 1716647839.902655, "received_time": 1716647841.6586804, "execution": {"hostname": "escience-taps", "execution_start_time": 1716647840.6702201, "execution_end_time": 1716647841.460042, "task_start_time": 1716647840.6702347, "task_end_time": 1716647841.4600291, "input_transform_start_time": 1716647840.6702247, "input_transform_end_time": 1716647840.6702344, "result_transform_start_time": 1716647841.4600294, "result_transform_end_time": 1716647841.4600418}}
{"task_id": "9567ae2d-dbe7-48b2-8e9d-16ca7019ca02", "function_name": "_map_function_for_enron_run_mode", "parent_task_ids": [], "submit_time": 1716647839.903228, "received_time": 1716647841.7163455, "execution": {"hostname": "escience-taps", "execution_start_time": 1716647840.6669388, "execution_end_time": 1716647841.4779778, "task_start_time": 1716647840.6669528, "task_end_time": 1716647841.4779668, "input_transform_start_time": 1716647840.6669438, "input_transform_end_time": 1716647840.6669528, "result_transform_start_time": 1716647841.477967, "result_transform_end_time": 1716647841.4779773}}
{"task_id": "22b8ba74-f75f-486d-9ce4-a48a34facbaa", "function_name": "_map_function_for_enron_run_mode", "parent_task_ids": [], "submit_time": 1716647839.8997955, "received_time": 1716647841.767906, "execution": {"hostname": "escience-taps", "execution_start_time": 1716647840.6718943, "execution_end_time": 1716647841.4796922, "task_start_time": 1716647840.6719093, "task_end_time": 1716647841.479682, "input_transform_start_time": 1716647840.6718996, "input_transform_end_time": 1716647840.6719093, "result_transform_start_time": 1716647841.4796822, "result_transform_end_time": 1716647841.479692}}
{"task_id": "4170780c-86e3-4a23-908a-29655f8a9300", "function_name": "_map_function_for_enron_run_mode", "parent_task_ids": [], "submit_time": 1716647839.8986785, "received_time": 1716647841.8181858, "execution": {"hostname": "escience-taps", "execution_start_time": 1716647840.6692047, "execution_end_time": 1716647841.4863544, "task_start_time": 1716647840.6692207, "task_end_time": 1716647841.4863436, "input_transform_start_time": 1716647840.6692104, "input_transform_end_time": 1716647840.6692207, "result_transform_start_time": 1716647841.4863439, "result_transform_end_time": 1716647841.4863544}}
{"task_id": "3b705c26-a174-4ad3-9f88-5e4c867d9e54", "function_name": "_map_function_for_enron_run_mode", "parent_task_ids": [], "submit_time": 1716647839.8983948, "received_time": 1716647841.8717036, "execution": {"hostname": "escience-taps", "execution_start_time": 1716647840.6502023, "execution_end_time": 1716647841.4928875, "task_start_time": 1716647840.650218, "task_end_time": 1716647841.492877, "input_transform_start_time": 1716647840.650208, "input_transform_end_time": 1716647840.6502178, "result_transform_start_time": 1716647841.4928772, "result_transform_end_time": 1716647841.4928873}}
{"task_id": "508b7905-7041-4b07-9e67-ddfe656c516d", "function_name": "_map_function_for_enron_run_mode", "parent_task_ids": [], "submit_time": 1716647839.8974624,