{"task_id": "90be4ea9-ca46-41e5-be7e-207888038510", "function_name": "id", "parent_task_ids": [], "submit_time": 1716759356.520705, "received_time": 1716759357.177715, "execution": {"hostname": "escience-taps", "execution_start_time": 1716759357.1738799, "execution_end_time": 1716759357.1738899, "task_start_time": 1716759357.1738856, "task_end_time": 1716759357.1738863, "input_transform_start_time": 1716759357.1738825, "input_transform_end_time": 1716759357.1738856, "result_transform_start_time": 1716759357.1738865, "result_transform_end_time": 1716759357.1738896}}
{"task_id": "08956cfe-79b1-46a7-85a6-84f0c902c8e5", "function_name": "noop_task", "parent_task_ids": [], "submit_time": 1716759357.2296333, "received_time": 1716759357.2924795, "execution": {"hostname": "escience-taps", "execution_start_time": 1716759357.2500854, "execution_end_time": 1716759357.2776992, "task_start_time": 1716759357.2500958, "task_end_time": 1716759357.2776902, "input_transform_start_time": 1716759357.2500892, "input_transform_end_time": 1716759357.2500958, "result_transform_start_time": 1716759357.2776904, "result_transform_end_time": 1716759357.277699}}
{"task_id": "c432b039-e6d5-4cce-8777-c4bf4808db8a", "function_name": "noop_task", "parent_task_ids": [], "submit_time": 1716759357.338835, "received_time": 1716759357.3823688, "execution": {"hostname": "escience-taps", "execution_start_time": 1716759357.3465421, "execution_end_time": 1716759357.3710504, "task_start_time": 1716759357.3465555, "task_end_time": 1716759357.3710358, "input_transform_start_time": 1716759357.3465474, "input_transform_end_time": 1716759357.3465552, "result_transform_start_time": 1716759357.371036, "result_transform_end_time": 1716759357.37105}}
{"task_id": "9c4b2a8f-479b-4e2a-9932-f9d09acca357", "function_name": "noop_task", "parent_task_ids": [], "submit_time": 1716759357.42595, "received_time": 1716759357.4880023, "execution": {"hostname": "escience-taps", "execution_start_time": 1716759357.4361207, "execution_end_time": 1716759357.476415, "task_start_time": 1716759357.4361358, "task_end_time": 1716759357.4763963, "input_transform_start_time": 1716759357.4361272, "input_transform_end_time": 1716759357.4361355, "result_transform_start_time": 1716759357.4763966, "result_transform_end_time": 1716759357.4764147}}
{"task_id": "f0981a3c-64ed-40ce-ac4f-09c1133cfc97", "function_name": "noop_task", "parent_task_ids": [], "submit_time": 1716759357.5317621, "received_time": 1716759357.5956485, "execution": {"hostname": "escience-taps", "execution_start_time": 1716759357.5439522, "execution_end_time": 1716759357.5871794, "task_start_time": 1716759357.5439703, "task_end_time": 1716759357.5871649, "input_transform_start_time": 1716759357.5439596, "input_transform_end_time": 1716759357.54397, "result_transform_start_time": 1716759357.587165, "result_transform_end_time": 1716759357.5871792}}
{"task_id": "877c3d69-6bff-442a-a6ce-1aece3281e14", "function_name": "noop_task", "parent_task_ids": [], "submit_time": 1716759357.6378536, "received_time": 1716759357.7018898, "execution": {"hostname": "escience-taps", "execution_start_time": 1716759357.6497664, "execution_end_time": 1716759357.6944737, "task_start_time": 1716759357.6497858, "task_end_time": 1716759357.6944563, "input_transform_start_time": 1716759357.6497748, "input_transform_end_time": 1716759357.6497855, "result_transform_start_time": 1716759357.6944568, "result_transform_end_time": 1716759357.6944737}}
{"task_id": "30adac3a-bd54-4132-8048-210bea91f943", "function_name": "noop_task", "parent_task_ids": [], "submit_time": 1716759357.744969, "received_time": 1716759357.8112154, "execution": {"hostname": "escience-taps", "execution_start_time": 1716759357.758442, "execution_end_time": 1716759357.8030624, "task_start_time": 1716759357.7584615, "task_end_time": 1716759357.8030465, "input_transform_start_time": 1716759357.7584503, "input_transform_end_time": 1716759357.7584612, "result_transform_start_time": 1716759357.8030467, "result_transform_end_time": 1716759357.8030624}}
{"task_id": "dc3bfd68-dbaa-4475-86b0-344188551af0", "function_name": "noop_task", "parent_task_ids": [], "submit_time": 1716759357.8534434, "received_time": 1716759357.9185085, "execution": {"hostname": "escience-taps", "execution_start_time": 1716759357.8650591, "execution_end_time": 1716759357.9101865, "task_start_time": 1716759357.86508, "task_end_time": 1716759357.9101696, "input_transform_start_time": 1716759357.8650677, "input_transform_end_time": 1716759357.8650799, "result_transform_start_time": 1716759357.9101698, "result_transform_end_time": 1716759357.9101865}}
{"task_id": "b6c65387-b5c1-4148-aebf-6573cdc305c5", "function_name": "noop_task", "parent_task_ids": [], "submit_time": 1716759357.9613717, "received_time": 1716759358.0216136, "execution": {"hostname": "escience-taps", "execution_start_time": 1716759357.9712257, "execution_end_time": 1716759358.0139008, "task_start_time": 1716759357.9712367, "task_end_time": 1716759358.0138872, "input_transform_start_time": 1716759357.97123, "input_transform_end_time": 1716759357.9712367, "result_transform_start_time": 1716759358.0138874, "result_transform_end_time": 1716759358.0139005}}
{"task_id": "28e18d8f-f555-4215-8a19-5497ec6033a8", "function_name": "noop_task", "parent_task_ids": [], "submit_time": 1716759358.0629654, "received_time": 1716759358.120413, "execution": {"hostname": "escience-taps", "execution_start_time": 1716759358.074353, "execution_end_time": 1716759358.112617, "task_start_time": 1716759358.0743666, "task_end_time": 1716759358.1126037, "input_transform_start_time": 1716759358.0743585, "input_transform_end_time": 1716759358.074366, "result_transform_start_time": 1716759358.1126041, "result_transform_end_time": 1716759358.112617}}
{"task_id": "2ce3737e-c06d-47df-85d1-a8dfeebf147a", "function_name": "noop_task", "parent_task_ids": [], "submit_time": 1716759358.1638055, "received_time": 1716759358.2166498, "execution": {"hostname": "escience-taps", "execution_start_time": 1716759358.17168, "execution_end_time": 1716759358.2115738, "task_start_time": 1716759358.1716979, "task_end_time": 1716759358.2115598, "input_transform_start_time": 1716759358.1716871, "input_transform_end_time": 1716759358.1716976, "result_transform_start_time": 1716759358.21156, "result_transform_end_time": 1716759358.2115736}}
