{"task_id": "abe114dd-d311-4bf9-b6fb-8373e866855c", "function_name": "id", "parent_task_ids": [], "submit_time": 1716758819.2897837, "received_time": 1716758820.9214466, "execution": {"hostname": "escience-taps", "execution_start_time": 1716758820.9186804, "execution_end_time": 1716758820.9186964, "task_start_time": 1716758820.918691, "task_end_time": 1716758820.9186914, "input_transform_start_time": 1716758820.9186828, "input_transform_end_time": 1716758820.918691, "result_transform_start_time": 1716758820.9186916, "result_transform_end_time": 1716758820.9186962}}
{"task_id": "d17272db-0993-432b-81fd-fceabbb0ee6c", "function_name": "noop_task", "parent_task_ids": [], "submit_time": 1716758820.9225364, "received_time": 1716758820.938421, "execution": {"hostname": "escience-taps", "execution_start_time": 1716758820.9353197, "execution_end_time": 1716758820.937169, "task_start_time": 1716758820.9353383, "task_end_time": 1716758820.9368696, "input_transform_start_time": 1716758820.9353302, "input_transform_end_time": 1716758820.9353383, "result_transform_start_time": 1716758820.9368699, "result_transform_end_time": 1716758820.9371688}}
{"task_id": "138d43eb-c9d8-480b-ba31-c44a679123d3", "function_name": "noop_task", "parent_task_ids": [], "submit_time": 1716758820.9391482, "received_time": 1716758820.951149, "execution": {"hostname": "escience-taps", "execution_start_time": 1716758820.94925, "execution_end_time": 1716758820.9501612, "task_start_time": 1716758820.9492745, "task_end_time": 1716758820.949934, "input_transform_start_time": 1716758820.9492638, "input_transform_end_time": 1716758820.9492743, "result_transform_start_time": 1716758820.9499342, "result_transform_end_time": 1716758820.950161}}
{"task_id": "ff571a91-2f23-4fbd-91d0-67a454c013bf", "function_name": "noop_task", "parent_task_ids": [], "submit_time": 1716758820.951768, "received_time": 1716758820.9638863, "execution": {"hostname": "escience-taps", "execution_start_time": 1716758820.962005, "execution_end_time": 1716758820.9627807, "task_start_time": 1716758820.962036, "task_end_time": 1716758820.96258, "input_transform_start_time": 1716758820.9620204, "input_transform_end_time": 1716758820.9620357, "result_transform_start_time": 1716758820.9625802, "result_transform_end_time": 1716758820.9627807}}
{"task_id": "151851b1-6140-456e-b862-8150d7c2381f", "function_name": "noop_task", "parent_task_ids": [], "submit_time": 1716758820.9645019, "received_time": 1716758820.976365, "execution": {"hostname": "escience-taps", "execution_start_time": 1716758820.9743216, "execution_end_time": 1716758820.9751704, "task_start_time": 1716758820.9743335, "task_end_time": 1716758820.9749606, "input_transform_start_time": 1716758820.9743283, "input_transform_end_time": 1716758820.9743335, "result_transform_start_time": 1716758820.9749608, "result_transform_end_time": 1716758820.9751704}}
{"task_id": "93b2f806-0cca-42e3-a678-8e10f3c6e633", "function_name": "noop_task", "parent_task_ids": [], "submit_time": 1716758820.9769704, "received_time": 1716758820.9891014, "execution": {"hostname": "escience-taps", "execution_start_time": 1716758820.9868405, "execution_end_time": 1716758820.987912, "task_start_time": 1716758820.9868522, "task_end_time": 1716758820.9876764, "input_transform_start_time": 1716758820.986847, "input_transform_end_time": 1716758820.986852, "result_transform_start_time": 1716758820.9876766, "result_transform_end_time": 1716758820.9879117}}
{"task_id": "63abdfcf-c386-4abc-a71f-fc9d10cbd374", "function_name": "noop_task", "parent_task_ids": [], "submit_time": 1716758820.9897246, "received_time": 1716758821.0019517, "execution": {"hostname": "escience-taps", "execution_start_time": 1716758820.999839, "execution_end_time": 1716758821.0008862, "task_start_time": 1716758820.999851, "task_end_time": 1716758821.0006852, "input_transform_start_time": 1716758820.999846, "input_transform_end_time": 1716758820.999851, "result_transform_start_time": 1716758821.000686, "result_transform_end_time": 1716758821.000886}}
{"task_id": "8d9328c4-dbb1-429f-a6a5-8ac2380070cf", "function_name": "noop_task", "parent_task_ids": [], "submit_time": 1716758821.0026205, "received_time": 1716758821.01543, "execution": {"hostname": "escience-taps", "execution_start_time": 1716758821.0128608, "execution_end_time": 1716758821.014238, "task_start_time": 1716758821.0128925, "task_end_time": 1716758821.013876, "input_transform_start_time": 1716758821.0128782, "input_transform_end_time": 1716758821.0128922, "result_transform_start_time": 1716758821.0138762, "result_transform_end_time": 1716758821.0142379}}
{"task_id": "0565fb2b-1d77-4701-91be-2be04ea64ce9", "function_name": "noop_task", "parent_task_ids": [], "submit_time": 1716758821.0163925, "received_time": 1716758821.0287945, "execution": {"hostname": "escience-taps", "execution_start_time": 1716758821.0262356, "execution_end_time": 1716758821.0272973, "task_start_time": 1716758821.0262597, "task_end_time": 1716758821.0270636, "input_transform_start_time": 1716758821.0262496, "input_transform_end_time": 1716758821.0262597, "result_transform_start_time": 1716758821.0270638, "result_transform_end_time": 1716758821.027297}}
{"task_id": "70e5b694-a289-4be9-852c-2bcb76c4e067", "function_name": "noop_task", "parent_task_ids": [], "submit_time": 1716758821.0301206, "received_time": 1716758821.0420032, "execution": {"hostname": "escience-taps", "execution_start_time": 1716758821.0394497, "execution_end_time": 1716758821.040638, "task_start_time": 1716758821.0394716, "task_end_time": 1716758821.0403538, "input_transform_start_time": 1716758821.0394626, "input_transform_end_time": 1716758821.0394714, "result_transform_start_time": 1716758821.0403543, "result_transform_end_time": 1716758821.0406377}}
{"task_id": "bb4c3ce5-adc4-46f7-a8fc-1f6ac257fc32", "function_name": "noop_task", "parent_task_ids": [], "submit_time": 1716758821.0446494, "received_time": 1716758821.0551417, "execution": {"hostname": "escience-taps", "execution_start_time": 1716758821.0526664, "execution_end_time": 1716758821.0539937, "task_start_time": 1716758821.0526876, "task_end_time": 1716758821.053683, "input_transform_start_time": 1716758821.0526788, "input_transform_end_time": 1716758821.0526876, "result_transform_start_time": 1716758821.0536833, "result_transform_end_time": 1716758821.0539935}}
