{"task_id": "0ce62af7-7802-4589-bc85-0ed7bebc1f1d", "function_name": "id", "parent_task_ids": [], "submit_time": 1716763231.745215, "received_time": 1716763231.753632, "execution": {"hostname": "escience-taps", "execution_start_time": 1716763231.7528334, "execution_end_time": 1716763231.7529025, "task_start_time": 1716763231.7528827, "task_end_time": 1716763231.752884, "input_transform_start_time": 1716763231.7528493, "input_transform_end_time": 1716763231.7528799, "result_transform_start_time": 1716763231.7528841, "result_transform_end_time": 1716763231.752902}}
{"task_id": "315bbafc-a99d-4eec-b6d1-700e93ce8056", "function_name": "noop_task", "parent_task_ids": [], "submit_time": 1716763231.757517, "received_time": 1716763231.7686675, "execution": {"hostname": "escience-taps", "execution_start_time": 1716763231.760876, "execution_end_time": 1716763231.7683003, "task_start_time": 1716763231.760906, "task_end_time": 1716763231.766954, "input_transform_start_time": 1716763231.760899, "input_transform_end_time": 1716763231.7609057, "result_transform_start_time": 1716763231.7669542, "result_transform_end_time": 1716763231.7683}}
{"task_id": "09a7833d-4a3d-4000-a071-00bd4d1c6ebd", "function_name": "noop_task", "parent_task_ids": [], "submit_time": 1716763231.773001, "received_time": 1716763231.7783895, "execution": {"hostname": "escience-taps", "execution_start_time": 1716763231.774107, "execution_end_time": 1716763231.7781706, "task_start_time": 1716763231.774119, "task_end_time": 1716763231.777544, "input_transform_start_time": 1716763231.7741144, "input_transform_end_time": 1716763231.7741187, "result_transform_start_time": 1716763231.7775443, "result_transform_end_time": 1716763231.7781703}}
{"task_id": "4d38741f-1399-4aac-aa25-a05e33eac11e", "function_name": "noop_task", "parent_task_ids": [], "submit_time": 1716763231.782416, "received_time": 1716763231.788675, "execution": {"hostname": "escience-taps", "execution_start_time": 1716763231.783833, "execution_end_time": 1716763231.7884517, "task_start_time": 1716763231.7838566, "task_end_time": 1716763231.787849, "input_transform_start_time": 1716763231.7838438, "input_transform_end_time": 1716763231.7838564, "result_transform_start_time": 1716763231.787849, "result_transform_end_time": 1716763231.7884517}}
{"task_id": "ce7bcdfc-f5cf-4ca3-be8d-39fd2e69c412", "function_name": "noop_task", "parent_task_ids": [], "submit_time": 1716763231.7916949, "received_time": 1716763231.797539, "execution": {"hostname": "escience-taps", "execution_start_time": 1716763231.792859, "execution_end_time": 1716763231.7973084, "task_start_time": 1716763231.7928789, "task_end_time": 1716763231.7966924, "input_transform_start_time": 1716763231.7928712, "input_transform_end_time": 1716763231.7928786, "result_transform_start_time": 1716763231.7966924, "result_transform_end_time": 1716763231.7973084}}
{"task_id": "ec04a368-78be-43ab-89c5-7324e5b90949", "function_name": "noop_task", "parent_task_ids": [], "submit_time": 1716763231.8012617, "received_time": 1716763231.8069992, "execution": {"hostname": "escience-taps", "execution_start_time": 1716763231.8023887, "execution_end_time": 1716763231.8067763, "task_start_time": 1716763231.8024125, "task_end_time": 1716763231.8061905, "input_transform_start_time": 1716763231.802405, "input_transform_end_time": 1716763231.8024123, "result_transform_start_time": 1716763231.8061907, "result_transform_end_time": 1716763231.8067763}}
{"task_id": "5c2b184a-c378-4293-b06d-905477ba6c01", "function_name": "noop_task", "parent_task_ids": [], "submit_time": 1716763231.8124938, "received_time": 1716763231.81825, "execution": {"hostname": "escience-taps", "execution_start_time": 1716763231.813643, "execution_end_time": 1716763231.8180234, "task_start_time": 1716763231.8136628, "task_end_time": 1716763231.817424, "input_transform_start_time": 1716763231.8136551, "input_transform_end_time": 1716763231.8136625, "result_transform_start_time": 1716763231.8174243, "result_transform_end_time": 1716763231.8180232}}
{"task_id": "6f97f582-be96-4bbf-80c2-30575b42cdf6", "function_name": "noop_task", "parent_task_ids": [], "submit_time": 1716763231.8209224, "received_time": 1716763231.8265598, "execution": {"hostname": "escience-taps", "execution_start_time": 1716763231.8220875, "execution_end_time": 1716763231.8263397, "task_start_time": 1716763231.8221097, "task_end_time": 1716763231.8258004, "input_transform_start_time": 1716763231.8221006, "input_transform_end_time": 1716763231.8221095, "result_transform_start_time": 1716763231.8258007, "result_transform_end_time": 1716763231.8263395}}
{"task_id": "036287ae-9d79-489e-b886-b998588a19bc", "function_name": "noop_task", "parent_task_ids": [], "submit_time": 1716763231.8295202, "received_time": 1716763231.835275, "execution": {"hostname": "escience-taps", "execution_start_time": 1716763231.8306565, "execution_end_time": 1716763231.8350701, "task_start_time": 1716763231.8306768, "task_end_time": 1716763231.8345003, "input_transform_start_time": 1716763231.8306694, "input_transform_end_time": 1716763231.8306766, "result_transform_start_time": 1716763231.8345003, "result_transform_end_time": 1716763231.8350701}}
{"task_id": "762cb764-4bcd-4d58-a546-be53d5931ddc", "function_name": "noop_task", "parent_task_ids": [], "submit_time": 1716763231.8389745, "received_time": 1716763231.8446553, "execution": {"hostname": "escience-taps", "execution_start_time": 1716763231.8400981, "execution_end_time": 1716763231.844461, "task_start_time": 1716763231.8401165, "task_end_time": 1716763231.8439023, "input_transform_start_time": 1716763231.84011, "input_transform_end_time": 1716763231.8401163, "result_transform_start_time": 1716763231.8439023, "result_transform_end_time": 1716763231.844461}}
{"task_id": "f9e2e3fc-e60e-4c87-bec0-51df238ade66", "function_name": "noop_task", "parent_task_ids": [], "submit_time": 1716763231.847594, "received_time": 1716763231.8534522, "execution": {"hostname": "escience-taps", "execution_start_time": 1716763231.8486872, "execution_end_time": 1716763231.8532264, "task_start_time": 1716763231.8487053, "task_end_time": 1716763231.8526552, "input_transform_start_time": 1716763231.8486986, "input_transform_end_time": 1716763231.848705, "result_transform_start_time": 1716763231.8526552, "result_transform_end_time": 1716763231.8532264}}
