{"task_id": "58e7f315-ee6e-48be-9200-0f9f2174de8e", "function_name": "id", "parent_task_ids": [], "submit_time": 1716758679.7150152, "received_time": 1716758681.3419163, "execution": {"hostname": "escience-taps", "execution_start_time": 1716758681.338389, "execution_end_time": 1716758681.338403, "task_start_time": 1716758681.3383973, "task_end_time": 1716758681.3383977, "input_transform_start_time": 1716758681.3383915, "input_transform_end_time": 1716758681.3383973, "result_transform_start_time": 1716758681.3383977, "result_transform_end_time": 1716758681.3384027}}
{"task_id": "b1d43551-c030-48e0-ad89-9cc2e8f067e8", "function_name": "noop_task", "parent_task_ids": [], "submit_time": 1716758681.3431833, "received_time": 1716758681.357258, "execution": {"hostname": "escience-taps", "execution_start_time": 1716758681.3549364, "execution_end_time": 1716758681.3552487, "task_start_time": 1716758681.3549461, "task_end_time": 1716758681.355241, "input_transform_start_time": 1716758681.3549411, "input_transform_end_time": 1716758681.3549461, "result_transform_start_time": 1716758681.3552413, "result_transform_end_time": 1716758681.3552485}}
{"task_id": "9e4d3488-c6be-4996-ae39-5d9395a40fb0", "function_name": "noop_task", "parent_task_ids": [], "submit_time": 1716758681.3579934, "received_time": 1716758681.3697157, "execution": {"hostname": "escience-taps", "execution_start_time": 1716758681.3679008, "execution_end_time": 1716758681.3682792, "task_start_time": 1716758681.3679156, "task_end_time": 1716758681.3682756, "input_transform_start_time": 1716758681.3679087, "input_transform_end_time": 1716758681.3679156, "result_transform_start_time": 1716758681.368276, "result_transform_end_time": 1716758681.3682792}}
{"task_id": "16a46086-f0df-4a91-8915-49103f57b906", "function_name": "noop_task", "parent_task_ids": [], "submit_time": 1716758681.3703, "received_time": 1716758681.3823304, "execution": {"hostname": "escience-taps", "execution_start_time": 1716758681.3806348, "execution_end_time": 1716758681.3811133, "task_start_time": 1716758681.3806503, "task_end_time": 1716758681.3811097, "input_transform_start_time": 1716758681.3806424, "input_transform_end_time": 1716758681.38065, "result_transform_start_time": 1716758681.38111, "result_transform_end_time": 1716758681.3811133}}
{"task_id": "461efaa5-6e23-4f06-9257-9353ac7b264d", "function_name": "noop_task", "parent_task_ids": [], "submit_time": 1716758681.3828948, "received_time": 1716758681.3952382, "execution": {"hostname": "escience-taps", "execution_start_time": 1716758681.3935215, "execution_end_time": 1716758681.3939927, "task_start_time": 1716758681.3935337, "task_end_time": 1716758681.3939857, "input_transform_start_time": 1716758681.3935277, "input_transform_end_time": 1716758681.3935337, "result_transform_start_time": 1716758681.393986, "result_transform_end_time": 1716758681.3939927}}
{"task_id": "16bf3349-de3d-43c1-867c-95870d8c1deb", "function_name": "noop_task", "parent_task_ids": [], "submit_time": 1716758681.3958933, "received_time": 1716758681.4075556, "execution": {"hostname": "escience-taps", "execution_start_time": 1716758681.4062226, "execution_end_time": 1716758681.406515, "task_start_time": 1716758681.406235, "task_end_time": 1716758681.4065113, "input_transform_start_time": 1716758681.4062293, "input_transform_end_time": 1716758681.406235, "result_transform_start_time": 1716758681.4065115, "result_transform_end_time": 1716758681.4065146}}
{"task_id": "5d628048-dc98-4613-844f-d5ed63a991b7", "function_name": "noop_task", "parent_task_ids": [], "submit_time": 1716758681.4081454, "received_time": 1716758681.4207141, "execution": {"hostname": "escience-taps", "execution_start_time": 1716758681.4186928, "execution_end_time": 1716758681.4191208, "task_start_time": 1716758681.4187033, "task_end_time": 1716758681.4191146, "input_transform_start_time": 1716758681.4186983, "input_transform_end_time": 1716758681.418703, "result_transform_start_time": 1716758681.4191148, "result_transform_end_time": 1716758681.4191206}}
{"task_id": "d24d97a3-b305-42bf-b3eb-5aad8c904ada", "function_name": "noop_task", "parent_task_ids": [], "submit_time": 1716758681.4215024, "received_time": 1716758681.4336796, "execution": {"hostname": "escience-taps", "execution_start_time": 1716758681.431644, "execution_end_time": 1716758681.4321175, "task_start_time": 1716758681.4316578, "task_end_time": 1716758681.4321086, "input_transform_start_time": 1716758681.4316502, "input_transform_end_time": 1716758681.4316576, "result_transform_start_time": 1716758681.432109, "result_transform_end_time": 1716758681.4321172}}
{"task_id": "9ae8df29-07d1-4303-b4fa-b1fd236fe252", "function_name": "noop_task", "parent_task_ids": [], "submit_time": 1716758681.4344184, "received_time": 1716758681.4467893, "execution": {"hostname": "escience-taps", "execution_start_time": 1716758681.44445, "execution_end_time": 1716758681.4450188, "task_start_time": 1716758681.4444625, "task_end_time": 1716758681.4450107, "input_transform_start_time": 1716758681.444456, "input_transform_end_time": 1716758681.4444625, "result_transform_start_time": 1716758681.445011, "result_transform_end_time": 1716758681.4450185}}
{"task_id": "c3c4a815-7280-4e9b-b918-b845bdbe846b", "function_name": "noop_task", "parent_task_ids": [], "submit_time": 1716758681.4475038, "received_time": 1716758681.459818, "execution": {"hostname": "escience-taps", "execution_start_time": 1716758681.457533, "execution_end_time": 1716758681.4580815, "task_start_time": 1716758681.4575455, "task_end_time": 1716758681.458074, "input_transform_start_time": 1716758681.4575393, "input_transform_end_time": 1716758681.4575455, "result_transform_start_time": 1716758681.4580746, "result_transform_end_time": 1716758681.4580812}}
{"task_id": "d543c908-d411-4227-94eb-da1e418e5b8c", "function_name": "noop_task", "parent_task_ids": [], "submit_time": 1716758681.460528, "received_time": 1716758681.4730458, "execution": {"hostname": "escience-taps", "execution_start_time": 1716758681.47067, "execution_end_time": 1716758681.4712195, "task_start_time": 1716758681.470684, "task_end_time": 1716758681.4712114, "input_transform_start_time": 1716758681.4706764, "input_transform_end_time": 1716758681.4706838, "result_transform_start_time": 1716758681.4712117, "result_transform_end_time": 1716758681.4712193}}
