{"task_id": "1ee16ca9-a652-48e9-8ea0-607069f7bcc8", "function_name": "id", "parent_task_ids": [], "submit_time": 1716758510.3701863, "received_time": 1716758510.3783782, "execution": {"hostname": "escience-taps", "execution_start_time": 1716758510.3775518, "execution_end_time": 1716758510.3776321, "task_start_time": 1716758510.377607, "task_end_time": 1716758510.3776083, "input_transform_start_time": 1716758510.3775697, "input_transform_end_time": 1716758510.377604, "result_transform_start_time": 1716758510.3776085, "result_transform_end_time": 1716758510.3776321}}
{"task_id": "89dbcc8f-762f-4414-b77b-90a2b0de2b3b", "function_name": "noop_task", "parent_task_ids": [], "submit_time": 1716758510.3821352, "received_time": 1716758510.3902268, "execution": {"hostname": "escience-taps", "execution_start_time": 1716758510.3848577, "execution_end_time": 1716758510.3899937, "task_start_time": 1716758510.3848875, "task_end_time": 1716758510.3888075, "input_transform_start_time": 1716758510.3848798, "input_transform_end_time": 1716758510.3848872, "result_transform_start_time": 1716758510.3888078, "result_transform_end_time": 1716758510.3899934}}
{"task_id": "e8333b88-8614-4d9e-aed6-fd66aaf56bc2", "function_name": "noop_task", "parent_task_ids": [], "submit_time": 1716758510.393319, "received_time": 1716758510.398403, "execution": {"hostname": "escience-taps", "execution_start_time": 1716758510.3946123, "execution_end_time": 1716758510.3982072, "task_start_time": 1716758510.3946242, "task_end_time": 1716758510.397311, "input_transform_start_time": 1716758510.3946202, "input_transform_end_time": 1716758510.3946242, "result_transform_start_time": 1716758510.3973112, "result_transform_end_time": 1716758510.3982072}}
{"task_id": "28f1e568-b6b6-4330-a0f7-993796ed3b96", "function_name": "noop_task", "parent_task_ids": [], "submit_time": 1716758510.401391, "received_time": 1716758510.4063587, "execution": {"hostname": "escience-taps", "execution_start_time": 1716758510.4026845, "execution_end_time": 1716758510.406181, "task_start_time": 1716758510.4027, "task_end_time": 1716758510.4052632, "input_transform_start_time": 1716758510.4026918, "input_transform_end_time": 1716758510.4026997, "result_transform_start_time": 1716758510.4052634, "result_transform_end_time": 1716758510.4061809}}
{"task_id": "8d9ac687-16c1-4498-a11c-0a120ed452e7", "function_name": "noop_task", "parent_task_ids": [], "submit_time": 1716758510.4093387, "received_time": 1716758510.414266, "execution": {"hostname": "escience-taps", "execution_start_time": 1716758510.4105651, "execution_end_time": 1716758510.4140918, "task_start_time": 1716758510.410576, "task_end_time": 1716758510.4132223, "input_transform_start_time": 1716758510.4105716, "input_transform_end_time": 1716758510.4105759, "result_transform_start_time": 1716758510.4132226, "result_transform_end_time": 1716758510.4140918}}
{"task_id": "c56142f8-f3c1-4b96-b643-5f8242f4b2a2", "function_name": "noop_task", "parent_task_ids": [], "submit_time": 1716758510.4172194, "received_time": 1716758510.4220843, "execution": {"hostname": "escience-taps", "execution_start_time": 1716758510.4184399, "execution_end_time": 1716758510.421929, "task_start_time": 1716758510.4184504, "task_end_time": 1716758510.4211304, "input_transform_start_time": 1716758510.418446, "input_transform_end_time": 1716758510.4184504, "result_transform_start_time": 1716758510.4211307, "result_transform_end_time": 1716758510.4219286}}
{"task_id": "e95c4813-d883-494a-9d9e-69f125fd84ae", "function_name": "noop_task", "parent_task_ids": [], "submit_time": 1716758510.4252648, "received_time": 1716758510.4322996, "execution": {"hostname": "escience-taps", "execution_start_time": 1716758510.4285772, "execution_end_time": 1716758510.4320917, "task_start_time": 1716758510.42859, "task_end_time": 1716758510.4312954, "input_transform_start_time": 1716758510.428585, "input_transform_end_time": 1716758510.4285898, "result_transform_start_time": 1716758510.4312956, "result_transform_end_time": 1716758510.4320917}}
{"task_id": "edfe3e48-094e-4a4b-8fef-7a4c8f762583", "function_name": "noop_task", "parent_task_ids": [], "submit_time": 1716758510.4350004, "received_time": 1716758510.4405034, "execution": {"hostname": "escience-taps", "execution_start_time": 1716758510.4368436, "execution_end_time": 1716758510.440292, "task_start_time": 1716758510.436857, "task_end_time": 1716758510.439483, "input_transform_start_time": 1716758510.4368513, "input_transform_end_time": 1716758510.4368567, "result_transform_start_time": 1716758510.4394832, "result_transform_end_time": 1716758510.440292}}
{"task_id": "4ab84874-c48b-44a6-922a-e237639cc1d3", "function_name": "noop_task", "parent_task_ids": [], "submit_time": 1716758510.4431055, "received_time": 1716758510.4481695, "execution": {"hostname": "escience-taps", "execution_start_time": 1716758510.444315, "execution_end_time": 1716758510.4479783, "task_start_time": 1716758510.4443414, "task_end_time": 1716758510.4471009, "input_transform_start_time": 1716758510.4443345, "input_transform_end_time": 1716758510.4443414, "result_transform_start_time": 1716758510.4471009, "result_transform_end_time": 1716758510.4479783}}
{"task_id": "836f160d-dae1-4d48-b262-df8c9076e233", "function_name": "noop_task", "parent_task_ids": [], "submit_time": 1716758510.451262, "received_time": 1716758510.4563103, "execution": {"hostname": "escience-taps", "execution_start_time": 1716758510.45247, "execution_end_time": 1716758510.456118, "task_start_time": 1716758510.4524813, "task_end_time": 1716758510.4552855, "input_transform_start_time": 1716758510.452477, "input_transform_end_time": 1716758510.4524813, "result_transform_start_time": 1716758510.4552858, "result_transform_end_time": 1716758510.456118}}
{"task_id": "9c2182b0-cea4-40d2-a09b-ca9a734fcdce", "function_name": "noop_task", "parent_task_ids": [], "submit_time": 1716758510.4592485, "received_time": 1716758510.4645464, "execution": {"hostname": "escience-taps", "execution_start_time": 1716758510.4605281, "execution_end_time": 1716758510.464346, "task_start_time": 1716758510.4605405, "task_end_time": 1716758510.4635205, "input_transform_start_time": 1716758510.4605358, "input_transform_end_time": 1716758510.46054, "result_transform_start_time": 1716758510.4635208, "result_transform_end_time": 1716758510.464346}}
