{"task_id": "0d218ead-edce-4105-9068-8bed194c5532", "function_name": "id", "parent_task_ids": [], "submit_time": 1716758804.9670265, "received_time": 1716758806.6055577, "execution": {"hostname": "escience-taps", "execution_start_time": 1716758806.6027968, "execution_end_time": 1716758806.6028135, "task_start_time": 1716758806.6028075, "task_end_time": 1716758806.6028082, "input_transform_start_time": 1716758806.6027994, "input_transform_end_time": 1716758806.6028075, "result_transform_start_time": 1716758806.6028082, "result_transform_end_time": 1716758806.6028135}}
{"task_id": "0f66107e-7139-4191-b344-49883205ed2a", "function_name": "noop_task", "parent_task_ids": [], "submit_time": 1716758806.606291, "received_time": 1716758806.6219018, "execution": {"hostname": "escience-taps", "execution_start_time": 1716758806.6193402, "execution_end_time": 1716758806.620716, "task_start_time": 1716758806.6193593, "task_end_time": 1716758806.6204753, "input_transform_start_time": 1716758806.6193511, "input_transform_end_time": 1716758806.6193593, "result_transform_start_time": 1716758806.620476, "result_transform_end_time": 1716758806.6207159}}
{"task_id": "d405ed24-f3a4-4b30-8409-bb12f365c24a", "function_name": "noop_task", "parent_task_ids": [], "submit_time": 1716758806.6223426, "received_time": 1716758806.6344929, "execution": {"hostname": "escience-taps", "execution_start_time": 1716758806.6326764, "execution_end_time": 1716758806.6334772, "task_start_time": 1716758806.6326902, "task_end_time": 1716758806.6331303, "input_transform_start_time": 1716758806.6326842, "input_transform_end_time": 1716758806.63269, "result_transform_start_time": 1716758806.6331308, "result_transform_end_time": 1716758806.633477}}
{"task_id": "96220397-9a58-4dca-8cba-308caa5a91c9", "function_name": "noop_task", "parent_task_ids": [], "submit_time": 1716758806.6348984, "received_time": 1716758806.6474266, "execution": {"hostname": "escience-taps", "execution_start_time": 1716758806.6454475, "execution_end_time": 1716758806.6462252, "task_start_time": 1716758806.6454742, "task_end_time": 1716758806.6460428, "input_transform_start_time": 1716758806.645461, "input_transform_end_time": 1716758806.645474, "result_transform_start_time": 1716758806.6460428, "result_transform_end_time": 1716758806.646225}}
{"task_id": "97f838f8-c7f6-4dd8-bab0-58b8638b3d9f", "function_name": "noop_task", "parent_task_ids": [], "submit_time": 1716758806.647829, "received_time": 1716758806.659544, "execution": {"hostname": "escience-taps", "execution_start_time": 1716758806.6579843, "execution_end_time": 1716758806.6584077, "task_start_time": 1716758806.657996, "task_end_time": 1716758806.6582608, "input_transform_start_time": 1716758806.6579907, "input_transform_end_time": 1716758806.657996, "result_transform_start_time": 1716758806.6582608, "result_transform_end_time": 1716758806.6584077}}
{"task_id": "f662eb77-0a23-44a8-b0a7-533b37891f6d", "function_name": "noop_task", "parent_task_ids": [], "submit_time": 1716758806.6599398, "received_time": 1716758806.6725097, "execution": {"hostname": "escience-taps", "execution_start_time": 1716758806.6704307, "execution_end_time": 1716758806.6711812, "task_start_time": 1716758806.6704526, "task_end_time": 1716758806.6708896, "input_transform_start_time": 1716758806.6704426, "input_transform_end_time": 1716758806.6704526, "result_transform_start_time": 1716758806.67089, "result_transform_end_time": 1716758806.671181}}
{"task_id": "a65879ac-ffe3-42ac-a357-a868b4b370dc", "function_name": "noop_task", "parent_task_ids": [], "submit_time": 1716758806.6729105, "received_time": 1716758806.6851645, "execution": {"hostname": "escience-taps", "execution_start_time": 1716758806.683289, "execution_end_time": 1716758806.6838565, "task_start_time": 1716758806.6833105, "task_end_time": 1716758806.6836393, "input_transform_start_time": 1716758806.6833005, "input_transform_end_time": 1716758806.6833103, "result_transform_start_time": 1716758806.6836395, "result_transform_end_time": 1716758806.683856}}
{"task_id": "a27031cc-831d-4b63-b6ca-de9bbed8ccba", "function_name": "noop_task", "parent_task_ids": [], "submit_time": 1716758806.6855724, "received_time": 1716758806.6982114, "execution": {"hostname": "escience-taps", "execution_start_time": 1716758806.6960514, "execution_end_time": 1716758806.6967256, "task_start_time": 1716758806.6960783, "task_end_time": 1716758806.6964674, "input_transform_start_time": 1716758806.696066, "input_transform_end_time": 1716758806.696078, "result_transform_start_time": 1716758806.6964679, "result_transform_end_time": 1716758806.6967251}}
{"task_id": "f5c11aed-2df7-4959-903a-43918e1c7d07", "function_name": "noop_task", "parent_task_ids": [], "submit_time": 1716758806.698603, "received_time": 1716758806.7109408, "execution": {"hostname": "escience-taps", "execution_start_time": 1716758806.708975, "execution_end_time": 1716758806.7096095, "task_start_time": 1716758806.7089963, "task_end_time": 1716758806.7093635, "input_transform_start_time": 1716758806.7089872, "input_transform_end_time": 1716758806.7089963, "result_transform_start_time": 1716758806.7093637, "result_transform_end_time": 1716758806.7096093}}
{"task_id": "0e196ba6-1e42-4771-80d5-a24c1fe705c7", "function_name": "noop_task", "parent_task_ids": [], "submit_time": 1716758806.7113273, "received_time": 1716758806.7236643, "execution": {"hostname": "escience-taps", "execution_start_time": 1716758806.7217164, "execution_end_time": 1716758806.7223864, "task_start_time": 1716758806.721739, "task_end_time": 1716758806.7221446, "input_transform_start_time": 1716758806.721729, "input_transform_end_time": 1716758806.7217388, "result_transform_start_time": 1716758806.722145, "result_transform_end_time": 1716758806.7223861}}
{"task_id": "8fe531d7-04e7-4dc7-ac15-a91193693864", "function_name": "noop_task", "parent_task_ids": [], "submit_time": 1716758806.7245626, "received_time": 1716758806.7365875, "execution": {"hostname": "escience-taps", "execution_start_time": 1716758806.734471, "execution_end_time": 1716758806.7350442, "task_start_time": 1716758806.7344937, "task_end_time": 1716758806.7348313, "input_transform_start_time": 1716758806.7344837, "input_transform_end_time": 1716758806.7344935, "result_transform_start_time": 1716758806.7348316, "result_transform_end_time": 1716758806.7350442}}
