{"task_id": "73c75afc-2838-45e1-a339-2d11f6188bd6", "function_name": "id", "parent_task_ids": [], "submit_time": 1716761236.9345794, "received_time": 1716761238.7604609, "execution": {"hostname": "escience-taps", "execution_start_time": 1716761237.6377475, "execution_end_time": 1716761237.6377747, "task_start_time": 1716761237.6377647, "task_end_time": 1716761237.6377652, "input_transform_start_time": 1716761237.637756, "input_transform_end_time": 1716761237.6377647, "result_transform_start_time": 1716761237.6377652, "result_transform_end_time": 1716761237.6377742}}
{"task_id": "6cb5c50f-dadf-4e0f-8ce3-06d5b6390c3a", "function_name": "noop_task", "parent_task_ids": [], "submit_time": 1716761238.7620142, "received_time": 1716761240.7646852, "execution": {"hostname": "escience-taps", "execution_start_time": 1716761240.0497963, "execution_end_time": 1716761240.0524101, "task_start_time": 1716761240.0498073, "task_end_time": 1716761240.0519443, "input_transform_start_time": 1716761240.0498023, "input_transform_end_time": 1716761240.049807, "result_transform_start_time": 1716761240.0519445, "result_transform_end_time": 1716761240.05241}}
{"task_id": "4d6dd635-2464-4168-857e-fb7711f90bfd", "function_name": "noop_task", "parent_task_ids": [], "submit_time": 1716761240.7659667, "received_time": 1716761242.2679455, "execution": {"hostname": "escience-taps", "execution_start_time": 1716761241.510416, "execution_end_time": 1716761241.5127966, "task_start_time": 1716761241.5104272, "task_end_time": 1716761241.512462, "input_transform_start_time": 1716761241.510422, "input_transform_end_time": 1716761241.510427, "result_transform_start_time": 1716761241.5124624, "result_transform_end_time": 1716761241.5127964}}
{"task_id": "31696f4f-8455-48ff-a159-63330dbd9470", "function_name": "noop_task", "parent_task_ids": [], "submit_time": 1716761242.2694674, "received_time": 1716761242.769918, "execution": {"hostname": "escience-taps", "execution_start_time": 1716761242.3788958, "execution_end_time": 1716761242.3805048, "task_start_time": 1716761242.3789198, "task_end_time": 1716761242.3798823, "input_transform_start_time": 1716761242.3789108, "input_transform_end_time": 1716761242.3789196, "result_transform_start_time": 1716761242.3798828, "result_transform_end_time": 1716761242.3805044}}
{"task_id": "bf34750f-705d-46f5-8a3c-15b209b082c1", "function_name": "noop_task", "parent_task_ids": [], "submit_time": 1716761242.7713888, "received_time": 1716761243.2714124, "execution": {"hostname": "escience-taps", "execution_start_time": 1716761242.8821387, "execution_end_time": 1716761242.8851366, "task_start_time": 1716761242.8822136, "task_end_time": 1716761242.8844566, "input_transform_start_time": 1716761242.8821874, "input_transform_end_time": 1716761242.8822134, "result_transform_start_time": 1716761242.8844585, "result_transform_end_time": 1716761242.8851364}}
{"task_id": "edb87c91-c57b-41b4-bc6f-7bb0ef11fd73", "function_name": "noop_task", "parent_task_ids": [], "submit_time": 1716761243.2729154, "received_time": 1716761243.7725816, "execution": {"hostname": "escience-taps", "execution_start_time": 1716761243.386778, "execution_end_time": 1716761243.3888159, "task_start_time": 1716761243.3868153, "task_end_time": 1716761243.3881621, "input_transform_start_time": 1716761243.386799, "input_transform_end_time": 1716761243.386815, "result_transform_start_time": 1716761243.3881629, "result_transform_end_time": 1716761243.3888156}}
{"task_id": "60e9a6dd-59e8-448e-bce6-3fcba53a71ba", "function_name": "noop_task", "parent_task_ids": [], "submit_time": 1716761243.7740622, "received_time": 1716761244.2741132, "execution": {"hostname": "escience-taps", "execution_start_time": 1716761243.8773417, "execution_end_time": 1716761243.879274, "task_start_time": 1716761243.8773646, "task_end_time": 1716761243.878638, "input_transform_start_time": 1716761243.8773556, "input_transform_end_time": 1716761243.8773646, "result_transform_start_time": 1716761243.8786387, "result_transform_end_time": 1716761243.8792737}}
{"task_id": "3ffac5b4-2660-47be-b993-b2aeb541066b", "function_name": "noop_task", "parent_task_ids": [], "submit_time": 1716761244.275485, "received_time": 1716761244.7758377, "execution": {"hostname": "escience-taps", "execution_start_time": 1716761244.3937843, "execution_end_time": 1716761244.3966646, "task_start_time": 1716761244.3938138, "task_end_time": 1716761244.3963015, "input_transform_start_time": 1716761244.393801, "input_transform_end_time": 1716761244.3938136, "result_transform_start_time": 1716761244.3963017, "result_transform_end_time": 1716761244.3966644}}
{"task_id": "222d1df3-66a5-45e9-b645-bc3b5e78e3b1", "function_name": "noop_task", "parent_task_ids": [], "submit_time": 1716761244.777291, "received_time": 1716761245.27673, "execution": {"hostname": "escience-taps", "execution_start_time": 1716761244.8953767, "execution_end_time": 1716761244.8973432, "task_start_time": 1716761244.8954175, "task_end_time": 1716761244.8967578, "input_transform_start_time": 1716761244.8954015, "input_transform_end_time": 1716761244.895417, "result_transform_start_time": 1716761244.8967586, "result_transform_end_time": 1716761244.897343}}
{"task_id": "dfc770e5-cb12-46bc-945e-d7cfb2e2fedc", "function_name": "noop_task", "parent_task_ids": [], "submit_time": 1716761245.2781672, "received_time": 1716761245.7777033, "execution": {"hostname": "escience-taps", "execution_start_time": 1716761245.3886118, "execution_end_time": 1716761245.3920982, "task_start_time": 1716761245.3888505, "task_end_time": 1716761245.391251, "input_transform_start_time": 1716761245.3887634, "input_transform_end_time": 1716761245.3888502, "result_transform_start_time": 1716761245.3912518, "result_transform_end_time": 1716761245.392098}}
{"task_id": "e528e258-21f6-4014-a97a-4af0bfeffea6", "function_name": "noop_task", "parent_task_ids": [], "submit_time": 1716761245.778634, "received_time": 1716761246.2793567, "execution": {"hostname": "escience-taps", "execution_start_time": 1716761245.884492, "execution_end_time": 1716761245.8863685, "task_start_time": 1716761245.8845222, "task_end_time": 1716761245.8857648, "input_transform_start_time": 1716761245.8845103, "input_transform_end_time": 1716761245.884522, "result_transform_start_time": 1716761245.8857653, "result_transform_end_time": 1716761245.8863683}}
