{"task_id": "307dd2ca-0af0-42e6-bc5b-3084a1887d7e", "function_name": "id", "parent_task_ids": [], "submit_time": 1716759322.1510723, "received_time": 1716759322.802807, "execution": {"hostname": "escience-taps", "execution_start_time": 1716759322.7986434, "execution_end_time": 1716759322.7986531, "task_start_time": 1716759322.7986493, "task_end_time": 1716759322.7986498, "input_transform_start_time": 1716759322.7986462, "input_transform_end_time": 1716759322.798649, "result_transform_start_time": 1716759322.7986498, "result_transform_end_time": 1716759322.7986531}}
{"task_id": "8ae5fc11-59fc-4651-b4a1-309f20fef2b8", "function_name": "noop_task", "parent_task_ids": [], "submit_time": 1716759322.8086967, "received_time": 1716759322.8227723, "execution": {"hostname": "escience-taps", "execution_start_time": 1716759322.8181531, "execution_end_time": 1716759322.8208342, "task_start_time": 1716759322.818161, "task_end_time": 1716759322.8208292, "input_transform_start_time": 1716759322.8181572, "input_transform_end_time": 1716759322.818161, "result_transform_start_time": 1716759322.8208294, "result_transform_end_time": 1716759322.8208342}}
{"task_id": "6e8736e2-cb1d-4af9-b826-a2d53193788d", "function_name": "noop_task", "parent_task_ids": [], "submit_time": 1716759322.8264356, "received_time": 1716759322.8343666, "execution": {"hostname": "escience-taps", "execution_start_time": 1716759322.8300767, "execution_end_time": 1716759322.8326404, "task_start_time": 1716759322.8300848, "task_end_time": 1716759322.8326366, "input_transform_start_time": 1716759322.8300807, "input_transform_end_time": 1716759322.8300848, "result_transform_start_time": 1716759322.8326368, "result_transform_end_time": 1716759322.8326404}}
{"task_id": "26129f17-b178-4b38-8f8e-12ff760dd2c3", "function_name": "noop_task", "parent_task_ids": [], "submit_time": 1716759322.8378923, "received_time": 1716759322.8454769, "execution": {"hostname": "escience-taps", "execution_start_time": 1716759322.8409288, "execution_end_time": 1716759322.8437235, "task_start_time": 1716759322.8409374, "task_end_time": 1716759322.8437195, "input_transform_start_time": 1716759322.8409328, "input_transform_end_time": 1716759322.8409374, "result_transform_start_time": 1716759322.8437197, "result_transform_end_time": 1716759322.8437235}}
{"task_id": "a5e5e7eb-6698-4e31-b179-bee5b6d541b8", "function_name": "noop_task", "parent_task_ids": [], "submit_time": 1716759322.8494108, "received_time": 1716759322.8566022, "execution": {"hostname": "escience-taps", "execution_start_time": 1716759322.852347, "execution_end_time": 1716759322.8551211, "task_start_time": 1716759322.8523538, "task_end_time": 1716759322.8551173, "input_transform_start_time": 1716759322.8523502, "input_transform_end_time": 1716759322.8523536, "result_transform_start_time": 1716759322.8551176, "result_transform_end_time": 1716759322.8551211}}
{"task_id": "798d0558-3f4f-452f-b31f-b954c6fd6522", "function_name": "noop_task", "parent_task_ids": [], "submit_time": 1716759322.8603213, "received_time": 1716759322.8671963, "execution": {"hostname": "escience-taps", "execution_start_time": 1716759322.8629808, "execution_end_time": 1716759322.8657334, "task_start_time": 1716759322.8629875, "task_end_time": 1716759322.8657296, "input_transform_start_time": 1716759322.862984, "input_transform_end_time": 1716759322.8629875, "result_transform_start_time": 1716759322.8657296, "result_transform_end_time": 1716759322.8657331}}
{"task_id": "c1116241-52df-4f6f-9671-85c5d8325034", "function_name": "noop_task", "parent_task_ids": [], "submit_time": 1716759322.8708134, "received_time": 1716759322.8781195, "execution": {"hostname": "escience-taps", "execution_start_time": 1716759322.8739603, "execution_end_time": 1716759322.8766732, "task_start_time": 1716759322.8739667, "task_end_time": 1716759322.8766692, "input_transform_start_time": 1716759322.8739634, "input_transform_end_time": 1716759322.8739662, "result_transform_start_time": 1716759322.8766694, "result_transform_end_time": 1716759322.876673}}
{"task_id": "6d69b6ad-7048-4b8e-af2f-ebebf730cf9a", "function_name": "noop_task", "parent_task_ids": [], "submit_time": 1716759322.8815665, "received_time": 1716759322.8883324, "execution": {"hostname": "escience-taps", "execution_start_time": 1716759322.884172, "execution_end_time": 1716759322.8868968, "task_start_time": 1716759322.88418, "task_end_time": 1716759322.886892, "input_transform_start_time": 1716759322.8841753, "input_transform_end_time": 1716759322.88418, "result_transform_start_time": 1716759322.886892, "result_transform_end_time": 1716759322.8868968}}
{"task_id": "ed3de5b6-6a30-48db-85fa-cd2d03827c9c", "function_name": "noop_task", "parent_task_ids": [], "submit_time": 1716759322.891795, "received_time": 1716759322.8987768, "execution": {"hostname": "escience-taps", "execution_start_time": 1716759322.894552, "execution_end_time": 1716759322.897304, "task_start_time": 1716759322.8945584, "task_end_time": 1716759322.8973005, "input_transform_start_time": 1716759322.894555, "input_transform_end_time": 1716759322.8945584, "result_transform_start_time": 1716759322.8973005, "result_transform_end_time": 1716759322.897304}}
{"task_id": "dbd422ba-c06b-4222-8ea7-cf9462c9aed9", "function_name": "noop_task", "parent_task_ids": [], "submit_time": 1716759322.9022245, "received_time": 1716759322.9091747, "execution": {"hostname": "escience-taps", "execution_start_time": 1716759322.9050431, "execution_end_time": 1716759322.907777, "task_start_time": 1716759322.9050498, "task_end_time": 1716759322.907774, "input_transform_start_time": 1716759322.9050465, "input_transform_end_time": 1716759322.9050496, "result_transform_start_time": 1716759322.907774, "result_transform_end_time": 1716759322.907777}}
{"task_id": "bebdfb50-c4f4-4f06-9db6-34f3c10609fa", "function_name": "noop_task", "parent_task_ids": [], "submit_time": 1716759322.9129543, "received_time": 1716759322.9202986, "execution": {"hostname": "escience-taps", "execution_start_time": 1716759322.9158719, "execution_end_time": 1716759322.9185894, "task_start_time": 1716759322.9158778, "task_end_time": 1716759322.918586, "input_transform_start_time": 1716759322.9158745, "input_transform_end_time": 1716759322.9158778, "result_transform_start_time": 1716759322.9185863, "result_transform_end_time": 1716759322.918589}}
