{"task_id": "2f4e65d7-23da-409f-b0fb-50cd861fb38d", "function_name": "id", "parent_task_ids": [], "submit_time": 1716761199.7432125, "received_time": 1716761201.1536033, "execution": {"hostname": "escience-taps", "execution_start_time": 1716761200.6577995, "execution_end_time": 1716761200.6578093, "task_start_time": 1716761200.6578047, "task_end_time": 1716761200.6578057, "input_transform_start_time": 1716761200.6578016, "input_transform_end_time": 1716761200.6578047, "result_transform_start_time": 1716761200.6578057, "result_transform_end_time": 1716761200.6578093}}
{"task_id": "0b832548-5868-402a-9f2d-290cec1a199b", "function_name": "noop_task", "parent_task_ids": [], "submit_time": 1716761201.1547837, "received_time": 1716761202.656594, "execution": {"hostname": "escience-taps", "execution_start_time": 1716761202.3143847, "execution_end_time": 1716761202.3162959, "task_start_time": 1716761202.3143954, "task_end_time": 1716761202.3159304, "input_transform_start_time": 1716761202.3143904, "input_transform_end_time": 1716761202.3143954, "result_transform_start_time": 1716761202.3159308, "result_transform_end_time": 1716761202.3162959}}
{"task_id": "44fb8af5-1f54-4731-ab10-ea37c4ab2829", "function_name": "noop_task", "parent_task_ids": [], "submit_time": 1716761202.6575696, "received_time": 1716761204.159466, "execution": {"hostname": "escience-taps", "execution_start_time": 1716761203.362111, "execution_end_time": 1716761203.364103, "task_start_time": 1716761203.3621223, "task_end_time": 1716761203.3637486, "input_transform_start_time": 1716761203.3621175, "input_transform_end_time": 1716761203.3621223, "result_transform_start_time": 1716761203.363749, "result_transform_end_time": 1716761203.3641028}}
{"task_id": "cb17d8fb-4d4f-43f4-8a96-52a1d32630b1", "function_name": "noop_task", "parent_task_ids": [], "submit_time": 1716761204.1603405, "received_time": 1716761205.6628747, "execution": {"hostname": "escience-taps", "execution_start_time": 1716761204.8540142, "execution_end_time": 1716761204.8557053, "task_start_time": 1716761204.854025, "task_end_time": 1716761204.8554668, "input_transform_start_time": 1716761204.8540204, "input_transform_end_time": 1716761204.854025, "result_transform_start_time": 1716761204.8554668, "result_transform_end_time": 1716761204.8557053}}
{"task_id": "604ebab7-1c4f-4e4f-a310-7b212ef35e69", "function_name": "noop_task", "parent_task_ids": [], "submit_time": 1716761205.6637783, "received_time": 1716761207.16526, "execution": {"hostname": "escience-taps", "execution_start_time": 1716761206.3722243, "execution_end_time": 1716761206.374163, "task_start_time": 1716761206.3722353, "task_end_time": 1716761206.3737974, "input_transform_start_time": 1716761206.3722303, "input_transform_end_time": 1716761206.3722353, "result_transform_start_time": 1716761206.373798, "result_transform_end_time": 1716761206.374163}}
{"task_id": "4af543bb-cfae-438d-b98b-9d805dd59114", "function_name": "noop_task", "parent_task_ids": [], "submit_time": 1716761207.1661487, "received_time": 1716761208.6683936, "execution": {"hostname": "escience-taps", "execution_start_time": 1716761207.8771145, "execution_end_time": 1716761207.8789947, "task_start_time": 1716761207.8771257, "task_end_time": 1716761207.8786569, "input_transform_start_time": 1716761207.8771205, "input_transform_end_time": 1716761207.8771253, "result_transform_start_time": 1716761207.878657, "result_transform_end_time": 1716761207.8789947}}
{"task_id": "afb1f87a-c884-4f21-bdc3-24ef6e69c6f9", "function_name": "noop_task", "parent_task_ids": [], "submit_time": 1716761208.6689222, "received_time": 1716761210.1716247, "execution": {"hostname": "escience-taps", "execution_start_time": 1716761209.3724108, "execution_end_time": 1716761209.3742247, "task_start_time": 1716761209.372422, "task_end_time": 1716761209.3739681, "input_transform_start_time": 1716761209.372417, "input_transform_end_time": 1716761209.372422, "result_transform_start_time": 1716761209.3739686, "result_transform_end_time": 1716761209.3742244}}
{"task_id": "243e6a13-1457-4820-9ec2-a2ce76b05319", "function_name": "noop_task", "parent_task_ids": [], "submit_time": 1716761210.172374, "received_time": 1716761211.6751158, "execution": {"hostname": "escience-taps", "execution_start_time": 1716761210.8969052, "execution_end_time": 1716761210.898808, "task_start_time": 1716761210.8969162, "task_end_time": 1716761210.898529, "input_transform_start_time": 1716761210.8969114, "input_transform_end_time": 1716761210.896916, "result_transform_start_time": 1716761210.8985298, "result_transform_end_time": 1716761210.898808}}
{"task_id": "2457fcf1-6d76-4093-880a-73bfe2ce9b3c", "function_name": "noop_task", "parent_task_ids": [], "submit_time": 1716761211.6757789, "received_time": 1716761213.1776993, "execution": {"hostname": "escience-taps", "execution_start_time": 1716761212.3775692, "execution_end_time": 1716761212.3795335, "task_start_time": 1716761212.3775804, "task_end_time": 1716761212.379218, "input_transform_start_time": 1716761212.3775754, "input_transform_end_time": 1716761212.37758, "result_transform_start_time": 1716761212.3792186, "result_transform_end_time": 1716761212.3795333}}
{"task_id": "08c48a7a-91ea-40e0-b724-fe1d7aadedc0", "function_name": "noop_task", "parent_task_ids": [], "submit_time": 1716761213.1784391, "received_time": 1716761213.6784637, "execution": {"hostname": "escience-taps", "execution_start_time": 1716761213.2861178, "execution_end_time": 1716761213.28708, "task_start_time": 1716761213.2861512, "task_end_time": 1716761213.2867668, "input_transform_start_time": 1716761213.2861402, "input_transform_end_time": 1716761213.2861512, "result_transform_start_time": 1716761213.286767, "result_transform_end_time": 1716761213.2870796}}
{"task_id": "19e8631e-e68a-42e1-ac6a-1cd73341ef93", "function_name": "noop_task", "parent_task_ids": [], "submit_time": 1716761213.6791344, "received_time": 1716761214.1793418, "execution": {"hostname": "escience-taps", "execution_start_time": 1716761213.7854784, "execution_end_time": 1716761213.786477, "task_start_time": 1716761213.7855031, "task_end_time": 1716761213.7860286, "input_transform_start_time": 1716761213.785494, "input_transform_end_time": 1716761213.785503, "result_transform_start_time": 1716761213.786029, "result_transform_end_time": 1716761213.7864769}}
