{"task_id": "0fe6ce20-6e81-4227-8777-cd8fd15cdacc", "function_name": "id", "parent_task_ids": [], "submit_time": 1716761249.4960122, "received_time": 1716761250.9332218, "execution": {"hostname": "escience-taps", "execution_start_time": 1716761249.8228242, "execution_end_time": 1716761249.8228524, "task_start_time": 1716761249.8228402, "task_end_time": 1716761249.8228414, "input_transform_start_time": 1716761249.8228323, "input_transform_end_time": 1716761249.82284, "result_transform_start_time": 1716761249.8228416, "result_transform_end_time": 1716761249.8228524}}
{"task_id": "79a257e9-cb22-472f-996f-4e882f741206", "function_name": "noop_task", "parent_task_ids": [], "submit_time": 1716761250.9345188, "received_time": 1716761252.4369638, "execution": {"hostname": "escience-taps", "execution_start_time": 1716761251.4446924, "execution_end_time": 1716761251.447071, "task_start_time": 1716761251.4448116, "task_end_time": 1716761251.446638, "input_transform_start_time": 1716761251.4447765, "input_transform_end_time": 1716761251.4448113, "result_transform_start_time": 1716761251.4466383, "result_transform_end_time": 1716761251.447071}}
{"task_id": "8a39f101-9139-48c2-9c5f-d7a79fe53568", "function_name": "noop_task", "parent_task_ids": [], "submit_time": 1716761252.438463, "received_time": 1716761253.4396203, "execution": {"hostname": "escience-taps", "execution_start_time": 1716761252.5487483, "execution_end_time": 1716761252.550037, "task_start_time": 1716761252.5487723, "task_end_time": 1716761252.549632, "input_transform_start_time": 1716761252.5487623, "input_transform_end_time": 1716761252.548772, "result_transform_start_time": 1716761252.5496323, "result_transform_end_time": 1716761252.5500367}}
{"task_id": "6dba5023-4b44-4731-8084-c051f2ae972f", "function_name": "noop_task", "parent_task_ids": [], "submit_time": 1716761253.4410055, "received_time": 1716761254.442599, "execution": {"hostname": "escience-taps", "execution_start_time": 1716761253.918654, "execution_end_time": 1716761253.919782, "task_start_time": 1716761253.9186773, "task_end_time": 1716761253.9194243, "input_transform_start_time": 1716761253.9186676, "input_transform_end_time": 1716761253.918677, "result_transform_start_time": 1716761253.9194245, "result_transform_end_time": 1716761253.9197817}}
{"task_id": "2dabd030-70cf-4c4b-9fea-d13080c22fba", "function_name": "noop_task", "parent_task_ids": [], "submit_time": 1716761254.4435127, "received_time": 1716761255.4455583, "execution": {"hostname": "escience-taps", "execution_start_time": 1716761254.5494287, "execution_end_time": 1716761254.5513241, "task_start_time": 1716761254.5494525, "task_end_time": 1716761254.5506501, "input_transform_start_time": 1716761254.5494442, "input_transform_end_time": 1716761254.5494523, "result_transform_start_time": 1716761254.5506504, "result_transform_end_time": 1716761254.5513237}}
{"task_id": "b56ad71e-075d-4406-8d0c-74bfee8493b9", "function_name": "noop_task", "parent_task_ids": [], "submit_time": 1716761255.447138, "received_time": 1716761256.4485266, "execution": {"hostname": "escience-taps", "execution_start_time": 1716761255.5506613, "execution_end_time": 1716761255.551918, "task_start_time": 1716761255.550688, "task_end_time": 1716761255.5515366, "input_transform_start_time": 1716761255.5506773, "input_transform_end_time": 1716761255.550688, "result_transform_start_time": 1716761255.5515368, "result_transform_end_time": 1716761255.551918}}
{"task_id": "7f8ab8a2-1c6b-4c5e-8c8c-753a24399a43", "function_name": "noop_task", "parent_task_ids": [], "submit_time": 1716761256.4499419, "received_time": 1716761257.4516256, "execution": {"hostname": "escience-taps", "execution_start_time": 1716761256.549518, "execution_end_time": 1716761256.5507865, "task_start_time": 1716761256.5495477, "task_end_time": 1716761256.5503716, "input_transform_start_time": 1716761256.549538, "input_transform_end_time": 1716761256.5495474, "result_transform_start_time": 1716761256.550372, "result_transform_end_time": 1716761256.550786}}
{"task_id": "0510ab3b-d082-4dc2-b42b-1829c6322905", "function_name": "noop_task", "parent_task_ids": [], "submit_time": 1716761257.4530196, "received_time": 1716761258.4545302, "execution": {"hostname": "escience-taps", "execution_start_time": 1716761257.5503318, "execution_end_time": 1716761257.5514717, "task_start_time": 1716761257.550358, "task_end_time": 1716761257.5511105, "input_transform_start_time": 1716761257.5503473, "input_transform_end_time": 1716761257.5503578, "result_transform_start_time": 1716761257.5511107, "result_transform_end_time": 1716761257.5514717}}
{"task_id": "a6a4c965-e1aa-43c5-8634-40d2211c6040", "function_name": "noop_task", "parent_task_ids": [], "submit_time": 1716761258.4559364, "received_time": 1716761259.4572446, "execution": {"hostname": "escience-taps", "execution_start_time": 1716761258.561201, "execution_end_time": 1716761258.5631351, "task_start_time": 1716761258.5612345, "task_end_time": 1716761258.5625036, "input_transform_start_time": 1716761258.561221, "input_transform_end_time": 1716761258.5612345, "result_transform_start_time": 1716761258.5625043, "result_transform_end_time": 1716761258.563135}}
{"task_id": "9f2b4ca9-c804-4aa0-a928-5c22abba33e7", "function_name": "noop_task", "parent_task_ids": [], "submit_time": 1716761259.458646, "received_time": 1716761260.45949, "execution": {"hostname": "escience-taps", "execution_start_time": 1716761259.5606484, "execution_end_time": 1716761259.5677464, "task_start_time": 1716761259.5606887, "task_end_time": 1716761259.5666807, "input_transform_start_time": 1716761259.5606728, "input_transform_end_time": 1716761259.5606885, "result_transform_start_time": 1716761259.5666811, "result_transform_end_time": 1716761259.5677462}}
{"task_id": "8160f42a-f22a-4e95-a914-13b297c30540", "function_name": "noop_task", "parent_task_ids": [], "submit_time": 1716761260.4610033, "received_time": 1716761261.4629176, "execution": {"hostname": "escience-taps", "execution_start_time": 1716761260.5641522, "execution_end_time": 1716761260.5659766, "task_start_time": 1716761260.5641787, "task_end_time": 1716761260.5653615, "input_transform_start_time": 1716761260.564168, "input_transform_end_time": 1716761260.5641785, "result_transform_start_time": 1716761260.5653617, "result_transform_end_time": 1716761260.5659764}}
