{"task_id": "2f8541eb-f7d5-4654-85e1-00039c7ab616", "function_name": "id", "parent_task_ids": [], "submit_time": 1716758195.8301487, "received_time": 1716758196.478554, "execution": {"hostname": "escience-taps", "execution_start_time": 1716758196.4662774, "execution_end_time": 1716758196.466318, "task_start_time": 1716758196.4663036, "task_end_time": 1716758196.4663053, "input_transform_start_time": 1716758196.4662864, "input_transform_end_time": 1716758196.4663033, "result_transform_start_time": 1716758196.4663055, "result_transform_end_time": 1716758196.4663177}}
{"task_id": "3d50d3e9-09ee-441b-977d-77888dddd26d", "function_name": "noop_task", "parent_task_ids": [], "submit_time": 1716758196.479017, "received_time": 1716758196.50438, "execution": {"hostname": "escience-taps", "execution_start_time": 1716758196.4949963, "execution_end_time": 1716758196.497883, "task_start_time": 1716758196.4950287, "task_end_time": 1716758196.497486, "input_transform_start_time": 1716758196.4950151, "input_transform_end_time": 1716758196.4950285, "result_transform_start_time": 1716758196.4974864, "result_transform_end_time": 1716758196.4978828}}
{"task_id": "01bae586-9436-4f85-8051-171708234bb1", "function_name": "noop_task", "parent_task_ids": [], "submit_time": 1716758196.5049753, "received_time": 1716758196.515345, "execution": {"hostname": "escience-taps", "execution_start_time": 1716758196.5088935, "execution_end_time": 1716758196.509832, "task_start_time": 1716758196.5089393, "task_end_time": 1716758196.5095778, "input_transform_start_time": 1716758196.508919, "input_transform_end_time": 1716758196.508939, "result_transform_start_time": 1716758196.5095778, "result_transform_end_time": 1716758196.5098317}}
{"task_id": "f4f6cfbf-5b98-4b30-9893-35ee9fd8ac4e", "function_name": "noop_task", "parent_task_ids": [], "submit_time": 1716758196.5157237, "received_time": 1716758196.5321326, "execution": {"hostname": "escience-taps", "execution_start_time": 1716758196.5250623, "execution_end_time": 1716758196.5259805, "task_start_time": 1716758196.5251083, "task_end_time": 1716758196.5256615, "input_transform_start_time": 1716758196.52509, "input_transform_end_time": 1716758196.5251076, "result_transform_start_time": 1716758196.525662, "result_transform_end_time": 1716758196.5259802}}
{"task_id": "af797775-21f4-47ea-b1ef-f399650dff7e", "function_name": "noop_task", "parent_task_ids": [], "submit_time": 1716758196.5332963, "received_time": 1716758196.5477862, "execution": {"hostname": "escience-taps", "execution_start_time": 1716758196.5412421, "execution_end_time": 1716758196.54224, "task_start_time": 1716758196.5412726, "task_end_time": 1716758196.5419967, "input_transform_start_time": 1716758196.541259, "input_transform_end_time": 1716758196.5412724, "result_transform_start_time": 1716758196.541997, "result_transform_end_time": 1716758196.5422397}}
{"task_id": "9e8e95f9-4dd6-48df-b312-730bfac94365", "function_name": "noop_task", "parent_task_ids": [], "submit_time": 1716758196.548146, "received_time": 1716758196.567754, "execution": {"hostname": "escience-taps", "execution_start_time": 1716758196.5621934, "execution_end_time": 1716758196.562949, "task_start_time": 1716758196.5622163, "task_end_time": 1716758196.5626638, "input_transform_start_time": 1716758196.5622056, "input_transform_end_time": 1716758196.562216, "result_transform_start_time": 1716758196.562664, "result_transform_end_time": 1716758196.5629487}}
{"task_id": "d9ff8c86-469b-4f64-bd04-f667f45c3f96", "function_name": "noop_task", "parent_task_ids": [], "submit_time": 1716758196.5686326, "received_time": 1716758196.5839489, "execution": {"hostname": "escience-taps", "execution_start_time": 1716758196.5775876, "execution_end_time": 1716758196.578307, "task_start_time": 1716758196.577612, "task_end_time": 1716758196.5780146, "input_transform_start_time": 1716758196.5776014, "input_transform_end_time": 1716758196.577612, "result_transform_start_time": 1716758196.5780146, "result_transform_end_time": 1716758196.5783067}}
{"task_id": "28301b3b-8f71-405f-8aef-5d8d1a4b06b6", "function_name": "noop_task", "parent_task_ids": [], "submit_time": 1716758196.5850074, "received_time": 1716758196.5990267, "execution": {"hostname": "escience-taps", "execution_start_time": 1716758196.5933537, "execution_end_time": 1716758196.5941517, "task_start_time": 1716758196.5933795, "task_end_time": 1716758196.5939133, "input_transform_start_time": 1716758196.5933669, "input_transform_end_time": 1716758196.5933793, "result_transform_start_time": 1716758196.5939138, "result_transform_end_time": 1716758196.5941515}}
{"task_id": "2b25a49a-b349-4162-8c11-acb99a11e9fd", "function_name": "noop_task", "parent_task_ids": [], "submit_time": 1716758196.600242, "received_time": 1716758196.6200855, "execution": {"hostname": "escience-taps", "execution_start_time": 1716758196.614432, "execution_end_time": 1716758196.6154382, "task_start_time": 1716758196.614474, "task_end_time": 1716758196.6150727, "input_transform_start_time": 1716758196.6144547, "input_transform_end_time": 1716758196.6144738, "result_transform_start_time": 1716758196.615073, "result_transform_end_time": 1716758196.6154377}}
{"task_id": "6f0da09c-c0b5-4793-9f74-d8638391f5c9", "function_name": "noop_task", "parent_task_ids": [], "submit_time": 1716758196.6212933, "received_time": 1716758196.6361923, "execution": {"hostname": "escience-taps", "execution_start_time": 1716758196.62992, "execution_end_time": 1716758196.6305978, "task_start_time": 1716758196.6299522, "task_end_time": 1716758196.6304197, "input_transform_start_time": 1716758196.6299374, "input_transform_end_time": 1716758196.629952, "result_transform_start_time": 1716758196.6304197, "result_transform_end_time": 1716758196.6305976}}
{"task_id": "31960061-2358-4e6f-9f19-52d53e21734c", "function_name": "noop_task", "parent_task_ids": [], "submit_time": 1716758196.6372387, "received_time": 1716758196.650525, "execution": {"hostname": "escience-taps", "execution_start_time": 1716758196.645264, "execution_end_time": 1716758196.646191, "task_start_time": 1716758196.6452894, "task_end_time": 1716758196.645805, "input_transform_start_time": 1716758196.645278, "input_transform_end_time": 1716758196.6452894, "result_transform_start_time": 1716758196.6458054, "result_transform_end_time": 1716758196.646191}}
