{"task_id": "28471bc4-5f38-4de3-bfc5-ddedd78f31ac", "function_name": "id", "parent_task_ids": [], "submit_time": 1716758123.9494894, "received_time": 1716758124.6437933, "execution": {"hostname": "escience-taps", "execution_start_time": 1716758124.6361783, "execution_end_time": 1716758124.6362207, "task_start_time": 1716758124.6362052, "task_end_time": 1716758124.6362078, "input_transform_start_time": 1716758124.6361878, "input_transform_end_time": 1716758124.636205, "result_transform_start_time": 1716758124.6362083, "result_transform_end_time": 1716758124.6362205}}
{"task_id": "a7e33711-48f0-44bd-a9db-27d6e09c45d2", "function_name": "noop_task", "parent_task_ids": [], "submit_time": 1716758124.6433682, "received_time": 1716758124.6643186, "execution": {"hostname": "escience-taps", "execution_start_time": 1716758124.6596572, "execution_end_time": 1716758124.660631, "task_start_time": 1716758124.659693, "task_end_time": 1716758124.6602676, "input_transform_start_time": 1716758124.659678, "input_transform_end_time": 1716758124.6596928, "result_transform_start_time": 1716758124.6602678, "result_transform_end_time": 1716758124.6606307}}
{"task_id": "6ae67d74-7948-4093-aeca-a1555827b952", "function_name": "noop_task", "parent_task_ids": [], "submit_time": 1716758124.6650062, "received_time": 1716758124.6713707, "execution": {"hostname": "escience-taps", "execution_start_time": 1716758124.6675124, "execution_end_time": 1716758124.6685536, "task_start_time": 1716758124.6675608, "task_end_time": 1716758124.6680353, "input_transform_start_time": 1716758124.6675391, "input_transform_end_time": 1716758124.6675608, "result_transform_start_time": 1716758124.6680355, "result_transform_end_time": 1716758124.6685536}}
{"task_id": "b6bd0799-42c6-4672-a5d0-1e6bd70045fa", "function_name": "noop_task", "parent_task_ids": [], "submit_time": 1716758124.6722913, "received_time": 1716758124.6879034, "execution": {"hostname": "escience-taps", "execution_start_time": 1716758124.6840198, "execution_end_time": 1716758124.6847708, "task_start_time": 1716758124.6840587, "task_end_time": 1716758124.6845405, "input_transform_start_time": 1716758124.6840398, "input_transform_end_time": 1716758124.6840582, "result_transform_start_time": 1716758124.684541, "result_transform_end_time": 1716758124.6847706}}
{"task_id": "4d4e2e9f-faf4-467e-bf81-ad16d4b57e90", "function_name": "noop_task", "parent_task_ids": [], "submit_time": 1716758124.688828, "received_time": 1716758124.7023418, "execution": {"hostname": "escience-taps", "execution_start_time": 1716758124.6987276, "execution_end_time": 1716758124.6996782, "task_start_time": 1716758124.698772, "task_end_time": 1716758124.6993368, "input_transform_start_time": 1716758124.6987545, "input_transform_end_time": 1716758124.6987717, "result_transform_start_time": 1716758124.699337, "result_transform_end_time": 1716758124.699678}}
{"task_id": "0f87f47a-f315-4ec4-a881-81582ac122fb", "function_name": "noop_task", "parent_task_ids": [], "submit_time": 1716758124.7029855, "received_time": 1716758124.7172904, "execution": {"hostname": "escience-taps", "execution_start_time": 1716758124.7141998, "execution_end_time": 1716758124.7148337, "task_start_time": 1716758124.7142243, "task_end_time": 1716758124.7146275, "input_transform_start_time": 1716758124.7142131, "input_transform_end_time": 1716758124.714224, "result_transform_start_time": 1716758124.7146277, "result_transform_end_time": 1716758124.7148335}}
{"task_id": "364eec96-ad4f-4c67-bdc4-a1ad030a3634", "function_name": "noop_task", "parent_task_ids": [], "submit_time": 1716758124.718152, "received_time": 1716758124.7333255, "execution": {"hostname": "escience-taps", "execution_start_time": 1716758124.7299988, "execution_end_time": 1716758124.7307758, "task_start_time": 1716758124.7300217, "task_end_time": 1716758124.7304852, "input_transform_start_time": 1716758124.7300124, "input_transform_end_time": 1716758124.7300217, "result_transform_start_time": 1716758124.7304854, "result_transform_end_time": 1716758124.7307758}}
{"task_id": "6bba35e8-d63a-43ed-ab72-220ffa33708a", "function_name": "noop_task", "parent_task_ids": [], "submit_time": 1716758124.7342422, "received_time": 1716758124.7493563, "execution": {"hostname": "escience-taps", "execution_start_time": 1716758124.745221, "execution_end_time": 1716758124.7462704, "task_start_time": 1716758124.7452471, "task_end_time": 1716758124.745957, "input_transform_start_time": 1716758124.745235, "input_transform_end_time": 1716758124.7452466, "result_transform_start_time": 1716758124.7459571, "result_transform_end_time": 1716758124.7462702}}
{"task_id": "f2a78b4d-115e-4ab0-9c16-15f6f97955fd", "function_name": "noop_task", "parent_task_ids": [], "submit_time": 1716758124.750227, "received_time": 1716758124.7648087, "execution": {"hostname": "escience-taps", "execution_start_time": 1716758124.7613473, "execution_end_time": 1716758124.7622404, "task_start_time": 1716758124.7613838, "task_end_time": 1716758124.7619486, "input_transform_start_time": 1716758124.7613676, "input_transform_end_time": 1716758124.761383, "result_transform_start_time": 1716758124.7619493, "result_transform_end_time": 1716758124.7622404}}
{"task_id": "039d643a-fb42-425a-8f8d-a984697959bb", "function_name": "noop_task", "parent_task_ids": [], "submit_time": 1716758124.7656078, "received_time": 1716758124.7803135, "execution": {"hostname": "escience-taps", "execution_start_time": 1716758124.7768328, "execution_end_time": 1716758124.7775772, "task_start_time": 1716758124.7768638, "task_end_time": 1716758124.777367, "input_transform_start_time": 1716758124.7768533, "input_transform_end_time": 1716758124.7768636, "result_transform_start_time": 1716758124.7773676, "result_transform_end_time": 1716758124.777577}}
{"task_id": "145ad95c-2066-4961-8ab5-45ca5ce2488d", "function_name": "noop_task", "parent_task_ids": [], "submit_time": 1716758124.7805738, "received_time": 1716758124.7946672, "execution": {"hostname": "escience-taps", "execution_start_time": 1716758124.791635, "execution_end_time": 1716758124.7922783, "task_start_time": 1716758124.7916608, "task_end_time": 1716758124.7920794, "input_transform_start_time": 1716758124.7916498, "input_transform_end_time": 1716758124.7916605, "result_transform_start_time": 1716758124.7920794, "result_transform_end_time": 1716758124.792278}}
