{"task_id": "2a0d17ab-8292-477f-b6b7-5999cbf7c0ea", "function_name": "id", "parent_task_ids": [], "submit_time": 1716758840.5956998, "received_time": 1716758842.2394989, "execution": {"hostname": "escience-taps", "execution_start_time": 1716758842.2370632, "execution_end_time": 1716758842.23708, "task_start_time": 1716758842.2370741, "task_end_time": 1716758842.2370746, "input_transform_start_time": 1716758842.237066, "input_transform_end_time": 1716758842.2370741, "result_transform_start_time": 1716758842.2370749, "result_transform_end_time": 1716758842.23708}}
{"task_id": "673c821f-a8d6-4586-9f24-23f5fdcb4712", "function_name": "noop_task", "parent_task_ids": [], "submit_time": 1716758842.270594, "received_time": 1716758842.459472, "execution": {"hostname": "escience-taps", "execution_start_time": 1716758842.4053745, "execution_end_time": 1716758842.4578042, "task_start_time": 1716758842.4053917, "task_end_time": 1716758842.4470675, "input_transform_start_time": 1716758842.4053848, "input_transform_end_time": 1716758842.4053917, "result_transform_start_time": 1716758842.447068, "result_transform_end_time": 1716758842.457804}}
{"task_id": "f982feb4-9751-43f7-80d2-d2c0e0519720", "function_name": "noop_task", "parent_task_ids": [], "submit_time": 1716758842.494546, "received_time": 1716758842.6501768, "execution": {"hostname": "escience-taps", "execution_start_time": 1716758842.6017365, "execution_end_time": 1716758842.648744, "task_start_time": 1716758842.6017492, "task_end_time": 1716758842.63985, "input_transform_start_time": 1716758842.601744, "input_transform_end_time": 1716758842.6017492, "result_transform_start_time": 1716758842.6398501, "result_transform_end_time": 1716758842.6487439}}
{"task_id": "d5917bf7-c8eb-4d26-b3af-0f2144fa5902", "function_name": "noop_task", "parent_task_ids": [], "submit_time": 1716758842.6798618, "received_time": 1716758842.8453388, "execution": {"hostname": "escience-taps", "execution_start_time": 1716758842.8028626, "execution_end_time": 1716758842.8440082, "task_start_time": 1716758842.8028972, "task_end_time": 1716758842.8356838, "input_transform_start_time": 1716758842.8028805, "input_transform_end_time": 1716758842.802897, "result_transform_start_time": 1716758842.835684, "result_transform_end_time": 1716758842.8440082}}
{"task_id": "126c4612-32e2-4473-a08b-d8763d67371a", "function_name": "noop_task", "parent_task_ids": [], "submit_time": 1716758842.8786414, "received_time": 1716758843.0381858, "execution": {"hostname": "escience-taps", "execution_start_time": 1716758842.9879205, "execution_end_time": 1716758843.0363302, "task_start_time": 1716758842.9879446, "task_end_time": 1716758843.0275068, "input_transform_start_time": 1716758842.9879339, "input_transform_end_time": 1716758842.9879444, "result_transform_start_time": 1716758843.0275075, "result_transform_end_time": 1716758843.03633}}
{"task_id": "45490514-76e3-4da9-9cd0-0bc0e7ca1417", "function_name": "noop_task", "parent_task_ids": [], "submit_time": 1716758843.068419, "received_time": 1716758843.2350667, "execution": {"hostname": "escience-taps", "execution_start_time": 1716758843.1910954, "execution_end_time": 1716758843.233793, "task_start_time": 1716758843.191114, "task_end_time": 1716758843.2257462, "input_transform_start_time": 1716758843.1911063, "input_transform_end_time": 1716758843.191114, "result_transform_start_time": 1716758843.2257469, "result_transform_end_time": 1716758843.2337925}}
{"task_id": "f2738df6-b510-499d-8665-93c4125530ba", "function_name": "noop_task", "parent_task_ids": [], "submit_time": 1716758843.269446, "received_time": 1716758843.418551, "execution": {"hostname": "escience-taps", "execution_start_time": 1716758843.3777595, "execution_end_time": 1716758843.4174032, "task_start_time": 1716758843.3777835, "task_end_time": 1716758843.4099824, "input_transform_start_time": 1716758843.3777728, "input_transform_end_time": 1716758843.3777833, "result_transform_start_time": 1716758843.4099827, "result_transform_end_time": 1716758843.417403}}
{"task_id": "90e140fd-cf78-480d-90a7-e22c3eef4c77", "function_name": "noop_task", "parent_task_ids": [], "submit_time": 1716758843.4471488, "received_time": 1716758843.5917988, "execution": {"hostname": "escience-taps", "execution_start_time": 1716758843.5513098, "execution_end_time": 1716758843.590479, "task_start_time": 1716758843.5513365, "task_end_time": 1716758843.5834336, "input_transform_start_time": 1716758843.5513241, "input_transform_end_time": 1716758843.5513363, "result_transform_start_time": 1716758843.5834339, "result_transform_end_time": 1716758843.5904784}}
{"task_id": "02dfea03-781a-4dc4-a9e7-0ccca31247aa", "function_name": "noop_task", "parent_task_ids": [], "submit_time": 1716758843.6253917, "received_time": 1716758843.7737184, "execution": {"hostname": "escience-taps", "execution_start_time": 1716758843.7344227, "execution_end_time": 1716758843.7723763, "task_start_time": 1716758843.7344472, "task_end_time": 1716758843.7656622, "input_transform_start_time": 1716758843.7344365, "input_transform_end_time": 1716758843.734447, "result_transform_start_time": 1716758843.7656627, "result_transform_end_time": 1716758843.772376}}
{"task_id": "1b06e777-488c-4aa4-a7d0-c53828b1cf57", "function_name": "noop_task", "parent_task_ids": [], "submit_time": 1716758843.802299, "received_time": 1716758843.9460285, "execution": {"hostname": "escience-taps", "execution_start_time": 1716758843.9063165, "execution_end_time": 1716758843.9444933, "task_start_time": 1716758843.906329, "task_end_time": 1716758843.937524, "input_transform_start_time": 1716758843.9063237, "input_transform_end_time": 1716758843.906329, "result_transform_start_time": 1716758843.9375243, "result_transform_end_time": 1716758843.9444928}}
{"task_id": "b2de4cef-a4c7-4e30-8630-854c9ab54fb9", "function_name": "noop_task", "parent_task_ids": [], "submit_time": 1716758843.9755452, "received_time": 1716758844.1174061, "execution": {"hostname": "escience-taps", "execution_start_time": 1716758844.0783906, "execution_end_time": 1716758844.1160984, "task_start_time": 1716758844.0784018, "task_end_time": 1716758844.1093407, "input_transform_start_time": 1716758844.0783975, "input_transform_end_time": 1716758844.0784018, "result_transform_start_time": 1716758844.1093411, "result_transform_end_time": 1716758844.1160982}}
