{"task_id": "7ced7586-9793-49f8-aa90-f283df0749f2", "function_name": "id", "parent_task_ids": [], "submit_time": 1716760522.9018886, "received_time": 1716760524.3650107, "execution": {"hostname": "escience-taps", "execution_start_time": 1716760523.1875873, "execution_end_time": 1716760523.187613, "task_start_time": 1716760523.187598, "task_end_time": 1716760523.1875992, "input_transform_start_time": 1716760523.1875925, "input_transform_end_time": 1716760523.1875978, "result_transform_start_time": 1716760523.1875994, "result_transform_end_time": 1716760523.187613}}
{"task_id": "9600278e-bb30-4290-8d57-bd356447f3ff", "function_name": "noop_task", "parent_task_ids": [], "submit_time": 1716760524.3712614, "received_time": 1716760527.873666, "execution": {"hostname": "escience-taps", "execution_start_time": 1716760526.2147784, "execution_end_time": 1716760526.219621, "task_start_time": 1716760526.2147985, "task_end_time": 1716760526.219608, "input_transform_start_time": 1716760526.2147887, "input_transform_end_time": 1716760526.214798, "result_transform_start_time": 1716760526.2196085, "result_transform_end_time": 1716760526.2196207}}
{"task_id": "c4543eaf-d68f-4d1c-af02-08066f90d398", "function_name": "noop_task", "parent_task_ids": [], "submit_time": 1716760527.8807085, "received_time": 1716760530.3840394, "execution": {"hostname": "escience-taps", "execution_start_time": 1716760529.4546926, "execution_end_time": 1716760529.4594047, "task_start_time": 1716760529.4547102, "task_end_time": 1716760529.4593925, "input_transform_start_time": 1716760529.454701, "input_transform_end_time": 1716760529.45471, "result_transform_start_time": 1716760529.459393, "result_transform_end_time": 1716760529.4594045}}
{"task_id": "a796369f-a3f8-4ec9-8ff1-fd71f0bc7263", "function_name": "noop_task", "parent_task_ids": [], "submit_time": 1716760530.3898296, "received_time": 1716760532.8910606, "execution": {"hostname": "escience-taps", "execution_start_time": 1716760531.5833657, "execution_end_time": 1716760531.5880563, "task_start_time": 1716760531.5833933, "task_end_time": 1716760531.5880427, "input_transform_start_time": 1716760531.58338, "input_transform_end_time": 1716760531.583393, "result_transform_start_time": 1716760531.5880435, "result_transform_end_time": 1716760531.588056}}
{"task_id": "9e037557-7ba4-4435-9384-fff141716b32", "function_name": "noop_task", "parent_task_ids": [], "submit_time": 1716760532.8970468, "received_time": 1716760535.9004457, "execution": {"hostname": "escience-taps", "execution_start_time": 1716760534.5858355, "execution_end_time": 1716760534.587855, "task_start_time": 1716760534.5858443, "task_end_time": 1716760534.587849, "input_transform_start_time": 1716760534.5858393, "input_transform_end_time": 1716760534.5858443, "result_transform_start_time": 1716760534.5878491, "result_transform_end_time": 1716760534.5878549}}
{"task_id": "82b42f90-4702-4c38-9625-10e5d41e61b4", "function_name": "noop_task", "parent_task_ids": [], "submit_time": 1716760535.9061587, "received_time": 1716760538.906921, "execution": {"hostname": "escience-taps", "execution_start_time": 1716760537.5727708, "execution_end_time": 1716760537.5747924, "task_start_time": 1716760537.572779, "task_end_time": 1716760537.574787, "input_transform_start_time": 1716760537.572775, "input_transform_end_time": 1716760537.5727787, "result_transform_start_time": 1716760537.5747871, "result_transform_end_time": 1716760537.5747924}}
{"task_id": "1e20152f-cdaa-491b-ba57-ef92f19473c6", "function_name": "noop_task", "parent_task_ids": [], "submit_time": 1716760538.9126527, "received_time": 1716760540.9125187, "execution": {"hostname": "escience-taps", "execution_start_time": 1716760539.8803446, "execution_end_time": 1716760539.8851683, "task_start_time": 1716760539.880415, "task_end_time": 1716760539.885128, "input_transform_start_time": 1716760539.8803883, "input_transform_end_time": 1716760539.8804147, "result_transform_start_time": 1716760539.8851283, "result_transform_end_time": 1716760539.885168}}
{"task_id": "187ffac7-ee53-45db-91fc-acd69bdfaa20", "function_name": "noop_task", "parent_task_ids": [], "submit_time": 1716760540.9175782, "received_time": 1716760542.9175026, "execution": {"hostname": "escience-taps", "execution_start_time": 1716760541.8686678, "execution_end_time": 1716760541.873663, "task_start_time": 1716760541.8687212, "task_end_time": 1716760541.8736246, "input_transform_start_time": 1716760541.8686926, "input_transform_end_time": 1716760541.868721, "result_transform_start_time": 1716760541.873625, "result_transform_end_time": 1716760541.873663}}
{"task_id": "1751651e-b727-445e-8c34-e0ac3d7f1ffd", "function_name": "noop_task", "parent_task_ids": [], "submit_time": 1716760542.9248927, "received_time": 1716760544.9225304, "execution": {"hostname": "escience-taps", "execution_start_time": 1716760543.8222892, "execution_end_time": 1716760543.8270204, "task_start_time": 1716760543.822308, "task_end_time": 1716760543.8270102, "input_transform_start_time": 1716760543.8222985, "input_transform_end_time": 1716760543.8223078, "result_transform_start_time": 1716760543.8270104, "result_transform_end_time": 1716760543.82702}}
{"task_id": "3c09dc45-50dc-4273-983d-3dcf592d6e17", "function_name": "noop_task", "parent_task_ids": [], "submit_time": 1716760544.9286273, "received_time": 1716760546.928076, "execution": {"hostname": "escience-taps", "execution_start_time": 1716760545.8038416, "execution_end_time": 1716760545.8087697, "task_start_time": 1716760545.8039348, "task_end_time": 1716760545.80872, "input_transform_start_time": 1716760545.8038902, "input_transform_end_time": 1716760545.8039346, "result_transform_start_time": 1716760545.8087204, "result_transform_end_time": 1716760545.8087642}}
{"task_id": "51017281-fd50-4321-ae8c-93cee8ee923e", "function_name": "noop_task", "parent_task_ids": [], "submit_time": 1716760546.933774, "received_time": 1716760548.933599, "execution": {"hostname": "escience-taps", "execution_start_time": 1716760547.8163986, "execution_end_time": 1716760547.8211668, "task_start_time": 1716760547.8164191, "task_end_time": 1716760547.8211544, "input_transform_start_time": 1716760547.8164084, "input_transform_end_time": 1716760547.816419, "result_transform_start_time": 1716760547.8211548, "result_transform_end_time": 1716760547.8211665}}
