{"task_id": "44bdcbef-262a-4bef-93c9-1c9a3d6c71c6", "function_name": "id", "parent_task_ids": [], "submit_time": 1716758648.7047067, "received_time": 1716758650.3341155, "execution": {"hostname": "escience-taps", "execution_start_time": 1716758650.3316693, "execution_end_time": 1716758650.3316836, "task_start_time": 1716758650.3316782, "task_end_time": 1716758650.3316786, "input_transform_start_time": 1716758650.331672, "input_transform_end_time": 1716758650.3316782, "result_transform_start_time": 1716758650.3316786, "result_transform_end_time": 1716758650.3316836}}
{"task_id": "bb9bab67-11ae-406f-a03f-d40314cef7d0", "function_name": "noop_task", "parent_task_ids": [], "submit_time": 1716758650.3345747, "received_time": 1716758650.349008, "execution": {"hostname": "escience-taps", "execution_start_time": 1716758650.347897, "execution_end_time": 1716758650.348004, "task_start_time": 1716758650.3479073, "task_end_time": 1716758650.347998, "input_transform_start_time": 1716758650.3479009, "input_transform_end_time": 1716758650.347907, "result_transform_start_time": 1716758650.3479981, "result_transform_end_time": 1716758650.348004}}
{"task_id": "42b0ea62-f634-47f6-88fb-918d3c3784b4", "function_name": "noop_task", "parent_task_ids": [], "submit_time": 1716758650.3491864, "received_time": 1716758650.3611708, "execution": {"hostname": "escience-taps", "execution_start_time": 1716758650.3598924, "execution_end_time": 1716758650.360033, "task_start_time": 1716758650.3599079, "task_end_time": 1716758650.3600261, "input_transform_start_time": 1716758650.3599007, "input_transform_end_time": 1716758650.3599079, "result_transform_start_time": 1716758650.3600266, "result_transform_end_time": 1716758650.3600328}}
{"task_id": "e0b859e3-f3b6-46e1-bcf6-8ea1a9c2daf4", "function_name": "noop_task", "parent_task_ids": [], "submit_time": 1716758650.3613317, "received_time": 1716758650.373058, "execution": {"hostname": "escience-taps", "execution_start_time": 1716758650.3719544, "execution_end_time": 1716758650.3720884, "task_start_time": 1716758650.37197, "task_end_time": 1716758650.3720825, "input_transform_start_time": 1716758650.3719616, "input_transform_end_time": 1716758650.3719697, "result_transform_start_time": 1716758650.3720827, "result_transform_end_time": 1716758650.372088}}
{"task_id": "d821830f-5b20-452d-bf5d-afa27eb0564b", "function_name": "noop_task", "parent_task_ids": [], "submit_time": 1716758650.3732202, "received_time": 1716758650.385188, "execution": {"hostname": "escience-taps", "execution_start_time": 1716758650.3840532, "execution_end_time": 1716758650.3841999, "task_start_time": 1716758650.3840673, "task_end_time": 1716758650.3841927, "input_transform_start_time": 1716758650.3840601, "input_transform_end_time": 1716758650.384067, "result_transform_start_time": 1716758650.384193, "result_transform_end_time": 1716758650.3841996}}
{"task_id": "e7309466-821c-4d9b-b908-04d722649e74", "function_name": "noop_task", "parent_task_ids": [], "submit_time": 1716758650.3853562, "received_time": 1716758650.396959, "execution": {"hostname": "escience-taps", "execution_start_time": 1716758650.3960185, "execution_end_time": 1716758650.3961477, "task_start_time": 1716758650.39603, "task_end_time": 1716758650.3961415, "input_transform_start_time": 1716758650.396024, "input_transform_end_time": 1716758650.39603, "result_transform_start_time": 1716758650.3961418, "result_transform_end_time": 1716758650.3961477}}
{"task_id": "7f90dbe6-4c58-42f2-ae54-b50b9aa1f510", "function_name": "noop_task", "parent_task_ids": [], "submit_time": 1716758650.3971066, "received_time": 1716758650.4090097, "execution": {"hostname": "escience-taps", "execution_start_time": 1716758650.4078844, "execution_end_time": 1716758650.4080234, "task_start_time": 1716758650.4078968, "task_end_time": 1716758650.408015, "input_transform_start_time": 1716758650.4078903, "input_transform_end_time": 1716758650.4078965, "result_transform_start_time": 1716758650.4080153, "result_transform_end_time": 1716758650.408023}}
{"task_id": "d0e352e9-d2f0-4d80-96f0-4cb98483a677", "function_name": "noop_task", "parent_task_ids": [], "submit_time": 1716758650.4091685, "received_time": 1716758650.421297, "execution": {"hostname": "escience-taps", "execution_start_time": 1716758650.419949, "execution_end_time": 1716758650.4201136, "task_start_time": 1716758650.4199674, "task_end_time": 1716758650.4201043, "input_transform_start_time": 1716758650.4199572, "input_transform_end_time": 1716758650.419967, "result_transform_start_time": 1716758650.4201047, "result_transform_end_time": 1716758650.4201133}}
{"task_id": "ca4ed64d-b5f2-4369-9344-99c755cf3687", "function_name": "noop_task", "parent_task_ids": [], "submit_time": 1716758650.4216135, "received_time": 1716758650.4335122, "execution": {"hostname": "escience-taps", "execution_start_time": 1716758650.4320092, "execution_end_time": 1716758650.432173, "task_start_time": 1716758650.4320238, "task_end_time": 1716758650.4321654, "input_transform_start_time": 1716758650.4320164, "input_transform_end_time": 1716758650.4320235, "result_transform_start_time": 1716758650.4321656, "result_transform_end_time": 1716758650.432173}}
{"task_id": "96473aa1-3dbc-4524-8b6e-ac468f040885", "function_name": "noop_task", "parent_task_ids": [], "submit_time": 1716758650.4338715, "received_time": 1716758650.445524, "execution": {"hostname": "escience-taps", "execution_start_time": 1716758650.4442146, "execution_end_time": 1716758650.444353, "task_start_time": 1716758650.444227, "task_end_time": 1716758650.444347, "input_transform_start_time": 1716758650.4442208, "input_transform_end_time": 1716758650.4442267, "result_transform_start_time": 1716758650.4443471, "result_transform_end_time": 1716758650.444353}}
{"task_id": "1d1737c1-b62d-4c97-addc-5f106f6c1bf0", "function_name": "noop_task", "parent_task_ids": [], "submit_time": 1716758650.4458046, "received_time": 1716758650.4575877, "execution": {"hostname": "escience-taps", "execution_start_time": 1716758650.4561183, "execution_end_time": 1716758650.4562566, "task_start_time": 1716758650.4561303, "task_end_time": 1716758650.4562504, "input_transform_start_time": 1716758650.4561243, "input_transform_end_time": 1716758650.45613, "result_transform_start_time": 1716758650.4562507, "result_transform_end_time": 1716758650.4562562}}
