{"task_id": "baf688b0-4a60-4111-a172-bc3eee8e1991", "function_name": "id", "parent_task_ids": [], "submit_time": 1716759308.816624, "received_time": 1716759309.4642994, "execution": {"hostname": "escience-taps", "execution_start_time": 1716759309.459944, "execution_end_time": 1716759309.4599543, "task_start_time": 1716759309.4599497, "task_end_time": 1716759309.45995, "input_transform_start_time": 1716759309.4599464, "input_transform_end_time": 1716759309.4599495, "result_transform_start_time": 1716759309.4599504, "result_transform_end_time": 1716759309.459954}}
{"task_id": "4b891a00-d984-4ee4-b5c2-f3514f1cb65a", "function_name": "noop_task", "parent_task_ids": [], "submit_time": 1716759309.4670746, "received_time": 1716759309.4768045, "execution": {"hostname": "escience-taps", "execution_start_time": 1716759309.474718, "execution_end_time": 1716759309.4749906, "task_start_time": 1716759309.4747245, "task_end_time": 1716759309.4749866, "input_transform_start_time": 1716759309.4747212, "input_transform_end_time": 1716759309.4747243, "result_transform_start_time": 1716759309.4749868, "result_transform_end_time": 1716759309.4749904}}
{"task_id": "e33ab750-f357-49f6-b8e5-c4c10c1f01af", "function_name": "noop_task", "parent_task_ids": [], "submit_time": 1716759309.4772623, "received_time": 1716759309.4810874, "execution": {"hostname": "escience-taps", "execution_start_time": 1716759309.479637, "execution_end_time": 1716759309.4799209, "task_start_time": 1716759309.4796443, "task_end_time": 1716759309.4799173, "input_transform_start_time": 1716759309.4796405, "input_transform_end_time": 1716759309.4796443, "result_transform_start_time": 1716759309.4799175, "result_transform_end_time": 1716759309.4799206}}
{"task_id": "65eb946d-ceea-4d63-b5b7-a0dc1a82b86d", "function_name": "noop_task", "parent_task_ids": [], "submit_time": 1716759309.481546, "received_time": 1716759309.4850204, "execution": {"hostname": "escience-taps", "execution_start_time": 1716759309.483636, "execution_end_time": 1716759309.4839554, "task_start_time": 1716759309.4836433, "task_end_time": 1716759309.4839523, "input_transform_start_time": 1716759309.4836395, "input_transform_end_time": 1716759309.4836433, "result_transform_start_time": 1716759309.4839523, "result_transform_end_time": 1716759309.4839551}}
{"task_id": "e71fb842-2079-43fe-91a0-5c36fe084f4f", "function_name": "noop_task", "parent_task_ids": [], "submit_time": 1716759309.4854636, "received_time": 1716759309.4885306, "execution": {"hostname": "escience-taps", "execution_start_time": 1716759309.4872093, "execution_end_time": 1716759309.4875207, "task_start_time": 1716759309.4872155, "task_end_time": 1716759309.4875169, "input_transform_start_time": 1716759309.4872122, "input_transform_end_time": 1716759309.4872153, "result_transform_start_time": 1716759309.487517, "result_transform_end_time": 1716759309.4875207}}
{"task_id": "b69a2514-21a2-4ed8-b26e-0787e6f16622", "function_name": "noop_task", "parent_task_ids": [], "submit_time": 1716759309.4890459, "received_time": 1716759309.492027, "execution": {"hostname": "escience-taps", "execution_start_time": 1716759309.4908242, "execution_end_time": 1716759309.491109, "task_start_time": 1716759309.4908311, "task_end_time": 1716759309.4911053, "input_transform_start_time": 1716759309.4908276, "input_transform_end_time": 1716759309.490831, "result_transform_start_time": 1716759309.4911056, "result_transform_end_time": 1716759309.4911087}}
{"task_id": "87232f35-7438-42e7-8c28-d96bb0437e37", "function_name": "noop_task", "parent_task_ids": [], "submit_time": 1716759309.4925296, "received_time": 1716759309.4953737, "execution": {"hostname": "escience-taps", "execution_start_time": 1716759309.494301, "execution_end_time": 1716759309.494584, "task_start_time": 1716759309.4943075, "task_end_time": 1716759309.4945805, "input_transform_start_time": 1716759309.4943042, "input_transform_end_time": 1716759309.4943075, "result_transform_start_time": 1716759309.4945807, "result_transform_end_time": 1716759309.494584}}
{"task_id": "8a76d972-498e-4f04-af6d-277e407bb0dc", "function_name": "noop_task", "parent_task_ids": [], "submit_time": 1716759309.4958367, "received_time": 1716759309.498576, "execution": {"hostname": "escience-taps", "execution_start_time": 1716759309.4975486, "execution_end_time": 1716759309.4978335, "task_start_time": 1716759309.4975555, "task_end_time": 1716759309.497829, "input_transform_start_time": 1716759309.4975517, "input_transform_end_time": 1716759309.4975555, "result_transform_start_time": 1716759309.4978292, "result_transform_end_time": 1716759309.4978335}}
{"task_id": "79d53bda-1d79-445a-bac1-e5bbde92c7d0", "function_name": "noop_task", "parent_task_ids": [], "submit_time": 1716759309.4989648, "received_time": 1716759309.501854, "execution": {"hostname": "escience-taps", "execution_start_time": 1716759309.5005288, "execution_end_time": 1716759309.5008779, "task_start_time": 1716759309.500536, "task_end_time": 1716759309.500874, "input_transform_start_time": 1716759309.5005322, "input_transform_end_time": 1716759309.5005357, "result_transform_start_time": 1716759309.500874, "result_transform_end_time": 1716759309.5008779}}
{"task_id": "185a0f1d-c7c1-485c-9ec0-108f62720eb3", "function_name": "noop_task", "parent_task_ids": [], "submit_time": 1716759309.5022933, "received_time": 1716759309.5051851, "execution": {"hostname": "escience-taps", "execution_start_time": 1716759309.503925, "execution_end_time": 1716759309.5042355, "task_start_time": 1716759309.503932, "task_end_time": 1716759309.5042322, "input_transform_start_time": 1716759309.5039284, "input_transform_end_time": 1716759309.503932, "result_transform_start_time": 1716759309.5042324, "result_transform_end_time": 1716759309.5042353}}
{"task_id": "2cbf6156-be92-4287-8fdf-8c4ae0bb24f9", "function_name": "noop_task", "parent_task_ids": [], "submit_time": 1716759309.5056248, "received_time": 1716759309.5082521, "execution": {"hostname": "escience-taps", "execution_start_time": 1716759309.507096, "execution_end_time": 1716759309.5073762, "task_start_time": 1716759309.5071015, "task_end_time": 1716759309.507373, "input_transform_start_time": 1716759309.507099, "input_transform_end_time": 1716759309.5071015, "result_transform_start_time": 1716759309.507373, "result_transform_end_time": 1716759309.507376}}
