{"task_id": "de3cb69b-24aa-4e79-8075-3288b4d7d0dc", "function_name": "id", "parent_task_ids": [], "submit_time": 1716758159.2513719, "received_time": 1716758159.9299223, "execution": {"hostname": "escience-taps", "execution_start_time": 1716758159.9144826, "execution_end_time": 1716758159.9145076, "task_start_time": 1716758159.9144986, "task_end_time": 1716758159.9144993, "input_transform_start_time": 1716758159.9144878, "input_transform_end_time": 1716758159.9144986, "result_transform_start_time": 1716758159.9144993, "result_transform_end_time": 1716758159.9145072}}
{"task_id": "fa4a1172-2928-42f7-96c4-1d8d7744ed1c", "function_name": "noop_task", "parent_task_ids": [], "submit_time": 1716758159.928847, "received_time": 1716758159.9712515, "execution": {"hostname": "escience-taps", "execution_start_time": 1716758159.9603474, "execution_end_time": 1716758159.965975, "task_start_time": 1716758159.960379, "task_end_time": 1716758159.9647071, "input_transform_start_time": 1716758159.9603646, "input_transform_end_time": 1716758159.9603786, "result_transform_start_time": 1716758159.9647074, "result_transform_end_time": 1716758159.965975}}
{"task_id": "c4fc094a-286d-4d80-9192-992cd971bb67", "function_name": "noop_task", "parent_task_ids": [], "submit_time": 1716758159.974844, "received_time": 1716758160.016231, "execution": {"hostname": "escience-taps", "execution_start_time": 1716758160.0047328, "execution_end_time": 1716758160.0105538, "task_start_time": 1716758160.0048304, "task_end_time": 1716758160.0091867, "input_transform_start_time": 1716758160.0047998, "input_transform_end_time": 1716758160.00483, "result_transform_start_time": 1716758160.009187, "result_transform_end_time": 1716758160.0105538}}
{"task_id": "7a54c047-1f32-4166-9099-cdc12884bcfa", "function_name": "noop_task", "parent_task_ids": [], "submit_time": 1716758160.020839, "received_time": 1716758160.0564215, "execution": {"hostname": "escience-taps", "execution_start_time": 1716758160.0457058, "execution_end_time": 1716758160.0509353, "task_start_time": 1716758160.045725, "task_end_time": 1716758160.0497656, "input_transform_start_time": 1716758160.0457156, "input_transform_end_time": 1716758160.045725, "result_transform_start_time": 1716758160.0497658, "result_transform_end_time": 1716758160.0509353}}
{"task_id": "53377595-a32e-495e-b686-5c77d32cbb7c", "function_name": "noop_task", "parent_task_ids": [], "submit_time": 1716758160.0595813, "received_time": 1716758160.0943193, "execution": {"hostname": "escience-taps", "execution_start_time": 1716758160.0819685, "execution_end_time": 1716758160.0876822, "task_start_time": 1716758160.0820184, "task_end_time": 1716758160.0863707, "input_transform_start_time": 1716758160.0819957, "input_transform_end_time": 1716758160.082018, "result_transform_start_time": 1716758160.0863712, "result_transform_end_time": 1716758160.0876822}}
{"task_id": "6cbdaddb-197f-45de-b85c-cb527c6d59f3", "function_name": "noop_task", "parent_task_ids": [], "submit_time": 1716758160.0977435, "received_time": 1716758160.1338472, "execution": {"hostname": "escience-taps", "execution_start_time": 1716758160.116227, "execution_end_time": 1716758160.127552, "task_start_time": 1716758160.1162548, "task_end_time": 1716758160.1248698, "input_transform_start_time": 1716758160.1162431, "input_transform_end_time": 1716758160.1162548, "result_transform_start_time": 1716758160.12487, "result_transform_end_time": 1716758160.1275518}}
{"task_id": "c2c784d6-b864-44fe-b157-a8cb81258e7a", "function_name": "noop_task", "parent_task_ids": [], "submit_time": 1716758160.1362138, "received_time": 1716758160.1672676, "execution": {"hostname": "escience-taps", "execution_start_time": 1716758160.1543076, "execution_end_time": 1716758160.1612124, "task_start_time": 1716758160.1543496, "task_end_time": 1716758160.159212, "input_transform_start_time": 1716758160.154332, "input_transform_end_time": 1716758160.1543496, "result_transform_start_time": 1716758160.1592124, "result_transform_end_time": 1716758160.1612122}}
{"task_id": "2b057fe4-e6fb-4002-b276-63fea074da77", "function_name": "noop_task", "parent_task_ids": [], "submit_time": 1716758160.1704075, "received_time": 1716758160.2037597, "execution": {"hostname": "escience-taps", "execution_start_time": 1716758160.189347, "execution_end_time": 1716758160.1956177, "task_start_time": 1716758160.1893742, "task_end_time": 1716758160.1936011, "input_transform_start_time": 1716758160.189361, "input_transform_end_time": 1716758160.189374, "result_transform_start_time": 1716758160.1936011, "result_transform_end_time": 1716758160.1956172}}
{"task_id": "35e14d3d-8f76-4f77-b1cf-de2ffccc2e86", "function_name": "noop_task", "parent_task_ids": [], "submit_time": 1716758160.2063098, "received_time": 1716758160.236403, "execution": {"hostname": "escience-taps", "execution_start_time": 1716758160.2246914, "execution_end_time": 1716758160.2304294, "task_start_time": 1716758160.2247264, "task_end_time": 1716758160.229154, "input_transform_start_time": 1716758160.2247107, "input_transform_end_time": 1716758160.2247262, "result_transform_start_time": 1716758160.2291543, "result_transform_end_time": 1716758160.2304294}}
{"task_id": "a76362fd-352e-4c8c-9d42-4ab351a915ae", "function_name": "noop_task", "parent_task_ids": [], "submit_time": 1716758160.2388592, "received_time": 1716758160.2743237, "execution": {"hostname": "escience-taps", "execution_start_time": 1716758160.2575698, "execution_end_time": 1716758160.2685146, "task_start_time": 1716758160.2575963, "task_end_time": 1716758160.2661068, "input_transform_start_time": 1716758160.2575843, "input_transform_end_time": 1716758160.2575963, "result_transform_start_time": 1716758160.2661073, "result_transform_end_time": 1716758160.2685142}}
{"task_id": "0e7789a1-b9d0-4b1b-952d-f9db1b3c701b", "function_name": "noop_task", "parent_task_ids": [], "submit_time": 1716758160.2774768, "received_time": 1716758160.3059669, "execution": {"hostname": "escience-taps", "execution_start_time": 1716758160.295439, "execution_end_time": 1716758160.3014586, "task_start_time": 1716758160.2954552, "task_end_time": 1716758160.2997272, "input_transform_start_time": 1716758160.2954462, "input_transform_end_time": 1716758160.2954528, "result_transform_start_time": 1716758160.2997277, "result_transform_end_time": 1716758160.3014586}}
