{"task_id": "95910329-5100-45b9-812d-fbfd577ba8c9", "function_name": "id", "parent_task_ids": [], "submit_time": 1716758683.7425857, "received_time": 1716758685.3702784, "execution": {"hostname": "escience-taps", "execution_start_time": 1716758685.367807, "execution_end_time": 1716758685.3678212, "task_start_time": 1716758685.3678157, "task_end_time": 1716758685.367816, "input_transform_start_time": 1716758685.3678095, "input_transform_end_time": 1716758685.3678155, "result_transform_start_time": 1716758685.3678162, "result_transform_end_time": 1716758685.3678212}}
{"task_id": "f2700bde-dfe2-46b0-a683-b1ff54a06002", "function_name": "noop_task", "parent_task_ids": [], "submit_time": 1716758685.375615, "received_time": 1716758685.4130037, "execution": {"hostname": "escience-taps", "execution_start_time": 1716758685.4017203, "execution_end_time": 1716758685.4040244, "task_start_time": 1716758685.4017308, "task_end_time": 1716758685.404016, "input_transform_start_time": 1716758685.4017248, "input_transform_end_time": 1716758685.4017308, "result_transform_start_time": 1716758685.4040165, "result_transform_end_time": 1716758685.4040241}}
{"task_id": "ded5869e-011e-406e-81be-e8d058401f41", "function_name": "noop_task", "parent_task_ids": [], "submit_time": 1716758685.4160736, "received_time": 1716758685.4529083, "execution": {"hostname": "escience-taps", "execution_start_time": 1716758685.4455533, "execution_end_time": 1716758685.4478173, "task_start_time": 1716758685.4455624, "task_end_time": 1716758685.4478133, "input_transform_start_time": 1716758685.4455574, "input_transform_end_time": 1716758685.4455624, "result_transform_start_time": 1716758685.4478137, "result_transform_end_time": 1716758685.4478173}}
{"task_id": "ee4046cf-9ae2-48e3-941e-439287f12ef7", "function_name": "noop_task", "parent_task_ids": [], "submit_time": 1716758685.4570854, "received_time": 1716758685.4942675, "execution": {"hostname": "escience-taps", "execution_start_time": 1716758685.485691, "execution_end_time": 1716758685.4893909, "task_start_time": 1716758685.485701, "task_end_time": 1716758685.489385, "input_transform_start_time": 1716758685.4856963, "input_transform_end_time": 1716758685.485701, "result_transform_start_time": 1716758685.4893851, "result_transform_end_time": 1716758685.4893909}}
{"task_id": "00ced5f8-4ba4-4b3e-8975-619065497721", "function_name": "noop_task", "parent_task_ids": [], "submit_time": 1716758685.4984624, "received_time": 1716758685.5360966, "execution": {"hostname": "escience-taps", "execution_start_time": 1716758685.5273685, "execution_end_time": 1716758685.5309389, "task_start_time": 1716758685.5273757, "task_end_time": 1716758685.5309346, "input_transform_start_time": 1716758685.5273721, "input_transform_end_time": 1716758685.5273757, "result_transform_start_time": 1716758685.5309348, "result_transform_end_time": 1716758685.5309389}}
{"task_id": "f935af7d-6393-4fda-aea8-29987c989813", "function_name": "noop_task", "parent_task_ids": [], "submit_time": 1716758685.5402853, "received_time": 1716758685.5780659, "execution": {"hostname": "escience-taps", "execution_start_time": 1716758685.5688503, "execution_end_time": 1716758685.5722253, "task_start_time": 1716758685.5688574, "task_end_time": 1716758685.5722177, "input_transform_start_time": 1716758685.568854, "input_transform_end_time": 1716758685.5688574, "result_transform_start_time": 1716758685.572218, "result_transform_end_time": 1716758685.572225}}
{"task_id": "3f2b3a91-0ed6-400c-8b30-8a0b99d41715", "function_name": "noop_task", "parent_task_ids": [], "submit_time": 1716758685.5822065, "received_time": 1716758685.619113, "execution": {"hostname": "escience-taps", "execution_start_time": 1716758685.6106586, "execution_end_time": 1716758685.6141798, "task_start_time": 1716758685.6106656, "task_end_time": 1716758685.6141717, "input_transform_start_time": 1716758685.6106622, "input_transform_end_time": 1716758685.6106656, "result_transform_start_time": 1716758685.614172, "result_transform_end_time": 1716758685.6141796}}
{"task_id": "46901ae0-a2cf-42ef-bd08-88690f788dbb", "function_name": "noop_task", "parent_task_ids": [], "submit_time": 1716758685.6233408, "received_time": 1716758685.6612723, "execution": {"hostname": "escience-taps", "execution_start_time": 1716758685.6524956, "execution_end_time": 1716758685.655238, "task_start_time": 1716758685.6525037, "task_end_time": 1716758685.6552324, "input_transform_start_time": 1716758685.6524994, "input_transform_end_time": 1716758685.6525035, "result_transform_start_time": 1716758685.6552324, "result_transform_end_time": 1716758685.6552377}}
{"task_id": "f8afa614-7ebd-4d8d-858f-c29d5525a611", "function_name": "noop_task", "parent_task_ids": [], "submit_time": 1716758685.6654668, "received_time": 1716758685.703389, "execution": {"hostname": "escience-taps", "execution_start_time": 1716758685.6938484, "execution_end_time": 1716758685.6979527, "task_start_time": 1716758685.693855, "task_end_time": 1716758685.697948, "input_transform_start_time": 1716758685.6938517, "input_transform_end_time": 1716758685.693855, "result_transform_start_time": 1716758685.697948, "result_transform_end_time": 1716758685.6979525}}
{"task_id": "5e6907f4-9ef4-44c9-a3cc-fdf7417f2f12", "function_name": "noop_task", "parent_task_ids": [], "submit_time": 1716758685.7082617, "received_time": 1716758685.744377, "execution": {"hostname": "escience-taps", "execution_start_time": 1716758685.7361999, "execution_end_time": 1716758685.738712, "task_start_time": 1716758685.7362068, "task_end_time": 1716758685.7387033, "input_transform_start_time": 1716758685.7362034, "input_transform_end_time": 1716758685.7362065, "result_transform_start_time": 1716758685.738704, "result_transform_end_time": 1716758685.7387118}}
{"task_id": "15803396-9193-4c78-b93f-9bfc9ef734ba", "function_name": "noop_task", "parent_task_ids": [], "submit_time": 1716758685.74863, "received_time": 1716758685.7856362, "execution": {"hostname": "escience-taps", "execution_start_time": 1716758685.7770438, "execution_end_time": 1716758685.7801685, "task_start_time": 1716758685.7770507, "task_end_time": 1716758685.780162, "input_transform_start_time": 1716758685.7770474, "input_transform_end_time": 1716758685.7770503, "result_transform_start_time": 1716758685.7801623, "result_transform_end_time": 1716758685.7801685}}
