{"task_id": "7bec48b4-075e-4d69-a255-5f6f5bc88eae", "function_name": "id", "parent_task_ids": [], "submit_time": 1716758239.914723, "received_time": 1716758240.6329207, "execution": {"hostname": "escience-taps", "execution_start_time": 1716758240.5872715, "execution_end_time": 1716758240.587303, "task_start_time": 1716758240.5872912, "task_end_time": 1716758240.5872927, "input_transform_start_time": 1716758240.5872788, "input_transform_end_time": 1716758240.5872908, "result_transform_start_time": 1716758240.587293, "result_transform_end_time": 1716758240.5873027}}
{"task_id": "2320c69e-9148-41a0-a2e1-42b54cc8e07c", "function_name": "noop_task", "parent_task_ids": [], "submit_time": 1716758240.6281111, "received_time": 1716758240.907371, "execution": {"hostname": "escience-taps", "execution_start_time": 1716758240.8433816, "execution_end_time": 1716758240.8998034, "task_start_time": 1716758240.8434124, "task_end_time": 1716758240.8891075, "input_transform_start_time": 1716758240.8433995, "input_transform_end_time": 1716758240.8434122, "result_transform_start_time": 1716758240.8891077, "result_transform_end_time": 1716758240.8998034}}
{"task_id": "e436423b-7332-4114-9048-966840f02b90", "function_name": "noop_task", "parent_task_ids": [], "submit_time": 1716758240.937027, "received_time": 1716758241.167142, "execution": {"hostname": "escience-taps", "execution_start_time": 1716758241.1064577, "execution_end_time": 1716758241.159947, "task_start_time": 1716758241.1065075, "task_end_time": 1716758241.1495452, "input_transform_start_time": 1716758241.1064856, "input_transform_end_time": 1716758241.1065073, "result_transform_start_time": 1716758241.1495454, "result_transform_end_time": 1716758241.1599467}}
{"task_id": "f22f788b-eb20-4018-96ad-478ec785d458", "function_name": "noop_task", "parent_task_ids": [], "submit_time": 1716758241.1976821, "received_time": 1716758241.4437048, "execution": {"hostname": "escience-taps", "execution_start_time": 1716758241.3823361, "execution_end_time": 1716758241.4365456, "task_start_time": 1716758241.3823864, "task_end_time": 1716758241.4258413, "input_transform_start_time": 1716758241.382362, "input_transform_end_time": 1716758241.382386, "result_transform_start_time": 1716758241.4258418, "result_transform_end_time": 1716758241.4365454}}
{"task_id": "88ac31ca-a158-4877-b409-e8bd2ce49fe8", "function_name": "noop_task", "parent_task_ids": [], "submit_time": 1716758241.4739606, "received_time": 1716758241.7025878, "execution": {"hostname": "escience-taps", "execution_start_time": 1716758241.643002, "execution_end_time": 1716758241.6964724, "task_start_time": 1716758241.6430442, "task_end_time": 1716758241.6869009, "input_transform_start_time": 1716758241.6430311, "input_transform_end_time": 1716758241.643044, "result_transform_start_time": 1716758241.686901, "result_transform_end_time": 1716758241.6964722}}
{"task_id": "28a5859c-babc-4857-9951-729b1c1dfd39", "function_name": "noop_task", "parent_task_ids": [], "submit_time": 1716758241.7332695, "received_time": 1716758241.9628472, "execution": {"hostname": "escience-taps", "execution_start_time": 1716758241.8942828, "execution_end_time": 1716758241.955541, "task_start_time": 1716758241.894308, "task_end_time": 1716758241.937943, "input_transform_start_time": 1716758241.8942957, "input_transform_end_time": 1716758241.8943079, "result_transform_start_time": 1716758241.937943, "result_transform_end_time": 1716758241.9555407}}
{"task_id": "5950178b-f107-47ef-a275-38e0580efbdb", "function_name": "noop_task", "parent_task_ids": [], "submit_time": 1716758241.991345, "received_time": 1716758242.2129042, "execution": {"hostname": "escience-taps", "execution_start_time": 1716758242.1519911, "execution_end_time": 1716758242.2057495, "task_start_time": 1716758242.1520314, "task_end_time": 1716758242.1955063, "input_transform_start_time": 1716758242.1520154, "input_transform_end_time": 1716758242.1520312, "result_transform_start_time": 1716758242.1955066, "result_transform_end_time": 1716758242.2057493}}
{"task_id": "2de96d84-da87-4ec9-a9a9-19e8aebf4ece", "function_name": "noop_task", "parent_task_ids": [], "submit_time": 1716758242.2435222, "received_time": 1716758242.4663582, "execution": {"hostname": "escience-taps", "execution_start_time": 1716758242.4046068, "execution_end_time": 1716758242.4592848, "task_start_time": 1716758242.4046414, "task_end_time": 1716758242.448058, "input_transform_start_time": 1716758242.4046247, "input_transform_end_time": 1716758242.404641, "result_transform_start_time": 1716758242.4480581, "result_transform_end_time": 1716758242.4592845}}
{"task_id": "3d0a12d4-c77e-445e-8ba4-1291eb472ccf", "function_name": "noop_task", "parent_task_ids": [], "submit_time": 1716758242.4962914, "received_time": 1716758242.7248263, "execution": {"hostname": "escience-taps", "execution_start_time": 1716758242.6639316, "execution_end_time": 1716758242.7179189, "task_start_time": 1716758242.6639616, "task_end_time": 1716758242.707629, "input_transform_start_time": 1716758242.6639488, "input_transform_end_time": 1716758242.6639614, "result_transform_start_time": 1716758242.7076292, "result_transform_end_time": 1716758242.7179186}}
{"task_id": "96bf6bbd-6a20-4d52-ba29-872726551a4f", "function_name": "noop_task", "parent_task_ids": [], "submit_time": 1716758242.7542262, "received_time": 1716758242.9863071, "execution": {"hostname": "escience-taps", "execution_start_time": 1716758242.9270387, "execution_end_time": 1716758242.9804473, "task_start_time": 1716758242.9270625, "task_end_time": 1716758242.97023, "input_transform_start_time": 1716758242.927053, "input_transform_end_time": 1716758242.9270625, "result_transform_start_time": 1716758242.9702303, "result_transform_end_time": 1716758242.9804468}}
{"task_id": "9ee20da3-b509-481b-ac47-fb942da0ee12", "function_name": "noop_task", "parent_task_ids": [], "submit_time": 1716758243.0165167, "received_time": 1716758243.2721052, "execution": {"hostname": "escience-taps", "execution_start_time": 1716758243.2060804, "execution_end_time": 1716758243.2657092, "task_start_time": 1716758243.2061045, "task_end_time": 1716758243.248751, "input_transform_start_time": 1716758243.206093, "input_transform_end_time": 1716758243.2061043, "result_transform_start_time": 1716758243.2487512, "result_transform_end_time": 1716758243.2657087}}
