{"task_id": "10351b7b-ff4b-4448-9501-20c6cf10c617", "function_name": "id", "parent_task_ids": [], "submit_time": 1716758534.5357325, "received_time": 1716758534.543698, "execution": {"hostname": "escience-taps", "execution_start_time": 1716758534.5427897, "execution_end_time": 1716758534.542865, "task_start_time": 1716758534.5428445, "task_end_time": 1716758534.5428457, "input_transform_start_time": 1716758534.5428095, "input_transform_end_time": 1716758534.5428414, "result_transform_start_time": 1716758534.542846, "result_transform_end_time": 1716758534.5428648}}
{"task_id": "35c4a6fa-ef15-45dd-a6e1-4e1ae8bba7ab", "function_name": "noop_task", "parent_task_ids": [], "submit_time": 1716758534.5745528, "received_time": 1716758534.6515024, "execution": {"hostname": "escience-taps", "execution_start_time": 1716758534.5867991, "execution_end_time": 1716758534.6509845, "task_start_time": 1716758534.586823, "task_end_time": 1716758534.6405632, "input_transform_start_time": 1716758534.5868168, "input_transform_end_time": 1716758534.5868227, "result_transform_start_time": 1716758534.6405635, "result_transform_end_time": 1716758534.6509843}}
{"task_id": "8b3efbfd-8ef0-4cad-98f4-4804c576cfcb", "function_name": "noop_task", "parent_task_ids": [], "submit_time": 1716758534.6954021, "received_time": 1716758534.7506356, "execution": {"hostname": "escience-taps", "execution_start_time": 1716758534.7060137, "execution_end_time": 1716758534.7501404, "task_start_time": 1716758534.7060387, "task_end_time": 1716758534.7416337, "input_transform_start_time": 1716758534.7060287, "input_transform_end_time": 1716758534.7060382, "result_transform_start_time": 1716758534.7416341, "result_transform_end_time": 1716758534.7501402}}
{"task_id": "8c9542b5-aa91-41b0-87af-b15d85a5285b", "function_name": "noop_task", "parent_task_ids": [], "submit_time": 1716758534.792528, "received_time": 1716758534.8486698, "execution": {"hostname": "escience-taps", "execution_start_time": 1716758534.8025064, "execution_end_time": 1716758534.8482046, "task_start_time": 1716758534.802541, "task_end_time": 1716758534.8394651, "input_transform_start_time": 1716758534.8025231, "input_transform_end_time": 1716758534.8025408, "result_transform_start_time": 1716758534.8394654, "result_transform_end_time": 1716758534.8482044}}
{"task_id": "a180b9f5-b080-4651-bb5f-6aa666e4e821", "function_name": "noop_task", "parent_task_ids": [], "submit_time": 1716758534.894937, "received_time": 1716758534.9521334, "execution": {"hostname": "escience-taps", "execution_start_time": 1716758534.9046137, "execution_end_time": 1716758534.9516644, "task_start_time": 1716758534.9046423, "task_end_time": 1716758534.9422674, "input_transform_start_time": 1716758534.904632, "input_transform_end_time": 1716758534.9046423, "result_transform_start_time": 1716758534.9422674, "result_transform_end_time": 1716758534.9516642}}
{"task_id": "40f8ebfc-f108-45ce-a5dc-0e4c6d9d636b", "function_name": "noop_task", "parent_task_ids": [], "submit_time": 1716758534.9826164, "received_time": 1716758535.0373132, "execution": {"hostname": "escience-taps", "execution_start_time": 1716758534.9922793, "execution_end_time": 1716758535.03688, "task_start_time": 1716758534.9923038, "task_end_time": 1716758535.028263, "input_transform_start_time": 1716758534.9922943, "input_transform_end_time": 1716758534.9923036, "result_transform_start_time": 1716758535.0282633, "result_transform_end_time": 1716758535.0368798}}
{"task_id": "d427ef1e-2a67-4f58-b2fa-f5234a5f95ec", "function_name": "noop_task", "parent_task_ids": [], "submit_time": 1716758535.0786712, "received_time": 1716758535.133361, "execution": {"hostname": "escience-taps", "execution_start_time": 1716758535.0888112, "execution_end_time": 1716758535.1329236, "task_start_time": 1716758535.0888355, "task_end_time": 1716758535.1247506, "input_transform_start_time": 1716758535.0888264, "input_transform_end_time": 1716758535.0888352, "result_transform_start_time": 1716758535.1247506, "result_transform_end_time": 1716758535.1329234}}
{"task_id": "10dde270-d21b-4cf5-9e41-50c3f25f6feb", "function_name": "noop_task", "parent_task_ids": [], "submit_time": 1716758535.1758454, "received_time": 1716758535.2324317, "execution": {"hostname": "escience-taps", "execution_start_time": 1716758535.1852982, "execution_end_time": 1716758535.232018, "task_start_time": 1716758535.1853235, "task_end_time": 1716758535.2227921, "input_transform_start_time": 1716758535.1853137, "input_transform_end_time": 1716758535.1853232, "result_transform_start_time": 1716758535.2227924, "result_transform_end_time": 1716758535.232018}}
{"task_id": "3711a766-ef7a-40c2-906f-5272a6925ad7", "function_name": "noop_task", "parent_task_ids": [], "submit_time": 1716758535.2783875, "received_time": 1716758535.3345325, "execution": {"hostname": "escience-taps", "execution_start_time": 1716758535.2882006, "execution_end_time": 1716758535.3341188, "task_start_time": 1716758535.2882252, "task_end_time": 1716758535.324808, "input_transform_start_time": 1716758535.288217, "input_transform_end_time": 1716758535.2882252, "result_transform_start_time": 1716758535.3248081, "result_transform_end_time": 1716758535.3341186}}
{"task_id": "33e73dd1-17db-47a4-873d-e924a4611aa7", "function_name": "noop_task", "parent_task_ids": [], "submit_time": 1716758535.376056, "received_time": 1716758535.4312468, "execution": {"hostname": "escience-taps", "execution_start_time": 1716758535.3860815, "execution_end_time": 1716758535.4308014, "task_start_time": 1716758535.3861043, "task_end_time": 1716758535.4226582, "input_transform_start_time": 1716758535.3860967, "input_transform_end_time": 1716758535.3861043, "result_transform_start_time": 1716758535.4226582, "result_transform_end_time": 1716758535.4308014}}
{"task_id": "bd72043e-18c6-4827-994b-8953e5eaadce", "function_name": "noop_task", "parent_task_ids": [], "submit_time": 1716758535.4785736, "received_time": 1716758535.534947, "execution": {"hostname": "escience-taps", "execution_start_time": 1716758535.4886029, "execution_end_time": 1716758535.5344853, "task_start_time": 1716758535.4886267, "task_end_time": 1716758535.5257592, "input_transform_start_time": 1716758535.4886186, "input_transform_end_time": 1716758535.4886265, "result_transform_start_time": 1716758535.5257595, "result_transform_end_time": 1716758535.534485}}
