{"task_id": "8f936b28-8868-4427-848c-78c3b48805e9", "function_name": "id", "parent_task_ids": [], "submit_time": 1716759281.52814, "received_time": 1716759282.1801887, "execution": {"hostname": "escience-taps", "execution_start_time": 1716759282.1758256, "execution_end_time": 1716759282.1758356, "task_start_time": 1716759282.1758316, "task_end_time": 1716759282.175832, "input_transform_start_time": 1716759282.1758282, "input_transform_end_time": 1716759282.1758316, "result_transform_start_time": 1716759282.175832, "result_transform_end_time": 1716759282.1758354}}
{"task_id": "83fecc6b-92ed-44c4-883f-3ae46b583e24", "function_name": "noop_task", "parent_task_ids": [], "submit_time": 1716759282.1811135, "received_time": 1716759282.1898112, "execution": {"hostname": "escience-taps", "execution_start_time": 1716759282.1884217, "execution_end_time": 1716759282.1885223, "task_start_time": 1716759282.1884284, "task_end_time": 1716759282.1885183, "input_transform_start_time": 1716759282.1884246, "input_transform_end_time": 1716759282.1884284, "result_transform_start_time": 1716759282.1885183, "result_transform_end_time": 1716759282.1885223}}
{"task_id": "0daba78d-f86b-45da-9e19-0c74dc1535be", "function_name": "noop_task", "parent_task_ids": [], "submit_time": 1716759282.190006, "received_time": 1716759282.1925752, "execution": {"hostname": "escience-taps", "execution_start_time": 1716759282.1917365, "execution_end_time": 1716759282.1918316, "task_start_time": 1716759282.191744, "task_end_time": 1716759282.1918283, "input_transform_start_time": 1716759282.1917405, "input_transform_end_time": 1716759282.1917439, "result_transform_start_time": 1716759282.1918285, "result_transform_end_time": 1716759282.1918316}}
{"task_id": "1c109c5e-3d8f-4205-9456-47b82059650b", "function_name": "noop_task", "parent_task_ids": [], "submit_time": 1716759282.1928158, "received_time": 1716759282.19546, "execution": {"hostname": "escience-taps", "execution_start_time": 1716759282.1944752, "execution_end_time": 1716759282.1945715, "task_start_time": 1716759282.1944835, "task_end_time": 1716759282.194568, "input_transform_start_time": 1716759282.1944795, "input_transform_end_time": 1716759282.1944835, "result_transform_start_time": 1716759282.1945682, "result_transform_end_time": 1716759282.1945713}}
{"task_id": "805b0d0c-0b0b-4dac-8f40-3f778ac05b6d", "function_name": "noop_task", "parent_task_ids": [], "submit_time": 1716759282.1956959, "received_time": 1716759282.1985543, "execution": {"hostname": "escience-taps", "execution_start_time": 1716759282.1975274, "execution_end_time": 1716759282.1976223, "task_start_time": 1716759282.1975334, "task_end_time": 1716759282.1976187, "input_transform_start_time": 1716759282.1975303, "input_transform_end_time": 1716759282.1975334, "result_transform_start_time": 1716759282.1976187, "result_transform_end_time": 1716759282.197622}}
{"task_id": "a30bbfe2-9273-4909-85a0-68bd6e165d5c", "function_name": "noop_task", "parent_task_ids": [], "submit_time": 1716759282.19874, "received_time": 1716759282.201249, "execution": {"hostname": "escience-taps", "execution_start_time": 1716759282.2003202, "execution_end_time": 1716759282.2004144, "task_start_time": 1716759282.2003264, "task_end_time": 1716759282.2004108, "input_transform_start_time": 1716759282.200323, "input_transform_end_time": 1716759282.2003262, "result_transform_start_time": 1716759282.2004108, "result_transform_end_time": 1716759282.2004144}}
{"task_id": "d7041982-4a24-4ccd-8843-bfa5a4f16c94", "function_name": "noop_task", "parent_task_ids": [], "submit_time": 1716759282.201476, "received_time": 1716759282.2035596, "execution": {"hostname": "escience-taps", "execution_start_time": 1716759282.202759, "execution_end_time": 1716759282.2028527, "task_start_time": 1716759282.2027652, "task_end_time": 1716759282.2028494, "input_transform_start_time": 1716759282.2027621, "input_transform_end_time": 1716759282.2027652, "result_transform_start_time": 1716759282.2028494, "result_transform_end_time": 1716759282.2028527}}
{"task_id": "053c677a-a215-4f8d-a6ba-7135eba611b7", "function_name": "noop_task", "parent_task_ids": [], "submit_time": 1716759282.2037766, "received_time": 1716759282.205997, "execution": {"hostname": "escience-taps", "execution_start_time": 1716759282.2051842, "execution_end_time": 1716759282.2052803, "task_start_time": 1716759282.2051911, "task_end_time": 1716759282.205276, "input_transform_start_time": 1716759282.205187, "input_transform_end_time": 1716759282.205191, "result_transform_start_time": 1716759282.2052763, "result_transform_end_time": 1716759282.20528}}
{"task_id": "4ead8cd2-1e8d-4cfa-bf63-ddc618255e8c", "function_name": "noop_task", "parent_task_ids": [], "submit_time": 1716759282.206223, "received_time": 1716759282.2080708, "execution": {"hostname": "escience-taps", "execution_start_time": 1716759282.2074564, "execution_end_time": 1716759282.2075512, "task_start_time": 1716759282.2074618, "task_end_time": 1716759282.2075481, "input_transform_start_time": 1716759282.2074592, "input_transform_end_time": 1716759282.2074618, "result_transform_start_time": 1716759282.2075481, "result_transform_end_time": 1716759282.2075512}}
{"task_id": "51f1f664-c840-4916-a483-ae2ce0e3d4d0", "function_name": "noop_task", "parent_task_ids": [], "submit_time": 1716759282.2082348, "received_time": 1716759282.210144, "execution": {"hostname": "escience-taps", "execution_start_time": 1716759282.2094688, "execution_end_time": 1716759282.209561, "task_start_time": 1716759282.2094746, "task_end_time": 1716759282.209558, "input_transform_start_time": 1716759282.2094717, "input_transform_end_time": 1716759282.2094746, "result_transform_start_time": 1716759282.209558, "result_transform_end_time": 1716759282.209561}}
{"task_id": "00bd4a07-69d4-4480-8a33-cac48a02aa03", "function_name": "noop_task", "parent_task_ids": [], "submit_time": 1716759282.210311, "received_time": 1716759282.2120874, "execution": {"hostname": "escience-taps", "execution_start_time": 1716759282.2114434, "execution_end_time": 1716759282.2115345, "task_start_time": 1716759282.2114491, "task_end_time": 1716759282.2115316, "input_transform_start_time": 1716759282.2114463, "input_transform_end_time": 1716759282.211449, "result_transform_start_time": 1716759282.2115319, "result_transform_end_time": 1716759282.2115345}}
