{"task_id": "04f31158-d040-40e5-9f6d-8423b2d2d5bc", "function_name": "_map_function_for_enron_run_mode", "parent_task_ids": [], "submit_time": 1716647640.522711, "received_time": 1716647640.8333814, "execution": {"hostname": "escience-taps", "execution_start_time": 1716647640.5292964, "execution_end_time": 1716647640.8068972, "task_start_time": 1716647640.5293279, "task_end_time": 1716647640.8068776, "input_transform_start_time": 1716647640.5293062, "input_transform_end_time": 1716647640.529327, "result_transform_start_time": 1716647640.8068779, "result_transform_end_time": 1716647640.806897}}
{"task_id": "f79ca8d8-0ce5-451a-b7d7-794a6957cda7", "function_name": "_map_function_for_enron_run_mode", "parent_task_ids": [], "submit_time": 1716647640.5223672, "received_time": 1716647640.855168, "execution": {"hostname": "escience-taps", "execution_start_time": 1716647640.5285175, "execution_end_time": 1716647640.809546, "task_start_time": 1716647640.5285597, "task_end_time": 1716647640.8095214, "input_transform_start_time": 1716647640.528533, "input_transform_end_time": 1716647640.5285575, "result_transform_start_time": 1716647640.8095217, "result_transform_end_time": 1716647640.8095458}}
{"task_id": "33ff9cfa-6889-4408-bd15-9c7199197231", "function_name": "_map_function_for_enron_run_mode", "parent_task_ids": [], "submit_time": 1716647640.5218651, "received_time": 1716647641.0746229, "execution": {"hostname": "escience-taps", "execution_start_time": 1716647640.5263019, "execution_end_time": 1716647641.0521088, "task_start_time": 1716647640.5263631, "task_end_time": 1716647641.052078, "input_transform_start_time": 1716647640.5263245, "input_transform_end_time": 1716647640.5263603, "result_transform_start_time": 1716647641.0520782, "result_transform_end_time": 1716647641.0521088}}
{"task_id": "436757ce-a978-4630-abdb-cb14a1ee43a1", "function_name": "_map_function_for_enron_run_mode", "parent_task_ids": [], "submit_time": 1716647640.5223103, "received_time": 1716647641.2113824, "execution": {"hostname": "escience-taps", "execution_start_time": 1716647640.528254, "execution_end_time": 1716647641.1698842, "task_start_time": 1716647640.5282974, "task_end_time": 1716647641.1698556, "input_transform_start_time": 1716647640.5282688, "input_transform_end_time": 1716647640.5282958, "result_transform_start_time": 1716647641.169856, "result_transform_end_time": 1716647641.1698842}}
{"task_id": "276abd45-f03c-425b-aed0-75a016f9a17f", "function_name": "_map_function_for_enron_run_mode", "parent_task_ids": [], "submit_time": 1716647640.522209, "received_time": 1716647641.4559922, "execution": {"hostname": "escience-taps", "execution_start_time": 1716647640.5277472, "execution_end_time": 1716647641.41735, "task_start_time": 1716647640.5277941, "task_end_time": 1716647641.4173203, "input_transform_start_time": 1716647640.527767, "input_transform_end_time": 1716647640.5277925, "result_transform_start_time": 1716647641.4173212, "result_transform_end_time": 1716647641.4173498}}
{"task_id": "de8da1b1-32ef-49ff-8edd-fb67cc33970c", "function_name": "_map_function_for_enron_run_mode", "parent_task_ids": [], "submit_time": 1716647640.5226843, "received_time": 1716647641.6798725, "execution": {"hostname": "escience-taps", "execution_start_time": 1716647640.5292795, "execution_end_time": 1716647641.6420224, "task_start_time": 1716647640.529323, "task_end_time": 1716647641.641995, "input_transform_start_time": 1716647640.5292947, "input_transform_end_time": 1716647640.5293212, "result_transform_start_time": 1716647641.6419964, "result_transform_end_time": 1716647641.6420221}}
{"task_id": "58b96aeb-1114-45ca-88da-dc75714cb118", "function_name": "_map_function_for_enron_run_mode", "parent_task_ids": [], "submit_time": 1716647640.5220814, "received_time": 1716647641.7104502, "execution": {"hostname": "escience-taps", "execution_start_time": 1716647640.527137, "execution_end_time": 1716647641.6576114, "task_start_time": 1716647640.5271804, "task_end_time": 1716647641.657582, "input_transform_start_time": 1716647640.5271542, "input_transform_end_time": 1716647640.527178, "result_transform_start_time": 1716647641.657583, "result_transform_end_time": 1716647641.657611}}
{"task_id": "3220e8dd-4491-4d58-9ddf-00defa5b3ebd", "function_name": "_map_function_for_enron_run_mode", "parent_task_ids": [], "submit_time": 1716647640.521909, "received_time": 1716647641.7466583, "execution": {"hostname": "escience-taps", "execution_start_time": 1716647640.5264485, "execution_end_time": 1716647641.7038035, "task_start_time": 1716647640.526508, "task_end_time": 1716647641.7037683, "input_transform_start_time": 1716647640.5264702, "input_transform_end_time": 1716647640.5265052, "result_transform_start_time": 1716647641.7037685, "result_transform_end_time": 1716647641.7038035}}
{"task_id": "ee7cbcda-a402-4a7f-8490-b9ad58546a91", "function_name": "_map_function_for_enron_run_mode", "parent_task_ids": [], "submit_time": 1716647640.4873164, "received_time": 1716647641.7732608, "execution": {"hostname": "escience-taps", "execution_start_time": 1716647640.5242686, "execution_end_time": 1716647641.7032905, "task_start_time": 1716647640.5243204, "task_end_time": 1716647641.703239, "input_transform_start_time": 1716647640.524288, "input_transform_end_time": 1716647640.524318, "result_transform_start_time": 1716647641.7032394, "result_transform_end_time": 1716647641.7032902}}
{"task_id": "816d71e3-4be2-42bf-a8cb-ed632b6892da", "function_name": "_map_function_for_enron_run_mode", "parent_task_ids": [], "submit_time": 1716647640.5226088, "received_time": 1716647641.816364, "execution": {"hostname": "escience-taps", "execution_start_time": 1716647640.5289862, "execution_end_time": 1716647641.7705653, "task_start_time": 1716647640.5290322, "task_end_time": 1716647641.770533, "input_transform_start_time": 1716647640.5290048, "input_transform_end_time": 1716647640.5290303, "result_transform_start_time": 1716647641.7705345, "result_transform_end_time": 1716647641.7705653}}
{"task_id": "dcf0453c-08fb-4535-8f64-faa2bb2637aa", "function_name": "_map_function_for_enron_run_mode", "parent_task_ids": [], "submit_time": 1716647640.522105, "received_time": 1716647641.83821, "execution": {"hostname": "escience-taps", "execution_start_time": 1716647640.527262, "execution_end_time": 1716647641.779865, "task_start_time": 1716647640.5273046, "task_end_time": 1716647641.7798355, "input_transform_start_time": 1716647640.5272768, "input_transform_end_time": 1716647640.527302, "result_transform_start_time": 1716647641.7798362, "result_transform_end_time": 1716647641.7798648}}
{"task_id": "4eaf02a6-4592-40e6-9186-975bfd6bb3e0", "function_name": "_map_function_for_enron_run_mode", "parent_task_ids": [], "submit_time": 1716647640.5219686, "received_time": 1716647641.8610213, "execution": {"hostname": "escience-taps", "execution_start_time": 1716647640.526516, "execution_end_time": 1716647641.785775, "task_start_time": 1716647640.5265563, "task_end_time": 1716647641.7857409, "input_transform_start_time": 1716647640.526531, "input_transform_end_time": 1716647640.5265543, "result_transform_start_time": 1716647641.7857418, "result_transform_end_time": 1716647641.7857747}}
{"task_id": "c36231fb-1277-4cf9-9bc7-1c1494e1d237", "function_name": "_map_function_for_enron_run_mode", "parent_task_ids": [], "submit_time": 1716647640.5225031, "received_time": 1716647641.893508, "execution": {"hostname": "escience-taps", "execution_start_time": 1716647640.528721, "execution_end_time": 1716647641.7736433, "task_start_time": 1716647640.5287805, "task_end_time": 1716647641.773614, "input_transform_start_time": 1716647640.5287502, "input_transform_end_time": 1716647640.5287786, "result_transform_start_time": 1716647641.7736146, "result_transform_end_time": 1716647641.7736433}}
{"task_id": "518e63d7-1206-4d1a-aa02-f00c0ec109ae", "function_name": "_map_function_for_enron_run_mode", "parent_task_ids": [], "submit_time": 1716647640.521741,