{"task_id": "655b112d-3f4d-43fb-8e6d-c92206f1ebde", "function_name": "id", "parent_task_ids": [], "submit_time": 1716758749.9265869, "received_time": 1716758751.5604112, "execution": {"hostname": "escience-taps", "execution_start_time": 1716758751.5579162, "execution_end_time": 1716758751.557933, "task_start_time": 1716758751.5579274, "task_end_time": 1716758751.5579278, "input_transform_start_time": 1716758751.5579188, "input_transform_end_time": 1716758751.5579274, "result_transform_start_time": 1716758751.5579278, "result_transform_end_time": 1716758751.557933}}
{"task_id": "1243a9b8-fbd2-48f5-851d-24ab58832f43", "function_name": "noop_task", "parent_task_ids": [], "submit_time": 1716758751.5612485, "received_time": 1716758751.5761282, "execution": {"hostname": "escience-taps", "execution_start_time": 1716758751.5741029, "execution_end_time": 1716758751.5748067, "task_start_time": 1716758751.5741203, "task_end_time": 1716758751.5745795, "input_transform_start_time": 1716758751.5741134, "input_transform_end_time": 1716758751.5741203, "result_transform_start_time": 1716758751.5745797, "result_transform_end_time": 1716758751.5748067}}
{"task_id": "7ab9d86a-a001-40a2-9e21-1f0248f8e7d8", "function_name": "noop_task", "parent_task_ids": [], "submit_time": 1716758751.5769892, "received_time": 1716758751.587928, "execution": {"hostname": "escience-taps", "execution_start_time": 1716758751.586274, "execution_end_time": 1716758751.5869668, "task_start_time": 1716758751.586285, "task_end_time": 1716758751.5866652, "input_transform_start_time": 1716758751.5862803, "input_transform_end_time": 1716758751.586285, "result_transform_start_time": 1716758751.5866654, "result_transform_end_time": 1716758751.5869668}}
{"task_id": "749cd3ca-7c5e-42f6-94d9-e924a796132b", "function_name": "noop_task", "parent_task_ids": [], "submit_time": 1716758751.588722, "received_time": 1716758751.6000016, "execution": {"hostname": "escience-taps", "execution_start_time": 1716758751.5984778, "execution_end_time": 1716758751.5990415, "task_start_time": 1716758751.59849, "task_end_time": 1716758751.5988724, "input_transform_start_time": 1716758751.5984843, "input_transform_end_time": 1716758751.5984898, "result_transform_start_time": 1716758751.5988727, "result_transform_end_time": 1716758751.5990412}}
{"task_id": "af5f01a7-3df7-4987-90ad-43b437110eee", "function_name": "noop_task", "parent_task_ids": [], "submit_time": 1716758751.6007462, "received_time": 1716758751.612044, "execution": {"hostname": "escience-taps", "execution_start_time": 1716758751.6105778, "execution_end_time": 1716758751.611117, "task_start_time": 1716758751.6105874, "task_end_time": 1716758751.6109464, "input_transform_start_time": 1716758751.6105833, "input_transform_end_time": 1716758751.6105871, "result_transform_start_time": 1716758751.6109467, "result_transform_end_time": 1716758751.6111166}}
{"task_id": "0a0e7044-fe3f-46bc-82a1-76c200abeeb6", "function_name": "noop_task", "parent_task_ids": [], "submit_time": 1716758751.6128323, "received_time": 1716758751.6240044, "execution": {"hostname": "escience-taps", "execution_start_time": 1716758751.622516, "execution_end_time": 1716758751.6230466, "task_start_time": 1716758751.6225255, "task_end_time": 1716758751.6228845, "input_transform_start_time": 1716758751.6225216, "input_transform_end_time": 1716758751.6225255, "result_transform_start_time": 1716758751.6228845, "result_transform_end_time": 1716758751.6230464}}
{"task_id": "02d25db1-d74b-4ba4-9d5c-c255cf44791b", "function_name": "noop_task", "parent_task_ids": [], "submit_time": 1716758751.6247723, "received_time": 1716758751.6359417, "execution": {"hostname": "escience-taps", "execution_start_time": 1716758751.6344445, "execution_end_time": 1716758751.6349835, "task_start_time": 1716758751.634454, "task_end_time": 1716758751.6348152, "input_transform_start_time": 1716758751.63445, "input_transform_end_time": 1716758751.6344538, "result_transform_start_time": 1716758751.6348155, "result_transform_end_time": 1716758751.634983}}
{"task_id": "87e8b563-e968-4b12-ae04-a2653fbb857f", "function_name": "noop_task", "parent_task_ids": [], "submit_time": 1716758751.6367044, "received_time": 1716758751.6480148, "execution": {"hostname": "escience-taps", "execution_start_time": 1716758751.6464832, "execution_end_time": 1716758751.6470323, "task_start_time": 1716758751.6464932, "task_end_time": 1716758751.6468627, "input_transform_start_time": 1716758751.6464887, "input_transform_end_time": 1716758751.6464932, "result_transform_start_time": 1716758751.6468632, "result_transform_end_time": 1716758751.6470323}}
{"task_id": "04091dad-87f2-4dba-bcd5-93520eec8371", "function_name": "noop_task", "parent_task_ids": [], "submit_time": 1716758751.648786, "received_time": 1716758751.6598985, "execution": {"hostname": "escience-taps", "execution_start_time": 1716758751.658455, "execution_end_time": 1716758751.6589909, "task_start_time": 1716758751.658464, "task_end_time": 1716758751.6588259, "input_transform_start_time": 1716758751.6584604, "input_transform_end_time": 1716758751.658464, "result_transform_start_time": 1716758751.6588264, "result_transform_end_time": 1716758751.6589906}}
{"task_id": "aaefd168-10a2-4d8d-ad71-0c166d67ce25", "function_name": "noop_task", "parent_task_ids": [], "submit_time": 1716758751.660649, "received_time": 1716758751.671888, "execution": {"hostname": "escience-taps", "execution_start_time": 1716758751.6703324, "execution_end_time": 1716758751.6709669, "task_start_time": 1716758751.670345, "task_end_time": 1716758751.670808, "input_transform_start_time": 1716758751.6703398, "input_transform_end_time": 1716758751.6703446, "result_transform_start_time": 1716758751.670808, "result_transform_end_time": 1716758751.6709669}}
{"task_id": "aaa73fca-e263-4918-9f59-33a6ac27dcd5", "function_name": "noop_task", "parent_task_ids": [], "submit_time": 1716758751.6725957, "received_time": 1716758751.684075, "execution": {"hostname": "escience-taps", "execution_start_time": 1716758751.6824687, "execution_end_time": 1716758751.6831536, "task_start_time": 1716758751.6824808, "task_end_time": 1716758751.6829658, "input_transform_start_time": 1716758751.6824758, "input_transform_end_time": 1716758751.6824806, "result_transform_start_time": 1716758751.682966, "result_transform_end_time": 1716758751.6831536}}
