{"task_id": "7b01b410-0512-474b-8f3e-a1ec5adfba54", "function_name": "id", "parent_task_ids": [], "submit_time": 1716759341.9778588, "received_time": 1716759342.628798, "execution": {"hostname": "escience-taps", "execution_start_time": 1716759342.6241326, "execution_end_time": 1716759342.6241424, "task_start_time": 1716759342.6241386, "task_end_time": 1716759342.624139, "input_transform_start_time": 1716759342.6241353, "input_transform_end_time": 1716759342.6241386, "result_transform_start_time": 1716759342.6241393, "result_transform_end_time": 1716759342.6241424}}
{"task_id": "f9147c25-8c56-4e41-bc53-ee7b039a427e", "function_name": "noop_task", "parent_task_ids": [], "submit_time": 1716759342.633556, "received_time": 1716759342.6508536, "execution": {"hostname": "escience-taps", "execution_start_time": 1716759342.6456141, "execution_end_time": 1716759342.648671, "task_start_time": 1716759342.645622, "task_end_time": 1716759342.6486661, "input_transform_start_time": 1716759342.6456177, "input_transform_end_time": 1716759342.6456218, "result_transform_start_time": 1716759342.6486661, "result_transform_end_time": 1716759342.6486707}}
{"task_id": "bae8ac95-8f05-4198-b865-74a926db0f74", "function_name": "noop_task", "parent_task_ids": [], "submit_time": 1716759342.6542938, "received_time": 1716759342.6616747, "execution": {"hostname": "escience-taps", "execution_start_time": 1716759342.6566756, "execution_end_time": 1716759342.6593356, "task_start_time": 1716759342.6566834, "task_end_time": 1716759342.6593318, "input_transform_start_time": 1716759342.6566794, "input_transform_end_time": 1716759342.6566834, "result_transform_start_time": 1716759342.659332, "result_transform_end_time": 1716759342.6593356}}
{"task_id": "f2741894-0955-4c7f-a6f1-ec9456aecfde", "function_name": "noop_task", "parent_task_ids": [], "submit_time": 1716759342.667271, "received_time": 1716759342.6751535, "execution": {"hostname": "escience-taps", "execution_start_time": 1716759342.6704738, "execution_end_time": 1716759342.67334, "task_start_time": 1716759342.6704826, "task_end_time": 1716759342.6733363, "input_transform_start_time": 1716759342.6704776, "input_transform_end_time": 1716759342.6704824, "result_transform_start_time": 1716759342.6733365, "result_transform_end_time": 1716759342.67334}}
{"task_id": "2aaff58e-a03c-426e-b53f-b0e4d32ef62d", "function_name": "noop_task", "parent_task_ids": [], "submit_time": 1716759342.6787832, "received_time": 1716759342.6863778, "execution": {"hostname": "escience-taps", "execution_start_time": 1716759342.681829, "execution_end_time": 1716759342.6846392, "task_start_time": 1716759342.6818354, "task_end_time": 1716759342.6846352, "input_transform_start_time": 1716759342.681832, "input_transform_end_time": 1716759342.6818354, "result_transform_start_time": 1716759342.6846354, "result_transform_end_time": 1716759342.684639}}
{"task_id": "03fcd233-09e7-4834-9a77-bb297ce7c5ab", "function_name": "noop_task", "parent_task_ids": [], "submit_time": 1716759342.689902, "received_time": 1716759342.6971068, "execution": {"hostname": "escience-taps", "execution_start_time": 1716759342.6926527, "execution_end_time": 1716759342.6955252, "task_start_time": 1716759342.6926596, "task_end_time": 1716759342.695521, "input_transform_start_time": 1716759342.692656, "input_transform_end_time": 1716759342.6926596, "result_transform_start_time": 1716759342.695521, "result_transform_end_time": 1716759342.6955252}}
{"task_id": "269fac1c-4cac-499c-8659-7db64b60b2ca", "function_name": "noop_task", "parent_task_ids": [], "submit_time": 1716759342.7008276, "received_time": 1716759342.7079296, "execution": {"hostname": "escience-taps", "execution_start_time": 1716759342.7035391, "execution_end_time": 1716759342.7063653, "task_start_time": 1716759342.703546, "task_end_time": 1716759342.7063606, "input_transform_start_time": 1716759342.7035425, "input_transform_end_time": 1716759342.703546, "result_transform_start_time": 1716759342.7063606, "result_transform_end_time": 1716759342.706365}}
{"task_id": "77cc3bc1-61dd-4592-8208-090df7f3a8de", "function_name": "noop_task", "parent_task_ids": [], "submit_time": 1716759342.7115862, "received_time": 1716759342.7187457, "execution": {"hostname": "escience-taps", "execution_start_time": 1716759342.7144725, "execution_end_time": 1716759342.7172763, "task_start_time": 1716759342.7144802, "task_end_time": 1716759342.7172706, "input_transform_start_time": 1716759342.7144759, "input_transform_end_time": 1716759342.71448, "result_transform_start_time": 1716759342.7172709, "result_transform_end_time": 1716759342.7172763}}
{"task_id": "bd9c8af9-792f-4328-85db-c9bb589a520b", "function_name": "noop_task", "parent_task_ids": [], "submit_time": 1716759342.7222168, "received_time": 1716759342.7291524, "execution": {"hostname": "escience-taps", "execution_start_time": 1716759342.724887, "execution_end_time": 1716759342.727681, "task_start_time": 1716759342.724893, "task_end_time": 1716759342.7276773, "input_transform_start_time": 1716759342.72489, "input_transform_end_time": 1716759342.7248929, "result_transform_start_time": 1716759342.7276776, "result_transform_end_time": 1716759342.727681}}
{"task_id": "372cbb3d-9069-4dc9-bc0a-12650e2bf434", "function_name": "noop_task", "parent_task_ids": [], "submit_time": 1716759342.7329195, "received_time": 1716759342.739985, "execution": {"hostname": "escience-taps", "execution_start_time": 1716759342.7356977, "execution_end_time": 1716759342.7384715, "task_start_time": 1716759342.7357044, "task_end_time": 1716759342.738467, "input_transform_start_time": 1716759342.735701, "input_transform_end_time": 1716759342.735704, "result_transform_start_time": 1716759342.7384672, "result_transform_end_time": 1716759342.7384713}}
{"task_id": "647bf766-f372-46ea-a1ab-603369fa8c7f", "function_name": "noop_task", "parent_task_ids": [], "submit_time": 1716759342.7436266, "received_time": 1716759342.7505932, "execution": {"hostname": "escience-taps", "execution_start_time": 1716759342.7463465, "execution_end_time": 1716759342.7491517, "task_start_time": 1716759342.746353, "task_end_time": 1716759342.7491481, "input_transform_start_time": 1716759342.7463496, "input_transform_end_time": 1716759342.7463527, "result_transform_start_time": 1716759342.7491484, "result_transform_end_time": 1716759342.7491517}}
