{"task_id": "4e97f41d-e232-484f-8e9d-73d8d2e0c396", "function_name": "id", "parent_task_ids": [], "submit_time": 1716759302.8651135, "received_time": 1716759303.514373, "execution": {"hostname": "escience-taps", "execution_start_time": 1716759303.5099351, "execution_end_time": 1716759303.509945, "task_start_time": 1716759303.5099406, "task_end_time": 1716759303.5099413, "input_transform_start_time": 1716759303.5099375, "input_transform_end_time": 1716759303.5099406, "result_transform_start_time": 1716759303.5099413, "result_transform_end_time": 1716759303.5099447}}
{"task_id": "c1008f70-0d0b-426f-b63c-4ea9e5804c84", "function_name": "noop_task", "parent_task_ids": [], "submit_time": 1716759303.5153067, "received_time": 1716759303.5249393, "execution": {"hostname": "escience-taps", "execution_start_time": 1716759303.5230339, "execution_end_time": 1716759303.5233157, "task_start_time": 1716759303.52304, "task_end_time": 1716759303.523311, "input_transform_start_time": 1716759303.523037, "input_transform_end_time": 1716759303.52304, "result_transform_start_time": 1716759303.5233111, "result_transform_end_time": 1716759303.5233157}}
{"task_id": "0e97658e-1a15-4192-bbc8-3c4b79ba97e8", "function_name": "noop_task", "parent_task_ids": [], "submit_time": 1716759303.5255384, "received_time": 1716759303.5294056, "execution": {"hostname": "escience-taps", "execution_start_time": 1716759303.5280502, "execution_end_time": 1716759303.5283918, "task_start_time": 1716759303.5280595, "task_end_time": 1716759303.5283875, "input_transform_start_time": 1716759303.5280547, "input_transform_end_time": 1716759303.5280592, "result_transform_start_time": 1716759303.5283878, "result_transform_end_time": 1716759303.5283918}}
{"task_id": "84b1681c-b9e6-4772-b959-17c895d1aaf6", "function_name": "noop_task", "parent_task_ids": [], "submit_time": 1716759303.5300465, "received_time": 1716759303.5339353, "execution": {"hostname": "escience-taps", "execution_start_time": 1716759303.5325222, "execution_end_time": 1716759303.5330384, "task_start_time": 1716759303.5325367, "task_end_time": 1716759303.5330346, "input_transform_start_time": 1716759303.5325289, "input_transform_end_time": 1716759303.5325367, "result_transform_start_time": 1716759303.5330348, "result_transform_end_time": 1716759303.5330384}}
{"task_id": "98020bdd-4135-4649-8d57-8e3da97d8767", "function_name": "noop_task", "parent_task_ids": [], "submit_time": 1716759303.5344117, "received_time": 1716759303.5372486, "execution": {"hostname": "escience-taps", "execution_start_time": 1716759303.5360675, "execution_end_time": 1716759303.5363843, "task_start_time": 1716759303.5360744, "task_end_time": 1716759303.53638, "input_transform_start_time": 1716759303.5360708, "input_transform_end_time": 1716759303.5360742, "result_transform_start_time": 1716759303.5363805, "result_transform_end_time": 1716759303.536384}}
{"task_id": "9aac8eb1-17f5-454f-899d-7251759af897", "function_name": "noop_task", "parent_task_ids": [], "submit_time": 1716759303.5379999, "received_time": 1716759303.5419426, "execution": {"hostname": "escience-taps", "execution_start_time": 1716759303.5402021, "execution_end_time": 1716759303.5406942, "task_start_time": 1716759303.540213, "task_end_time": 1716759303.540688, "input_transform_start_time": 1716759303.5402074, "input_transform_end_time": 1716759303.5402126, "result_transform_start_time": 1716759303.5406883, "result_transform_end_time": 1716759303.5406942}}
{"task_id": "b4c95e53-3a97-4ba2-a822-b65dfd3aa250", "function_name": "noop_task", "parent_task_ids": [], "submit_time": 1716759303.542689, "received_time": 1716759303.5461583, "execution": {"hostname": "escience-taps", "execution_start_time": 1716759303.5447474, "execution_end_time": 1716759303.5451264, "task_start_time": 1716759303.5447588, "task_end_time": 1716759303.5451229, "input_transform_start_time": 1716759303.544753, "input_transform_end_time": 1716759303.5447586, "result_transform_start_time": 1716759303.545123, "result_transform_end_time": 1716759303.5451264}}
{"task_id": "050f0c8f-88de-4ad1-91fb-778440915ec0", "function_name": "noop_task", "parent_task_ids": [], "submit_time": 1716759303.5468762, "received_time": 1716759303.5498958, "execution": {"hostname": "escience-taps", "execution_start_time": 1716759303.5486522, "execution_end_time": 1716759303.5490072, "task_start_time": 1716759303.5486608, "task_end_time": 1716759303.5490024, "input_transform_start_time": 1716759303.5486565, "input_transform_end_time": 1716759303.5486608, "result_transform_start_time": 1716759303.5490024, "result_transform_end_time": 1716759303.5490072}}
{"task_id": "c9523b69-db77-40ed-a770-7407008d7450", "function_name": "noop_task", "parent_task_ids": [], "submit_time": 1716759303.5503483, "received_time": 1716759303.5530574, "execution": {"hostname": "escience-taps", "execution_start_time": 1716759303.5518703, "execution_end_time": 1716759303.552247, "task_start_time": 1716759303.5518773, "task_end_time": 1716759303.5522432, "input_transform_start_time": 1716759303.5518737, "input_transform_end_time": 1716759303.551877, "result_transform_start_time": 1716759303.5522435, "result_transform_end_time": 1716759303.5522468}}
{"task_id": "bc685cfd-47a4-48b7-93bf-b4436646a047", "function_name": "noop_task", "parent_task_ids": [], "submit_time": 1716759303.553619, "received_time": 1716759303.5563352, "execution": {"hostname": "escience-taps", "execution_start_time": 1716759303.5552099, "execution_end_time": 1716759303.5554898, "task_start_time": 1716759303.5552156, "task_end_time": 1716759303.5554867, "input_transform_start_time": 1716759303.5552127, "input_transform_end_time": 1716759303.5552156, "result_transform_start_time": 1716759303.555487, "result_transform_end_time": 1716759303.5554895}}
{"task_id": "229df448-89ca-42c9-a76a-4493c250a13d", "function_name": "noop_task", "parent_task_ids": [], "submit_time": 1716759303.556791, "received_time": 1716759303.5594192, "execution": {"hostname": "escience-taps", "execution_start_time": 1716759303.558365, "execution_end_time": 1716759303.55865, "task_start_time": 1716759303.5583708, "task_end_time": 1716759303.5586472, "input_transform_start_time": 1716759303.5583677, "input_transform_end_time": 1716759303.5583708, "result_transform_start_time": 1716759303.5586474, "result_transform_end_time": 1716759303.55865}}
