{"task_id": "3cf8718a-1f5f-439f-8d65-a2cf9555f368", "function_name": "id", "parent_task_ids": [], "submit_time": 1716758192.5542998, "received_time": 1716758193.194364, "execution": {"hostname": "escience-taps", "execution_start_time": 1716758193.182177, "execution_end_time": 1716758193.182211, "task_start_time": 1716758193.1821988, "task_end_time": 1716758193.1822004, "input_transform_start_time": 1716758193.1821847, "input_transform_end_time": 1716758193.1821985, "result_transform_start_time": 1716758193.1822007, "result_transform_end_time": 1716758193.1822104}}
{"task_id": "c26da222-faad-44c8-afd0-62fb7df31280", "function_name": "noop_task", "parent_task_ids": [], "submit_time": 1716758193.1947622, "received_time": 1716758193.2199109, "execution": {"hostname": "escience-taps", "execution_start_time": 1716758193.211246, "execution_end_time": 1716758193.212635, "task_start_time": 1716758193.211265, "task_end_time": 1716758193.212421, "input_transform_start_time": 1716758193.2112565, "input_transform_end_time": 1716758193.2112648, "result_transform_start_time": 1716758193.2124212, "result_transform_end_time": 1716758193.2126348}}
{"task_id": "0cc947a7-f049-4296-9e71-ba21adbc6b69", "function_name": "noop_task", "parent_task_ids": [], "submit_time": 1716758193.2195067, "received_time": 1716758193.229842, "execution": {"hostname": "escience-taps", "execution_start_time": 1716758193.2236545, "execution_end_time": 1716758193.2247558, "task_start_time": 1716758193.2236981, "task_end_time": 1716758193.2244194, "input_transform_start_time": 1716758193.2236784, "input_transform_end_time": 1716758193.223698, "result_transform_start_time": 1716758193.2244196, "result_transform_end_time": 1716758193.2247555}}
{"task_id": "57e85339-2dd2-4df0-bab4-1570dbcd2724", "function_name": "noop_task", "parent_task_ids": [], "submit_time": 1716758193.2308445, "received_time": 1716758193.2464871, "execution": {"hostname": "escience-taps", "execution_start_time": 1716758193.239544, "execution_end_time": 1716758193.2405665, "task_start_time": 1716758193.2395775, "task_end_time": 1716758193.240288, "input_transform_start_time": 1716758193.2395642, "input_transform_end_time": 1716758193.2395773, "result_transform_start_time": 1716758193.240288, "result_transform_end_time": 1716758193.2405665}}
{"task_id": "48cc04bf-5b4c-47bd-be05-b10c408b8633", "function_name": "noop_task", "parent_task_ids": [], "submit_time": 1716758193.2473114, "received_time": 1716758193.2613008, "execution": {"hostname": "escience-taps", "execution_start_time": 1716758193.2554138, "execution_end_time": 1716758193.2563922, "task_start_time": 1716758193.2554512, "task_end_time": 1716758193.2560775, "input_transform_start_time": 1716758193.2554321, "input_transform_end_time": 1716758193.2554507, "result_transform_start_time": 1716758193.256078, "result_transform_end_time": 1716758193.2563922}}
{"task_id": "9ce98610-5a34-41ea-95fe-cab74512a494", "function_name": "noop_task", "parent_task_ids": [], "submit_time": 1716758193.2623632, "received_time": 1716758193.2789445, "execution": {"hostname": "escience-taps", "execution_start_time": 1716758193.2715292, "execution_end_time": 1716758193.272568, "task_start_time": 1716758193.2715423, "task_end_time": 1716758193.2722802, "input_transform_start_time": 1716758193.2715359, "input_transform_end_time": 1716758193.2715423, "result_transform_start_time": 1716758193.2722807, "result_transform_end_time": 1716758193.2725675}}
{"task_id": "53e87eab-9228-4c86-af1f-b29330101b0c", "function_name": "noop_task", "parent_task_ids": [], "submit_time": 1716758193.2793686, "received_time": 1716758193.292732, "execution": {"hostname": "escience-taps", "execution_start_time": 1716758193.2872162, "execution_end_time": 1716758193.2881055, "task_start_time": 1716758193.2872436, "task_end_time": 1716758193.2878695, "input_transform_start_time": 1716758193.2872305, "input_transform_end_time": 1716758193.2872434, "result_transform_start_time": 1716758193.28787, "result_transform_end_time": 1716758193.2881055}}
{"task_id": "5197f08c-68a1-4141-a9fa-7d35fb730a8d", "function_name": "noop_task", "parent_task_ids": [], "submit_time": 1716758193.2938087, "received_time": 1716758193.308088, "execution": {"hostname": "escience-taps", "execution_start_time": 1716758193.302097, "execution_end_time": 1716758193.3026035, "task_start_time": 1716758193.302111, "task_end_time": 1716758193.3024354, "input_transform_start_time": 1716758193.3021035, "input_transform_end_time": 1716758193.3021107, "result_transform_start_time": 1716758193.3024356, "result_transform_end_time": 1716758193.302603}}
{"task_id": "b48505fe-f998-4e5d-a7c3-887ab252a1fe", "function_name": "noop_task", "parent_task_ids": [], "submit_time": 1716758193.3093169, "received_time": 1716758193.324954, "execution": {"hostname": "escience-taps", "execution_start_time": 1716758193.319016, "execution_end_time": 1716758193.3202555, "task_start_time": 1716758193.3190546, "task_end_time": 1716758193.3200114, "input_transform_start_time": 1716758193.319037, "input_transform_end_time": 1716758193.3190544, "result_transform_start_time": 1716758193.3200116, "result_transform_end_time": 1716758193.3202555}}
{"task_id": "d0a52c60-f2a0-4016-b32c-0f73d8bb9d3d", "function_name": "noop_task", "parent_task_ids": [], "submit_time": 1716758193.3259785, "received_time": 1716758193.3403563, "execution": {"hostname": "escience-taps", "execution_start_time": 1716758193.3341906, "execution_end_time": 1716758193.3347712, "task_start_time": 1716758193.3342006, "task_end_time": 1716758193.3345323, "input_transform_start_time": 1716758193.3341956, "input_transform_end_time": 1716758193.3342004, "result_transform_start_time": 1716758193.3345325, "result_transform_end_time": 1716758193.334771}}
{"task_id": "27b49af6-6c74-4ce9-b327-993ed7d014e2", "function_name": "noop_task", "parent_task_ids": [], "submit_time": 1716758193.3417468, "received_time": 1716758193.3563402, "execution": {"hostname": "escience-taps", "execution_start_time": 1716758193.3506517, "execution_end_time": 1716758193.3517082, "task_start_time": 1716758193.350886, "task_end_time": 1716758193.3514104, "input_transform_start_time": 1716758193.35088, "input_transform_end_time": 1716758193.350886, "result_transform_start_time": 1716758193.3514104, "result_transform_end_time": 1716758193.351708}}
