{"task_id": "c653c2ed-39f4-4a49-8a3e-627cff1b245b", "function_name": "id", "parent_task_ids": [], "submit_time": 1716758505.3703365, "received_time": 1716758505.378832, "execution": {"hostname": "escience-taps", "execution_start_time": 1716758505.3779454, "execution_end_time": 1716758505.3780122, "task_start_time": 1716758505.3779953, "task_end_time": 1716758505.3779964, "input_transform_start_time": 1716758505.377958, "input_transform_end_time": 1716758505.3779924, "result_transform_start_time": 1716758505.3779967, "result_transform_end_time": 1716758505.378012}}
{"task_id": "5febb84c-6255-40eb-b3fe-e02546f48314", "function_name": "noop_task", "parent_task_ids": [], "submit_time": 1716758505.3801003, "received_time": 1716758505.383436, "execution": {"hostname": "escience-taps", "execution_start_time": 1716758505.381272, "execution_end_time": 1716758505.38313, "task_start_time": 1716758505.3812966, "task_end_time": 1716758505.3821008, "input_transform_start_time": 1716758505.3812904, "input_transform_end_time": 1716758505.3812964, "result_transform_start_time": 1716758505.382101, "result_transform_end_time": 1716758505.38313}}
{"task_id": "ebc4a883-74bc-446d-bde6-97613148f541", "function_name": "noop_task", "parent_task_ids": [], "submit_time": 1716758505.3843067, "received_time": 1716758505.3860514, "execution": {"hostname": "escience-taps", "execution_start_time": 1716758505.3851311, "execution_end_time": 1716758505.3858013, "task_start_time": 1716758505.3851445, "task_end_time": 1716758505.3855643, "input_transform_start_time": 1716758505.3851397, "input_transform_end_time": 1716758505.3851442, "result_transform_start_time": 1716758505.3855643, "result_transform_end_time": 1716758505.3858013}}
{"task_id": "4fcbf6e1-c18a-4575-9bcb-bee37a244fff", "function_name": "noop_task", "parent_task_ids": [], "submit_time": 1716758505.3865983, "received_time": 1716758505.3880901, "execution": {"hostname": "escience-taps", "execution_start_time": 1716758505.3872359, "execution_end_time": 1716758505.387882, "task_start_time": 1716758505.3872514, "task_end_time": 1716758505.3876665, "input_transform_start_time": 1716758505.387243, "input_transform_end_time": 1716758505.3872514, "result_transform_start_time": 1716758505.3876667, "result_transform_end_time": 1716758505.3878818}}
{"task_id": "7edc3b47-9e26-4a7b-b20f-3bc48eff6c55", "function_name": "noop_task", "parent_task_ids": [], "submit_time": 1716758505.3886003, "received_time": 1716758505.3901095, "execution": {"hostname": "escience-taps", "execution_start_time": 1716758505.3892548, "execution_end_time": 1716758505.3898995, "task_start_time": 1716758505.3892658, "task_end_time": 1716758505.3896832, "input_transform_start_time": 1716758505.3892615, "input_transform_end_time": 1716758505.3892658, "result_transform_start_time": 1716758505.3896835, "result_transform_end_time": 1716758505.3898995}}
{"task_id": "b6d08ca0-a4f0-4939-adb4-27672218ea26", "function_name": "noop_task", "parent_task_ids": [], "submit_time": 1716758505.3906205, "received_time": 1716758505.3919835, "execution": {"hostname": "escience-taps", "execution_start_time": 1716758505.391166, "execution_end_time": 1716758505.3917873, "task_start_time": 1716758505.391177, "task_end_time": 1716758505.391573, "input_transform_start_time": 1716758505.3911731, "input_transform_end_time": 1716758505.391177, "result_transform_start_time": 1716758505.391573, "result_transform_end_time": 1716758505.391787}}
{"task_id": "8cd7f563-1ba2-469b-a9af-4fbe600d70f0", "function_name": "noop_task", "parent_task_ids": [], "submit_time": 1716758505.392475, "received_time": 1716758505.3963547, "execution": {"hostname": "escience-taps", "execution_start_time": 1716758505.3953505, "execution_end_time": 1716758505.3961341, "task_start_time": 1716758505.3953688, "task_end_time": 1716758505.3959103, "input_transform_start_time": 1716758505.3953621, "input_transform_end_time": 1716758505.3953683, "result_transform_start_time": 1716758505.3959105, "result_transform_end_time": 1716758505.3961341}}
{"task_id": "5782084a-88e5-4a8a-8dcb-53c1ba664f7f", "function_name": "noop_task", "parent_task_ids": [], "submit_time": 1716758505.39687, "received_time": 1716758505.3983948, "execution": {"hostname": "escience-taps", "execution_start_time": 1716758505.3975508, "execution_end_time": 1716758505.3981898, "task_start_time": 1716758505.3975627, "task_end_time": 1716758505.3979714, "input_transform_start_time": 1716758505.397558, "input_transform_end_time": 1716758505.3975623, "result_transform_start_time": 1716758505.3979716, "result_transform_end_time": 1716758505.3981898}}
{"task_id": "65032828-4349-4772-83f6-4ce19325d30f", "function_name": "noop_task", "parent_task_ids": [], "submit_time": 1716758505.398831, "received_time": 1716758505.4001827, "execution": {"hostname": "escience-taps", "execution_start_time": 1716758505.3993564, "execution_end_time": 1716758505.4000077, "task_start_time": 1716758505.3993666, "task_end_time": 1716758505.3997715, "input_transform_start_time": 1716758505.3993628, "input_transform_end_time": 1716758505.3993666, "result_transform_start_time": 1716758505.3997717, "result_transform_end_time": 1716758505.4000075}}
{"task_id": "4306a67b-0be5-431f-b1d3-94cd1046f917", "function_name": "noop_task", "parent_task_ids": [], "submit_time": 1716758505.4006155, "received_time": 1716758505.4018726, "execution": {"hostname": "escience-taps", "execution_start_time": 1716758505.4011066, "execution_end_time": 1716758505.4016955, "task_start_time": 1716758505.4011161, "task_end_time": 1716758505.4015052, "input_transform_start_time": 1716758505.4011128, "input_transform_end_time": 1716758505.401116, "result_transform_start_time": 1716758505.4015055, "result_transform_end_time": 1716758505.4016953}}
{"task_id": "ba95b791-5ed1-480d-91d6-a2fb02cc98f7", "function_name": "noop_task", "parent_task_ids": [], "submit_time": 1716758505.4023466, "received_time": 1716758505.4035716, "execution": {"hostname": "escience-taps", "execution_start_time": 1716758505.4028542, "execution_end_time": 1716758505.4033911, "task_start_time": 1716758505.4028616, "task_end_time": 1716758505.4032168, "input_transform_start_time": 1716758505.4028587, "input_transform_end_time": 1716758505.4028616, "result_transform_start_time": 1716758505.4032168, "result_transform_end_time": 1716758505.4033911}}
