{"task_id": "71e56195-a323-4ea0-b2cb-437418ac6a85", "function_name": "id", "parent_task_ids": [], "submit_time": 1716758812.4674032, "received_time": 1716758814.1037285, "execution": {"hostname": "escience-taps", "execution_start_time": 1716758814.1015573, "execution_end_time": 1716758814.1015732, "task_start_time": 1716758814.1015675, "task_end_time": 1716758814.101568, "input_transform_start_time": 1716758814.1015599, "input_transform_end_time": 1716758814.1015673, "result_transform_start_time": 1716758814.101568, "result_transform_end_time": 1716758814.1015732}}
{"task_id": "04896009-22e8-4e9b-b6e4-34f8f553a790", "function_name": "noop_task", "parent_task_ids": [], "submit_time": 1716758814.1044617, "received_time": 1716758814.1199174, "execution": {"hostname": "escience-taps", "execution_start_time": 1716758814.1163788, "execution_end_time": 1716758814.1184237, "task_start_time": 1716758814.1163924, "task_end_time": 1716758814.1181164, "input_transform_start_time": 1716758814.1163871, "input_transform_end_time": 1716758814.1163924, "result_transform_start_time": 1716758814.1181166, "result_transform_end_time": 1716758814.1184237}}
{"task_id": "8d36fcfd-29cb-42a7-98e9-df53846b0f88", "function_name": "noop_task", "parent_task_ids": [], "submit_time": 1716758814.1207268, "received_time": 1716758814.1328714, "execution": {"hostname": "escience-taps", "execution_start_time": 1716758814.1304853, "execution_end_time": 1716758814.1317067, "task_start_time": 1716758814.1304994, "task_end_time": 1716758814.1313148, "input_transform_start_time": 1716758814.1304934, "input_transform_end_time": 1716758814.1304994, "result_transform_start_time": 1716758814.1313152, "result_transform_end_time": 1716758814.1317065}}
{"task_id": "c8e35ec5-931e-4cda-82a6-50a1eaa65414", "function_name": "noop_task", "parent_task_ids": [], "submit_time": 1716758814.133452, "received_time": 1716758814.1460688, "execution": {"hostname": "escience-taps", "execution_start_time": 1716758814.143577, "execution_end_time": 1716758814.1449344, "task_start_time": 1716758814.143603, "task_end_time": 1716758814.1445954, "input_transform_start_time": 1716758814.1435905, "input_transform_end_time": 1716758814.1436028, "result_transform_start_time": 1716758814.1445956, "result_transform_end_time": 1716758814.1449342}}
{"task_id": "b2e471e0-29f7-4b17-bf37-0e454f4efebb", "function_name": "noop_task", "parent_task_ids": [], "submit_time": 1716758814.1466591, "received_time": 1716758814.1585736, "execution": {"hostname": "escience-taps", "execution_start_time": 1716758814.1566205, "execution_end_time": 1716758814.157697, "task_start_time": 1716758814.1566415, "task_end_time": 1716758814.1573825, "input_transform_start_time": 1716758814.156632, "input_transform_end_time": 1716758814.1566412, "result_transform_start_time": 1716758814.1573827, "result_transform_end_time": 1716758814.1576967}}
{"task_id": "1a2870d5-0b77-464d-950f-9ef747a5601d", "function_name": "noop_task", "parent_task_ids": [], "submit_time": 1716758814.1591487, "received_time": 1716758814.1718774, "execution": {"hostname": "escience-taps", "execution_start_time": 1716758814.1695788, "execution_end_time": 1716758814.1706488, "task_start_time": 1716758814.1696, "task_end_time": 1716758814.1703415, "input_transform_start_time": 1716758814.1695905, "input_transform_end_time": 1716758814.1695998, "result_transform_start_time": 1716758814.1703417, "result_transform_end_time": 1716758814.1706486}}
{"task_id": "db427613-7297-4bc7-8a57-b92c2e337f70", "function_name": "noop_task", "parent_task_ids": [], "submit_time": 1716758814.1724472, "received_time": 1716758814.1847565, "execution": {"hostname": "escience-taps", "execution_start_time": 1716758814.182526, "execution_end_time": 1716758814.183428, "task_start_time": 1716758814.18254, "task_end_time": 1716758814.1831372, "input_transform_start_time": 1716758814.182534, "input_transform_end_time": 1716758814.18254, "result_transform_start_time": 1716758814.1831374, "result_transform_end_time": 1716758814.1834278}}
{"task_id": "ae9e5643-1cc4-4202-b401-7ef43ee81da3", "function_name": "noop_task", "parent_task_ids": [], "submit_time": 1716758814.1855743, "received_time": 1716758814.1974313, "execution": {"hostname": "escience-taps", "execution_start_time": 1716758814.1952927, "execution_end_time": 1716758814.1963634, "task_start_time": 1716758814.1953154, "task_end_time": 1716758814.1960533, "input_transform_start_time": 1716758814.1953049, "input_transform_end_time": 1716758814.1953151, "result_transform_start_time": 1716758814.1960537, "result_transform_end_time": 1716758814.196363}}
{"task_id": "5d52a753-ff07-436c-8824-8e28baa30d9c", "function_name": "noop_task", "parent_task_ids": [], "submit_time": 1716758814.1980822, "received_time": 1716758814.2099957, "execution": {"hostname": "escience-taps", "execution_start_time": 1716758814.207997, "execution_end_time": 1716758814.2089775, "task_start_time": 1716758814.2080092, "task_end_time": 1716758814.2087102, "input_transform_start_time": 1716758814.208004, "input_transform_end_time": 1716758814.2080092, "result_transform_start_time": 1716758814.2087104, "result_transform_end_time": 1716758814.2089772}}
{"task_id": "cdec1b3f-9ef7-49b4-bbb9-47221cbe8805", "function_name": "noop_task", "parent_task_ids": [], "submit_time": 1716758814.210559, "received_time": 1716758814.2229247, "execution": {"hostname": "escience-taps", "execution_start_time": 1716758814.2208333, "execution_end_time": 1716758814.221713, "task_start_time": 1716758814.2208524, "task_end_time": 1716758814.2215106, "input_transform_start_time": 1716758814.2208443, "input_transform_end_time": 1716758814.2208524, "result_transform_start_time": 1716758814.221511, "result_transform_end_time": 1716758814.2217128}}
{"task_id": "698e9253-8f4c-45cb-94bf-cba34aec9f0b", "function_name": "noop_task", "parent_task_ids": [], "submit_time": 1716758814.2251928, "received_time": 1716758814.2360451, "execution": {"hostname": "escience-taps", "execution_start_time": 1716758814.23365, "execution_end_time": 1716758814.2348528, "task_start_time": 1716758814.2336688, "task_end_time": 1716758814.2345119, "input_transform_start_time": 1716758814.2336605, "input_transform_end_time": 1716758814.2336686, "result_transform_start_time": 1716758814.234512, "result_transform_end_time": 1716758814.2348526}}
