{"task_id": "b44f85a1-e3f7-4482-b9d3-54f1758e9aac", "function_name": "id", "parent_task_ids": [], "submit_time": 1716760989.6138875, "received_time": 1716760991.7630208, "execution": {"hostname": "escience-taps", "execution_start_time": 1716760991.2035027, "execution_end_time": 1716760991.203512, "task_start_time": 1716760991.2035084, "task_end_time": 1716760991.203509, "input_transform_start_time": 1716760991.2035048, "input_transform_end_time": 1716760991.2035081, "result_transform_start_time": 1716760991.203509, "result_transform_end_time": 1716760991.203512}}
{"task_id": "5b741451-7143-4157-9ea9-481a64f27bef", "function_name": "noop_task", "parent_task_ids": [], "submit_time": 1716760991.764524, "received_time": 1716760992.765593, "execution": {"hostname": "escience-taps", "execution_start_time": 1716760992.3231115, "execution_end_time": 1716760992.3239255, "task_start_time": 1716760992.3231335, "task_end_time": 1716760992.3236022, "input_transform_start_time": 1716760992.3231254, "input_transform_end_time": 1716760992.3231332, "result_transform_start_time": 1716760992.3236022, "result_transform_end_time": 1716760992.323925}}
{"task_id": "136a8436-60ea-43bb-8d2b-398576c3dda2", "function_name": "noop_task", "parent_task_ids": [], "submit_time": 1716760992.7668698, "received_time": 1716760993.266688, "execution": {"hostname": "escience-taps", "execution_start_time": 1716760992.8709729, "execution_end_time": 1716760992.871691, "task_start_time": 1716760992.8709934, "task_end_time": 1716760992.8714538, "input_transform_start_time": 1716760992.870985, "input_transform_end_time": 1716760992.8709931, "result_transform_start_time": 1716760992.871454, "result_transform_end_time": 1716760992.871691}}
{"task_id": "31c3bc9e-3170-49eb-b917-101f4da6778f", "function_name": "noop_task", "parent_task_ids": [], "submit_time": 1716760993.267991, "received_time": 1716760993.767611, "execution": {"hostname": "escience-taps", "execution_start_time": 1716760993.368034, "execution_end_time": 1716760993.368793, "task_start_time": 1716760993.368062, "task_end_time": 1716760993.3685384, "input_transform_start_time": 1716760993.3680513, "input_transform_end_time": 1716760993.3680618, "result_transform_start_time": 1716760993.3685386, "result_transform_end_time": 1716760993.3687928}}
{"task_id": "e650410f-6139-4558-ade2-694f92a5baa1", "function_name": "noop_task", "parent_task_ids": [], "submit_time": 1716760993.7689476, "received_time": 1716760994.2690508, "execution": {"hostname": "escience-taps", "execution_start_time": 1716760993.875925, "execution_end_time": 1716760993.8770506, "task_start_time": 1716760993.875953, "task_end_time": 1716760993.876412, "input_transform_start_time": 1716760993.8759425, "input_transform_end_time": 1716760993.8759527, "result_transform_start_time": 1716760993.8764122, "result_transform_end_time": 1716760993.8770502}}
{"task_id": "9b499cd1-5723-4580-a3a7-8e5405b404df", "function_name": "noop_task", "parent_task_ids": [], "submit_time": 1716760994.2703667, "received_time": 1716760994.7701583, "execution": {"hostname": "escience-taps", "execution_start_time": 1716760994.384722, "execution_end_time": 1716760994.385483, "task_start_time": 1716760994.384753, "task_end_time": 1716760994.3851619, "input_transform_start_time": 1716760994.3847334, "input_transform_end_time": 1716760994.3847528, "result_transform_start_time": 1716760994.3851624, "result_transform_end_time": 1716760994.3854828}}
{"task_id": "894fa0c0-f6d9-4647-81c6-ba84e7fa99f3", "function_name": "noop_task", "parent_task_ids": [], "submit_time": 1716760994.7714272, "received_time": 1716760995.2709293, "execution": {"hostname": "escience-taps", "execution_start_time": 1716760994.8752644, "execution_end_time": 1716760994.8768122, "task_start_time": 1716760994.8753943, "task_end_time": 1716760994.8764153, "input_transform_start_time": 1716760994.875351, "input_transform_end_time": 1716760994.875394, "result_transform_start_time": 1716760994.8764153, "result_transform_end_time": 1716760994.876812}}
{"task_id": "31975815-0a65-4f82-b4e5-d858ca83ca8c", "function_name": "noop_task", "parent_task_ids": [], "submit_time": 1716760995.2719839, "received_time": 1716760995.7722602, "execution": {"hostname": "escience-taps", "execution_start_time": 1716760995.377668, "execution_end_time": 1716760995.3785155, "task_start_time": 1716760995.3776922, "task_end_time": 1716760995.3781576, "input_transform_start_time": 1716760995.377683, "input_transform_end_time": 1716760995.3776922, "result_transform_start_time": 1716760995.3781579, "result_transform_end_time": 1716760995.3785152}}
{"task_id": "a3834301-140a-485a-a56c-24221c4f90ce", "function_name": "noop_task", "parent_task_ids": [], "submit_time": 1716760995.7735543, "received_time": 1716760996.273279, "execution": {"hostname": "escience-taps", "execution_start_time": 1716760995.8763494, "execution_end_time": 1716760995.8770335, "task_start_time": 1716760995.8763723, "task_end_time": 1716760995.8767474, "input_transform_start_time": 1716760995.8763642, "input_transform_end_time": 1716760995.8763719, "result_transform_start_time": 1716760995.8767474, "result_transform_end_time": 1716760995.8770332}}
{"task_id": "d9499f41-504e-46d8-9ccb-4c9710a7e4c3", "function_name": "noop_task", "parent_task_ids": [], "submit_time": 1716760996.27451, "received_time": 1716760996.7747114, "execution": {"hostname": "escience-taps", "execution_start_time": 1716760996.3854008, "execution_end_time": 1716760996.3860803, "task_start_time": 1716760996.3854249, "task_end_time": 1716760996.3858328, "input_transform_start_time": 1716760996.385416, "input_transform_end_time": 1716760996.3854249, "result_transform_start_time": 1716760996.3858328, "result_transform_end_time": 1716760996.38608}}
{"task_id": "1c6d92de-6334-4a35-8216-5954d14c327e", "function_name": "noop_task", "parent_task_ids": [], "submit_time": 1716760996.7759595, "received_time": 1716760997.2760487, "execution": {"hostname": "escience-taps", "execution_start_time": 1716760996.8837247, "execution_end_time": 1716760996.8843617, "task_start_time": 1716760996.883748, "task_end_time": 1716760996.8841534, "input_transform_start_time": 1716760996.8837397, "input_transform_end_time": 1716760996.8837478, "result_transform_start_time": 1716760996.8841536, "result_transform_end_time": 1716760996.8843615}}
