{"task_id": "71ebc689-d9d2-4a78-bacf-3f8309c6af2c", "function_name": "id", "parent_task_ids": [], "submit_time": 1716758233.3764236, "received_time": 1716758234.0787392, "execution": {"hostname": "escience-taps", "execution_start_time": 1716758234.0378556, "execution_end_time": 1716758234.0378802, "task_start_time": 1716758234.037871, "task_end_time": 1716758234.0378718, "input_transform_start_time": 1716758234.03786, "input_transform_end_time": 1716758234.0378704, "result_transform_start_time": 1716758234.0378718, "result_transform_end_time": 1716758234.0378802}}
{"task_id": "742ed4bc-2f87-48a3-b49d-fa92dbf32343", "function_name": "noop_task", "parent_task_ids": [], "submit_time": 1716758234.0764592, "received_time": 1716758234.354837, "execution": {"hostname": "escience-taps", "execution_start_time": 1716758234.2894285, "execution_end_time": 1716758234.3480575, "task_start_time": 1716758234.2894685, "task_end_time": 1716758234.3353593, "input_transform_start_time": 1716758234.2894502, "input_transform_end_time": 1716758234.289468, "result_transform_start_time": 1716758234.33536, "result_transform_end_time": 1716758234.3480573}}
{"task_id": "c95baab7-4e37-4f71-b59b-0635c343280b", "function_name": "noop_task", "parent_task_ids": [], "submit_time": 1716758234.3844416, "received_time": 1716758234.6375172, "execution": {"hostname": "escience-taps", "execution_start_time": 1716758234.547364, "execution_end_time": 1716758234.630424, "task_start_time": 1716758234.5474253, "task_end_time": 1716758234.6192908, "input_transform_start_time": 1716758234.5474007, "input_transform_end_time": 1716758234.5474248, "result_transform_start_time": 1716758234.6192913, "result_transform_end_time": 1716758234.6304238}}
{"task_id": "7eed5fee-298c-4c70-aa04-43aeabc548ee", "function_name": "noop_task", "parent_task_ids": [], "submit_time": 1716758234.691017, "received_time": 1716758234.9695077, "execution": {"hostname": "escience-taps", "execution_start_time": 1716758234.8749096, "execution_end_time": 1716758234.9632046, "task_start_time": 1716758234.8749597, "task_end_time": 1716758234.9510844, "input_transform_start_time": 1716758234.8749342, "input_transform_end_time": 1716758234.874959, "result_transform_start_time": 1716758234.951085, "result_transform_end_time": 1716758234.9632044}}
{"task_id": "ba75be79-be0b-4f78-8712-5c8b3bf04400", "function_name": "noop_task", "parent_task_ids": [], "submit_time": 1716758235.0225925, "received_time": 1716758235.3185992, "execution": {"hostname": "escience-taps", "execution_start_time": 1716758235.224704, "execution_end_time": 1716758235.3121476, "task_start_time": 1716758235.2247972, "task_end_time": 1716758235.2963676, "input_transform_start_time": 1716758235.224729, "input_transform_end_time": 1716758235.224797, "result_transform_start_time": 1716758235.2963681, "result_transform_end_time": 1716758235.3121471}}
{"task_id": "97f8e94b-b38c-4dbe-93d9-2284776edeeb", "function_name": "noop_task", "parent_task_ids": [], "submit_time": 1716758235.371201, "received_time": 1716758235.6298804, "execution": {"hostname": "escience-taps", "execution_start_time": 1716758235.5413458, "execution_end_time": 1716758235.6225514, "task_start_time": 1716758235.5413814, "task_end_time": 1716758235.611699, "input_transform_start_time": 1716758235.5413644, "input_transform_end_time": 1716758235.5413811, "result_transform_start_time": 1716758235.6116993, "result_transform_end_time": 1716758235.622551}}
{"task_id": "b6b92d41-f1ac-4efc-903e-5533af72b5ad", "function_name": "noop_task", "parent_task_ids": [], "submit_time": 1716758235.6839542, "received_time": 1716758235.9508345, "execution": {"hostname": "escience-taps", "execution_start_time": 1716758235.855539, "execution_end_time": 1716758235.9445736, "task_start_time": 1716758235.855577, "task_end_time": 1716758235.935061, "input_transform_start_time": 1716758235.8555613, "input_transform_end_time": 1716758235.8555765, "result_transform_start_time": 1716758235.9350612, "result_transform_end_time": 1716758235.9445732}}
{"task_id": "876bbe72-bdf6-46de-826b-2dfcd4748d47", "function_name": "noop_task", "parent_task_ids": [], "submit_time": 1716758235.997557, "received_time": 1716758236.26639, "execution": {"hostname": "escience-taps", "execution_start_time": 1716758236.1720037, "execution_end_time": 1716758236.26035, "task_start_time": 1716758236.1720343, "task_end_time": 1716758236.2473903, "input_transform_start_time": 1716758236.172019, "input_transform_end_time": 1716758236.1720338, "result_transform_start_time": 1716758236.2473905, "result_transform_end_time": 1716758236.2603495}}
{"task_id": "e9c8b5f0-3855-4405-a793-364e79c23984", "function_name": "noop_task", "parent_task_ids": [], "submit_time": 1716758236.3215759, "received_time": 1716758236.5855916, "execution": {"hostname": "escience-taps", "execution_start_time": 1716758236.4918432, "execution_end_time": 1716758236.5794585, "task_start_time": 1716758236.4918718, "task_end_time": 1716758236.5673513, "input_transform_start_time": 1716758236.4918578, "input_transform_end_time": 1716758236.4918716, "result_transform_start_time": 1716758236.5673516, "result_transform_end_time": 1716758236.5794578}}
{"task_id": "5a0fd8f8-46eb-4784-9b6c-c66c46c27868", "function_name": "noop_task", "parent_task_ids": [], "submit_time": 1716758236.638631, "received_time": 1716758236.906426, "execution": {"hostname": "escience-taps", "execution_start_time": 1716758236.8106265, "execution_end_time": 1716758236.898986, "task_start_time": 1716758236.810657, "task_end_time": 1716758236.8875163, "input_transform_start_time": 1716758236.810644, "input_transform_end_time": 1716758236.8106568, "result_transform_start_time": 1716758236.8875165, "result_transform_end_time": 1716758236.8989854}}
{"task_id": "79287ad3-35da-4366-8d6d-f3005244622a", "function_name": "noop_task", "parent_task_ids": [], "submit_time": 1716758236.958926, "received_time": 1716758237.2221575, "execution": {"hostname": "escience-taps", "execution_start_time": 1716758237.1339881, "execution_end_time": 1716758237.2154608, "task_start_time": 1716758237.1340132, "task_end_time": 1716758237.2047868, "input_transform_start_time": 1716758237.1340024, "input_transform_end_time": 1716758237.134013, "result_transform_start_time": 1716758237.204787, "result_transform_end_time": 1716758237.2154608}}
