{"task_id": "94d32426-c827-48e4-926a-759c1e91578d", "function_name": "id", "parent_task_ids": [], "submit_time": 1716763223.0075161, "received_time": 1716763223.0170672, "execution": {"hostname": "escience-taps", "execution_start_time": 1716763223.0159774, "execution_end_time": 1716763223.0160637, "task_start_time": 1716763223.0160418, "task_end_time": 1716763223.016043, "input_transform_start_time": 1716763223.0159998, "input_transform_end_time": 1716763223.0160387, "result_transform_start_time": 1716763223.0160432, "result_transform_end_time": 1716763223.0160635}}
{"task_id": "1f5279b2-6dcf-4b3d-9e14-c42f87ec3794", "function_name": "noop_task", "parent_task_ids": [], "submit_time": 1716763223.018523, "received_time": 1716763223.024135, "execution": {"hostname": "escience-taps", "execution_start_time": 1716763223.021409, "execution_end_time": 1716763223.0238152, "task_start_time": 1716763223.0214434, "task_end_time": 1716763223.0233824, "input_transform_start_time": 1716763223.0214348, "input_transform_end_time": 1716763223.0214431, "result_transform_start_time": 1716763223.023383, "result_transform_end_time": 1716763223.023815}}
{"task_id": "b7360b9d-5e48-4a44-a4fd-183cc7002814", "function_name": "noop_task", "parent_task_ids": [], "submit_time": 1716763223.0249197, "received_time": 1716763223.0267196, "execution": {"hostname": "escience-taps", "execution_start_time": 1716763223.0256574, "execution_end_time": 1716763223.0265563, "task_start_time": 1716763223.0256789, "task_end_time": 1716763223.0263028, "input_transform_start_time": 1716763223.0256708, "input_transform_end_time": 1716763223.0256789, "result_transform_start_time": 1716763223.0263028, "result_transform_end_time": 1716763223.0265563}}
{"task_id": "42f1b629-74be-416a-8c01-f5fa0bb3d134", "function_name": "noop_task", "parent_task_ids": [], "submit_time": 1716763223.0272596, "received_time": 1716763223.0289571, "execution": {"hostname": "escience-taps", "execution_start_time": 1716763223.027963, "execution_end_time": 1716763223.0288103, "task_start_time": 1716763223.027989, "task_end_time": 1716763223.0285497, "input_transform_start_time": 1716763223.0279753, "input_transform_end_time": 1716763223.027989, "result_transform_start_time": 1716763223.0285497, "result_transform_end_time": 1716763223.0288103}}
{"task_id": "26334e9b-7cb7-4e35-9ab6-e66e1fdb0738", "function_name": "noop_task", "parent_task_ids": [], "submit_time": 1716763223.02958, "received_time": 1716763223.0311067, "execution": {"hostname": "escience-taps", "execution_start_time": 1716763223.0301456, "execution_end_time": 1716763223.0309572, "task_start_time": 1716763223.030157, "task_end_time": 1716763223.030703, "input_transform_start_time": 1716763223.0301528, "input_transform_end_time": 1716763223.0301569, "result_transform_start_time": 1716763223.030703, "result_transform_end_time": 1716763223.0309572}}
{"task_id": "18b6a7ba-4c2d-4cf7-ba42-bbe5018a1a13", "function_name": "noop_task", "parent_task_ids": [], "submit_time": 1716763223.031646, "received_time": 1716763223.033109, "execution": {"hostname": "escience-taps", "execution_start_time": 1716763223.0322034, "execution_end_time": 1716763223.0329704, "task_start_time": 1716763223.0322154, "task_end_time": 1716763223.0327277, "input_transform_start_time": 1716763223.0322108, "input_transform_end_time": 1716763223.0322154, "result_transform_start_time": 1716763223.0327277, "result_transform_end_time": 1716763223.0329704}}
{"task_id": "0493455d-7c30-4e43-84be-b29ac59522e9", "function_name": "noop_task", "parent_task_ids": [], "submit_time": 1716763223.0361528, "received_time": 1716763223.037742, "execution": {"hostname": "escience-taps", "execution_start_time": 1716763223.0368245, "execution_end_time": 1716763223.0375922, "task_start_time": 1716763223.036837, "task_end_time": 1716763223.037358, "input_transform_start_time": 1716763223.0368326, "input_transform_end_time": 1716763223.036837, "result_transform_start_time": 1716763223.0373583, "result_transform_end_time": 1716763223.0375922}}
{"task_id": "cad1b75a-67e6-4125-89b1-d3e969463f96", "function_name": "noop_task", "parent_task_ids": [], "submit_time": 1716763223.0382953, "received_time": 1716763223.0397482, "execution": {"hostname": "escience-taps", "execution_start_time": 1716763223.038885, "execution_end_time": 1716763223.0396168, "task_start_time": 1716763223.038899, "task_end_time": 1716763223.0393982, "input_transform_start_time": 1716763223.0388935, "input_transform_end_time": 1716763223.0388987, "result_transform_start_time": 1716763223.0393984, "result_transform_end_time": 1716763223.0396166}}
{"task_id": "6af6a2ea-8e41-4ef8-a5c2-742a39b89fb5", "function_name": "noop_task", "parent_task_ids": [], "submit_time": 1716763223.0402954, "received_time": 1716763223.0426507, "execution": {"hostname": "escience-taps", "execution_start_time": 1716763223.04149, "execution_end_time": 1716763223.0425038, "task_start_time": 1716763223.0415077, "task_end_time": 1716763223.0421948, "input_transform_start_time": 1716763223.0415013, "input_transform_end_time": 1716763223.0415075, "result_transform_start_time": 1716763223.0421948, "result_transform_end_time": 1716763223.0425038}}
{"task_id": "f53da1de-8e39-48fb-a42d-c5578a158102", "function_name": "noop_task", "parent_task_ids": [], "submit_time": 1716763223.0433517, "received_time": 1716763223.0448582, "execution": {"hostname": "escience-taps", "execution_start_time": 1716763223.0439875, "execution_end_time": 1716763223.0447197, "task_start_time": 1716763223.043998, "task_end_time": 1716763223.0445094, "input_transform_start_time": 1716763223.0439944, "input_transform_end_time": 1716763223.043998, "result_transform_start_time": 1716763223.0445096, "result_transform_end_time": 1716763223.0447197}}
{"task_id": "c1c88982-2dee-40fc-8389-028c56306ccf", "function_name": "noop_task", "parent_task_ids": [], "submit_time": 1716763223.0454834, "received_time": 1716763223.047019, "execution": {"hostname": "escience-taps", "execution_start_time": 1716763223.046091, "execution_end_time": 1716763223.0468607, "task_start_time": 1716763223.0461037, "task_end_time": 1716763223.0466173, "input_transform_start_time": 1716763223.0460992, "input_transform_end_time": 1716763223.0461037, "result_transform_start_time": 1716763223.0466175, "result_transform_end_time": 1716763223.0468605}}
