{"task_id": "96a673f8-02cf-4ee4-ac96-a374fe780fbd", "function_name": "id", "parent_task_ids": [], "submit_time": 1716761014.05619, "received_time": 1716761016.056534, "execution": {"hostname": "escience-taps", "execution_start_time": 1716761014.8643646, "execution_end_time": 1716761014.864389, "task_start_time": 1716761014.86438, "task_end_time": 1716761014.864381, "input_transform_start_time": 1716761014.864372, "input_transform_end_time": 1716761014.86438, "result_transform_start_time": 1716761014.8643816, "result_transform_end_time": 1716761014.8643887}}
{"task_id": "a5657070-8541-4d1b-8f6b-e7d09801f88c", "function_name": "noop_task", "parent_task_ids": [], "submit_time": 1716761016.064516, "received_time": 1716761017.5600257, "execution": {"hostname": "escience-taps", "execution_start_time": 1716761016.623127, "execution_end_time": 1716761016.6312518, "task_start_time": 1716761016.6231713, "task_end_time": 1716761016.6295173, "input_transform_start_time": 1716761016.6231532, "input_transform_end_time": 1716761016.623171, "result_transform_start_time": 1716761016.6295178, "result_transform_end_time": 1716761016.6312516}}
{"task_id": "5255fb73-c431-43d2-9524-aa334092e351", "function_name": "noop_task", "parent_task_ids": [], "submit_time": 1716761017.5666378, "received_time": 1716761018.5631783, "execution": {"hostname": "escience-taps", "execution_start_time": 1716761017.6721199, "execution_end_time": 1716761017.6801188, "task_start_time": 1716761017.6721497, "task_end_time": 1716761017.6784532, "input_transform_start_time": 1716761017.6721358, "input_transform_end_time": 1716761017.6721494, "result_transform_start_time": 1716761017.6784537, "result_transform_end_time": 1716761017.6801183}}
{"task_id": "7fe0bc85-930e-42de-90ca-205af8304e39", "function_name": "noop_task", "parent_task_ids": [], "submit_time": 1716761018.569648, "received_time": 1716761019.5656471, "execution": {"hostname": "escience-taps", "execution_start_time": 1716761018.6959562, "execution_end_time": 1716761018.7048502, "task_start_time": 1716761018.696053, "task_end_time": 1716761018.7029753, "input_transform_start_time": 1716761018.6960175, "input_transform_end_time": 1716761018.6960528, "result_transform_start_time": 1716761018.7029757, "result_transform_end_time": 1716761018.7048497}}
{"task_id": "7989471e-3e46-4829-b5f4-d74ecb113f63", "function_name": "noop_task", "parent_task_ids": [], "submit_time": 1716761019.5720668, "received_time": 1716761020.568567, "execution": {"hostname": "escience-taps", "execution_start_time": 1716761019.6852226, "execution_end_time": 1716761019.693733, "task_start_time": 1716761019.6853013, "task_end_time": 1716761019.691888, "input_transform_start_time": 1716761019.6852744, "input_transform_end_time": 1716761019.685301, "result_transform_start_time": 1716761019.6918886, "result_transform_end_time": 1716761019.6937323}}
{"task_id": "7e605a55-7f64-44f9-a830-34a5e78ee18b", "function_name": "noop_task", "parent_task_ids": [], "submit_time": 1716761020.57488, "received_time": 1716761021.5715606, "execution": {"hostname": "escience-taps", "execution_start_time": 1716761020.6902997, "execution_end_time": 1716761020.694005, "task_start_time": 1716761020.6903157, "task_end_time": 1716761020.6929393, "input_transform_start_time": 1716761020.6903086, "input_transform_end_time": 1716761020.6903155, "result_transform_start_time": 1716761020.6929395, "result_transform_end_time": 1716761020.694005}}
{"task_id": "a06a0627-c1c6-427c-bce2-95d77ede0b5e", "function_name": "noop_task", "parent_task_ids": [], "submit_time": 1716761021.577949, "received_time": 1716761022.5738328, "execution": {"hostname": "escience-taps", "execution_start_time": 1716761021.6816077, "execution_end_time": 1716761021.6894188, "task_start_time": 1716761021.6816397, "task_end_time": 1716761021.6876967, "input_transform_start_time": 1716761021.6816278, "input_transform_end_time": 1716761021.6816394, "result_transform_start_time": 1716761021.6876972, "result_transform_end_time": 1716761021.6894186}}
{"task_id": "991ffc47-e71c-443e-b7d2-907a008ff28f", "function_name": "noop_task", "parent_task_ids": [], "submit_time": 1716761022.5800927, "received_time": 1716761023.5770335, "execution": {"hostname": "escience-taps", "execution_start_time": 1716761022.699981, "execution_end_time": 1716761022.7081857, "task_start_time": 1716761022.7000115, "task_end_time": 1716761022.706475, "input_transform_start_time": 1716761022.699998, "input_transform_end_time": 1716761022.7000113, "result_transform_start_time": 1716761022.7064753, "result_transform_end_time": 1716761022.7081852}}
{"task_id": "525b875e-326b-41b7-a18d-ecca6cc59074", "function_name": "noop_task", "parent_task_ids": [], "submit_time": 1716761023.5838447, "received_time": 1716761024.5795012, "execution": {"hostname": "escience-taps", "execution_start_time": 1716761023.6963475, "execution_end_time": 1716761023.7087345, "task_start_time": 1716761023.6963832, "task_end_time": 1716761023.706344, "input_transform_start_time": 1716761023.6963694, "input_transform_end_time": 1716761023.696383, "result_transform_start_time": 1716761023.7063444, "result_transform_end_time": 1716761023.7087343}}
{"task_id": "44f3ef8e-2791-4c2d-a3f8-148d63bf4709", "function_name": "noop_task", "parent_task_ids": [], "submit_time": 1716761024.5857863, "received_time": 1716761025.5816503, "execution": {"hostname": "escience-taps", "execution_start_time": 1716761024.6953661, "execution_end_time": 1716761024.703051, "task_start_time": 1716761024.6954052, "task_end_time": 1716761024.7013507, "input_transform_start_time": 1716761024.695388, "input_transform_end_time": 1716761024.6954048, "result_transform_start_time": 1716761024.701351, "result_transform_end_time": 1716761024.7030506}}
{"task_id": "201b089f-6128-41e5-9853-3f43e7213e68", "function_name": "noop_task", "parent_task_ids": [], "submit_time": 1716761025.5879672, "received_time": 1716761026.584752, "execution": {"hostname": "escience-taps", "execution_start_time": 1716761025.6984813, "execution_end_time": 1716761025.7073078, "task_start_time": 1716761025.6985843, "task_end_time": 1716761025.7054334, "input_transform_start_time": 1716761025.698557, "input_transform_end_time": 1716761025.6985838, "result_transform_start_time": 1716761025.7054336, "result_transform_end_time": 1716761025.7073073}}
