{"task_id": "a23821c3-5f41-4c57-ada5-f6a86c0386d5", "function_name": "id", "parent_task_ids": [], "submit_time": 1716758199.0164752, "received_time": 1716758199.6481185, "execution": {"hostname": "escience-taps", "execution_start_time": 1716758199.6380432, "execution_end_time": 1716758199.6380677, "task_start_time": 1716758199.638058, "task_end_time": 1716758199.638059, "input_transform_start_time": 1716758199.6380475, "input_transform_end_time": 1716758199.6380577, "result_transform_start_time": 1716758199.6380594, "result_transform_end_time": 1716758199.6380677}}
{"task_id": "14d0c460-2e6b-4d8f-9ba6-1d9aeb6ebc92", "function_name": "noop_task", "parent_task_ids": [], "submit_time": 1716758199.6485798, "received_time": 1716758199.6729786, "execution": {"hostname": "escience-taps", "execution_start_time": 1716758199.6648352, "execution_end_time": 1716758199.6668983, "task_start_time": 1716758199.6648645, "task_end_time": 1716758199.6665695, "input_transform_start_time": 1716758199.664852, "input_transform_end_time": 1716758199.6648643, "result_transform_start_time": 1716758199.6665697, "result_transform_end_time": 1716758199.666898}}
{"task_id": "d1bd4ed2-f1d8-404a-b349-4474c531989c", "function_name": "noop_task", "parent_task_ids": [], "submit_time": 1716758199.67367, "received_time": 1716758199.6843994, "execution": {"hostname": "escience-taps", "execution_start_time": 1716758199.6780365, "execution_end_time": 1716758199.6789887, "task_start_time": 1716758199.6780813, "task_end_time": 1716758199.678702, "input_transform_start_time": 1716758199.678062, "input_transform_end_time": 1716758199.678081, "result_transform_start_time": 1716758199.6787024, "result_transform_end_time": 1716758199.6789882}}
{"task_id": "62bc018c-557e-4cf7-bbbc-9917bf2e31a4", "function_name": "noop_task", "parent_task_ids": [], "submit_time": 1716758199.6847286, "received_time": 1716758199.7003431, "execution": {"hostname": "escience-taps", "execution_start_time": 1716758199.6932912, "execution_end_time": 1716758199.6941388, "task_start_time": 1716758199.6933186, "task_end_time": 1716758199.6939678, "input_transform_start_time": 1716758199.6933055, "input_transform_end_time": 1716758199.6933184, "result_transform_start_time": 1716758199.6939678, "result_transform_end_time": 1716758199.6941388}}
{"task_id": "1cc894fb-dc29-434d-b7dc-811fe8268c7e", "function_name": "noop_task", "parent_task_ids": [], "submit_time": 1716758199.7006729, "received_time": 1716758199.7149467, "execution": {"hostname": "escience-taps", "execution_start_time": 1716758199.708832, "execution_end_time": 1716758199.7098246, "task_start_time": 1716758199.7088823, "task_end_time": 1716758199.709547, "input_transform_start_time": 1716758199.7088628, "input_transform_end_time": 1716758199.708882, "result_transform_start_time": 1716758199.7095473, "result_transform_end_time": 1716758199.7098243}}
{"task_id": "7c65976e-ae10-4705-b460-b9f924c2459d", "function_name": "noop_task", "parent_task_ids": [], "submit_time": 1716758199.7159946, "received_time": 1716758199.7304454, "execution": {"hostname": "escience-taps", "execution_start_time": 1716758199.7242718, "execution_end_time": 1716758199.7249668, "task_start_time": 1716758199.7242918, "task_end_time": 1716758199.724747, "input_transform_start_time": 1716758199.724283, "input_transform_end_time": 1716758199.7242916, "result_transform_start_time": 1716758199.7247472, "result_transform_end_time": 1716758199.724966}}
{"task_id": "dcf09413-6dd4-43a7-98b4-c7a5dbb804a4", "function_name": "noop_task", "parent_task_ids": [], "submit_time": 1716758199.7313294, "received_time": 1716758199.748503, "execution": {"hostname": "escience-taps", "execution_start_time": 1716758199.740587, "execution_end_time": 1716758199.7418134, "task_start_time": 1716758199.7406225, "task_end_time": 1716758199.74147, "input_transform_start_time": 1716758199.7406073, "input_transform_end_time": 1716758199.7406223, "result_transform_start_time": 1716758199.7414706, "result_transform_end_time": 1716758199.7418132}}
{"task_id": "85e1f13f-8bfd-4826-950e-085b44d9ff5c", "function_name": "noop_task", "parent_task_ids": [], "submit_time": 1716758199.7489903, "received_time": 1716758199.7675774, "execution": {"hostname": "escience-taps", "execution_start_time": 1716758199.761851, "execution_end_time": 1716758199.7627463, "task_start_time": 1716758199.7618892, "task_end_time": 1716758199.7625313, "input_transform_start_time": 1716758199.7618759, "input_transform_end_time": 1716758199.7618887, "result_transform_start_time": 1716758199.7625315, "result_transform_end_time": 1716758199.762746}}
{"task_id": "972ff860-e7e7-47b3-bfc1-4760c090ff00", "function_name": "noop_task", "parent_task_ids": [], "submit_time": 1716758199.7686236, "received_time": 1716758199.7845721, "execution": {"hostname": "escience-taps", "execution_start_time": 1716758199.7782702, "execution_end_time": 1716758199.77903, "task_start_time": 1716758199.778295, "task_end_time": 1716758199.778801, "input_transform_start_time": 1716758199.7782838, "input_transform_end_time": 1716758199.7782948, "result_transform_start_time": 1716758199.7788012, "result_transform_end_time": 1716758199.7790298}}
{"task_id": "3ca70b6c-0f60-4d7c-9745-3a69936f49d6", "function_name": "noop_task", "parent_task_ids": [], "submit_time": 1716758199.7855902, "received_time": 1716758199.799892, "execution": {"hostname": "escience-taps", "execution_start_time": 1716758199.7937062, "execution_end_time": 1716758199.7944834, "task_start_time": 1716758199.79373, "task_end_time": 1716758199.7941895, "input_transform_start_time": 1716758199.793719, "input_transform_end_time": 1716758199.7937298, "result_transform_start_time": 1716758199.79419, "result_transform_end_time": 1716758199.7944832}}
{"task_id": "486be260-f680-40d8-ab65-cb3e08b17dd5", "function_name": "noop_task", "parent_task_ids": [], "submit_time": 1716758199.8003407, "received_time": 1716758199.8157063, "execution": {"hostname": "escience-taps", "execution_start_time": 1716758199.8102713, "execution_end_time": 1716758199.8108866, "task_start_time": 1716758199.8102844, "task_end_time": 1716758199.8106506, "input_transform_start_time": 1716758199.8102782, "input_transform_end_time": 1716758199.8102841, "result_transform_start_time": 1716758199.8106508, "result_transform_end_time": 1716758199.8108864}}
