{"task_id": "f165d3cf-2ef4-4582-a8da-7f576586b026", "function_name": "id", "parent_task_ids": [], "submit_time": 1716758687.6848612, "received_time": 1716758689.3241496, "execution": {"hostname": "escience-taps", "execution_start_time": 1716758689.321716, "execution_end_time": 1716758689.32173, "task_start_time": 1716758689.3217242, "task_end_time": 1716758689.321725, "input_transform_start_time": 1716758689.3217185, "input_transform_end_time": 1716758689.3217242, "result_transform_start_time": 1716758689.321725, "result_transform_end_time": 1716758689.32173}}
{"task_id": "402b9513-e12d-465e-98b8-584f8c07bd60", "function_name": "noop_task", "parent_task_ids": [], "submit_time": 1716758689.3275187, "received_time": 1716758689.3660345, "execution": {"hostname": "escience-taps", "execution_start_time": 1716758689.3557746, "execution_end_time": 1716758689.3581145, "task_start_time": 1716758689.3557851, "task_end_time": 1716758689.3581061, "input_transform_start_time": 1716758689.3557794, "input_transform_end_time": 1716758689.3557851, "result_transform_start_time": 1716758689.3581064, "result_transform_end_time": 1716758689.3581142}}
{"task_id": "213ca10e-9e41-4430-9d71-15ef03511b93", "function_name": "noop_task", "parent_task_ids": [], "submit_time": 1716758689.3684518, "received_time": 1716758689.3955348, "execution": {"hostname": "escience-taps", "execution_start_time": 1716758689.3889396, "execution_end_time": 1716758689.3911743, "task_start_time": 1716758689.3889503, "task_end_time": 1716758689.3911693, "input_transform_start_time": 1716758689.3889444, "input_transform_end_time": 1716758689.3889503, "result_transform_start_time": 1716758689.3911693, "result_transform_end_time": 1716758689.391174}}
{"task_id": "97ab0058-eae5-4b24-9ddf-006168876595", "function_name": "noop_task", "parent_task_ids": [], "submit_time": 1716758689.3988144, "received_time": 1716758689.4383862, "execution": {"hostname": "escience-taps", "execution_start_time": 1716758689.4299097, "execution_end_time": 1716758689.4340875, "task_start_time": 1716758689.4299188, "task_end_time": 1716758689.4340825, "input_transform_start_time": 1716758689.4299138, "input_transform_end_time": 1716758689.4299188, "result_transform_start_time": 1716758689.4340825, "result_transform_end_time": 1716758689.4340875}}
{"task_id": "f9fe0d1d-e85e-4901-804a-cd21b7ed0a31", "function_name": "noop_task", "parent_task_ids": [], "submit_time": 1716758689.4415052, "received_time": 1716758689.4818356, "execution": {"hostname": "escience-taps", "execution_start_time": 1716758689.4725795, "execution_end_time": 1716758689.4774773, "task_start_time": 1716758689.472594, "task_end_time": 1716758689.4774718, "input_transform_start_time": 1716758689.4725869, "input_transform_end_time": 1716758689.4725935, "result_transform_start_time": 1716758689.477472, "result_transform_end_time": 1716758689.4774773}}
{"task_id": "d348bbed-90bf-4719-b9b0-f02ca84344f5", "function_name": "noop_task", "parent_task_ids": [], "submit_time": 1716758689.4847565, "received_time": 1716758689.5247798, "execution": {"hostname": "escience-taps", "execution_start_time": 1716758689.516079, "execution_end_time": 1716758689.5204315, "task_start_time": 1716758689.5160952, "task_end_time": 1716758689.5204165, "input_transform_start_time": 1716758689.5160873, "input_transform_end_time": 1716758689.516095, "result_transform_start_time": 1716758689.5204167, "result_transform_end_time": 1716758689.5204313}}
{"task_id": "4975b215-e85a-4629-8093-135766fd956d", "function_name": "noop_task", "parent_task_ids": [], "submit_time": 1716758689.5278459, "received_time": 1716758689.5683553, "execution": {"hostname": "escience-taps", "execution_start_time": 1716758689.5586715, "execution_end_time": 1716758689.563833, "task_start_time": 1716758689.558687, "task_end_time": 1716758689.5638285, "input_transform_start_time": 1716758689.5586793, "input_transform_end_time": 1716758689.5586867, "result_transform_start_time": 1716758689.5638287, "result_transform_end_time": 1716758689.5638328}}
{"task_id": "52756d70-8fee-457b-9431-f973afbf83b7", "function_name": "noop_task", "parent_task_ids": [], "submit_time": 1716758689.5711484, "received_time": 1716758689.6126325, "execution": {"hostname": "escience-taps", "execution_start_time": 1716758689.6022828, "execution_end_time": 1716758689.6071718, "task_start_time": 1716758689.6022983, "task_end_time": 1716758689.6071649, "input_transform_start_time": 1716758689.6022897, "input_transform_end_time": 1716758689.602298, "result_transform_start_time": 1716758689.607165, "result_transform_end_time": 1716758689.6071715}}
{"task_id": "e3d36c15-eca2-4d15-b188-f03c9156149e", "function_name": "noop_task", "parent_task_ids": [], "submit_time": 1716758689.6156878, "received_time": 1716758689.6547167, "execution": {"hostname": "escience-taps", "execution_start_time": 1716758689.6452856, "execution_end_time": 1716758689.6496267, "task_start_time": 1716758689.6452923, "task_end_time": 1716758689.6496181, "input_transform_start_time": 1716758689.6452887, "input_transform_end_time": 1716758689.6452923, "result_transform_start_time": 1716758689.6496186, "result_transform_end_time": 1716758689.6496267}}
{"task_id": "b165901a-968d-42af-8706-4d01f2741f66", "function_name": "noop_task", "parent_task_ids": [], "submit_time": 1716758689.6578376, "received_time": 1716758689.6969552, "execution": {"hostname": "escience-taps", "execution_start_time": 1716758689.6880617, "execution_end_time": 1716758689.6929166, "task_start_time": 1716758689.6880753, "task_end_time": 1716758689.6929076, "input_transform_start_time": 1716758689.6880682, "input_transform_end_time": 1716758689.688075, "result_transform_start_time": 1716758689.692908, "result_transform_end_time": 1716758689.6929166}}
{"task_id": "01e73a87-5532-44ca-84c0-d050a3f478a3", "function_name": "noop_task", "parent_task_ids": [], "submit_time": 1716758689.699988, "received_time": 1716758689.7389662, "execution": {"hostname": "escience-taps", "execution_start_time": 1716758689.7301917, "execution_end_time": 1716758689.7342172, "task_start_time": 1716758689.730199, "task_end_time": 1716758689.7342126, "input_transform_start_time": 1716758689.7301953, "input_transform_end_time": 1716758689.7301989, "result_transform_start_time": 1716758689.7342129, "result_transform_end_time": 1716758689.7342172}}
