{"task_id": "b265b39b-37b6-458b-afe5-b5338867fd84", "function_name": "id", "parent_task_ids": [], "submit_time": 1716759316.2279968, "received_time": 1716759316.8794234, "execution": {"hostname": "escience-taps", "execution_start_time": 1716759316.8748455, "execution_end_time": 1716759316.8748555, "task_start_time": 1716759316.874851, "task_end_time": 1716759316.8748512, "input_transform_start_time": 1716759316.874848, "input_transform_end_time": 1716759316.8748507, "result_transform_start_time": 1716759316.8748515, "result_transform_end_time": 1716759316.8748555}}
{"task_id": "58e11823-fbde-4621-9b62-8b358fbebe97", "function_name": "noop_task", "parent_task_ids": [], "submit_time": 1716759316.8831193, "received_time": 1716759316.8980272, "execution": {"hostname": "escience-taps", "execution_start_time": 1716759316.8933222, "execution_end_time": 1716759316.8960135, "task_start_time": 1716759316.8933313, "task_end_time": 1716759316.8960083, "input_transform_start_time": 1716759316.8933263, "input_transform_end_time": 1716759316.893331, "result_transform_start_time": 1716759316.8960085, "result_transform_end_time": 1716759316.8960135}}
{"task_id": "2876fdbc-7cfc-4f7f-9f64-81ece31e9801", "function_name": "noop_task", "parent_task_ids": [], "submit_time": 1716759316.901824, "received_time": 1716759316.9090106, "execution": {"hostname": "escience-taps", "execution_start_time": 1716759316.9045215, "execution_end_time": 1716759316.9071295, "task_start_time": 1716759316.9045308, "task_end_time": 1716759316.9071255, "input_transform_start_time": 1716759316.9045258, "input_transform_end_time": 1716759316.9045308, "result_transform_start_time": 1716759316.9071257, "result_transform_end_time": 1716759316.9071293}}
{"task_id": "126e43c6-68a6-417d-8285-bb507b5934d8", "function_name": "noop_task", "parent_task_ids": [], "submit_time": 1716759316.9118962, "received_time": 1716759316.9186025, "execution": {"hostname": "escience-taps", "execution_start_time": 1716759316.9141686, "execution_end_time": 1716759316.917012, "task_start_time": 1716759316.914178, "task_end_time": 1716759316.9170077, "input_transform_start_time": 1716759316.914173, "input_transform_end_time": 1716759316.914178, "result_transform_start_time": 1716759316.917008, "result_transform_end_time": 1716759316.917012}}
{"task_id": "08f001df-0e26-40b9-b5ff-484637f1ebfb", "function_name": "noop_task", "parent_task_ids": [], "submit_time": 1716759316.9221406, "received_time": 1716759316.9291883, "execution": {"hostname": "escience-taps", "execution_start_time": 1716759316.9248974, "execution_end_time": 1716759316.9277368, "task_start_time": 1716759316.924909, "task_end_time": 1716759316.9277322, "input_transform_start_time": 1716759316.9249034, "input_transform_end_time": 1716759316.9249089, "result_transform_start_time": 1716759316.9277325, "result_transform_end_time": 1716759316.9277368}}
{"task_id": "f9532aa5-954b-4591-91ad-b64d2da17db0", "function_name": "noop_task", "parent_task_ids": [], "submit_time": 1716759316.9327614, "received_time": 1716759316.9397433, "execution": {"hostname": "escience-taps", "execution_start_time": 1716759316.9355304, "execution_end_time": 1716759316.938321, "task_start_time": 1716759316.9355376, "task_end_time": 1716759316.938317, "input_transform_start_time": 1716759316.9355338, "input_transform_end_time": 1716759316.9355376, "result_transform_start_time": 1716759316.9383173, "result_transform_end_time": 1716759316.938321}}
{"task_id": "32e2acd7-bc68-4683-a978-d87c74ac9a15", "function_name": "noop_task", "parent_task_ids": [], "submit_time": 1716759316.9432297, "received_time": 1716759316.950262, "execution": {"hostname": "escience-taps", "execution_start_time": 1716759316.9460955, "execution_end_time": 1716759316.9489148, "task_start_time": 1716759316.946102, "task_end_time": 1716759316.9489105, "input_transform_start_time": 1716759316.9460988, "input_transform_end_time": 1716759316.946102, "result_transform_start_time": 1716759316.948911, "result_transform_end_time": 1716759316.9489148}}
{"task_id": "ec61e92c-5810-48ca-a487-95be79dbc1a8", "function_name": "noop_task", "parent_task_ids": [], "submit_time": 1716759316.9537516, "received_time": 1716759316.9606485, "execution": {"hostname": "escience-taps", "execution_start_time": 1716759316.9564009, "execution_end_time": 1716759316.9592018, "task_start_time": 1716759316.9564087, "task_end_time": 1716759316.9591959, "input_transform_start_time": 1716759316.9564042, "input_transform_end_time": 1716759316.9564085, "result_transform_start_time": 1716759316.9591959, "result_transform_end_time": 1716759316.9592016}}
{"task_id": "6576ac5f-dbad-4008-9f32-0857200c1289", "function_name": "noop_task", "parent_task_ids": [], "submit_time": 1716759316.9634829, "received_time": 1716759316.9695568, "execution": {"hostname": "escience-taps", "execution_start_time": 1716759316.965506, "execution_end_time": 1716759316.9683073, "task_start_time": 1716759316.9655123, "task_end_time": 1716759316.9683034, "input_transform_start_time": 1716759316.9655092, "input_transform_end_time": 1716759316.9655123, "result_transform_start_time": 1716759316.9683037, "result_transform_end_time": 1716759316.968307}}
{"task_id": "b2f991d9-c579-4759-8060-269a0aa1fbb4", "function_name": "noop_task", "parent_task_ids": [], "submit_time": 1716759316.972351, "received_time": 1716759316.9783905, "execution": {"hostname": "escience-taps", "execution_start_time": 1716759316.97423, "execution_end_time": 1716759316.9770677, "task_start_time": 1716759316.974236, "task_end_time": 1716759316.977064, "input_transform_start_time": 1716759316.974233, "input_transform_end_time": 1716759316.974236, "result_transform_start_time": 1716759316.977064, "result_transform_end_time": 1716759316.9770675}}
{"task_id": "d709bebf-6137-44e6-80ce-aeaeecaba955", "function_name": "noop_task", "parent_task_ids": [], "submit_time": 1716759316.9818888, "received_time": 1716759316.988699, "execution": {"hostname": "escience-taps", "execution_start_time": 1716759316.984483, "execution_end_time": 1716759316.9873412, "task_start_time": 1716759316.9844892, "task_end_time": 1716759316.987337, "input_transform_start_time": 1716759316.984486, "input_transform_end_time": 1716759316.9844892, "result_transform_start_time": 1716759316.987337, "result_transform_end_time": 1716759316.9873412}}
