{"task_id": "4a81cb09-8685-48f3-805f-6ae9d9d1cb0a", "function_name": "id", "parent_task_ids": [], "submit_time": 1716758143.6086504, "received_time": 1716758144.2953043, "execution": {"hostname": "escience-taps", "execution_start_time": 1716758144.2842755, "execution_end_time": 1716758144.2842946, "task_start_time": 1716758144.284287, "task_end_time": 1716758144.2842884, "input_transform_start_time": 1716758144.2842793, "input_transform_end_time": 1716758144.2842867, "result_transform_start_time": 1716758144.2842884, "result_transform_end_time": 1716758144.2842944}}
{"task_id": "0eeb490a-b525-4378-acf7-e9967b1c7383", "function_name": "noop_task", "parent_task_ids": [], "submit_time": 1716758144.2946348, "received_time": 1716758144.3197985, "execution": {"hostname": "escience-taps", "execution_start_time": 1716758144.312214, "execution_end_time": 1716758144.3139803, "task_start_time": 1716758144.3122437, "task_end_time": 1716758144.3135042, "input_transform_start_time": 1716758144.3122303, "input_transform_end_time": 1716758144.3122432, "result_transform_start_time": 1716758144.3135045, "result_transform_end_time": 1716758144.31398}}
{"task_id": "d9ac516b-9c40-4d43-bbe9-a6a9ead1ec64", "function_name": "noop_task", "parent_task_ids": [], "submit_time": 1716758144.320597, "received_time": 1716758144.3315954, "execution": {"hostname": "escience-taps", "execution_start_time": 1716758144.3256536, "execution_end_time": 1716758144.3269389, "task_start_time": 1716758144.3256984, "task_end_time": 1716758144.3265991, "input_transform_start_time": 1716758144.325679, "input_transform_end_time": 1716758144.3256981, "result_transform_start_time": 1716758144.3265994, "result_transform_end_time": 1716758144.3269389}}
{"task_id": "9a444344-9c4c-4a84-981b-c52d1293944e", "function_name": "noop_task", "parent_task_ids": [], "submit_time": 1716758144.3332913, "received_time": 1716758144.355267, "execution": {"hostname": "escience-taps", "execution_start_time": 1716758144.3484552, "execution_end_time": 1716758144.3498619, "task_start_time": 1716758144.3484874, "task_end_time": 1716758144.3494911, "input_transform_start_time": 1716758144.3484719, "input_transform_end_time": 1716758144.3484871, "result_transform_start_time": 1716758144.3494914, "result_transform_end_time": 1716758144.3498616}}
{"task_id": "65200b35-f060-48d0-a2ea-2aec4c1a1def", "function_name": "noop_task", "parent_task_ids": [], "submit_time": 1716758144.356004, "received_time": 1716758144.3765626, "execution": {"hostname": "escience-taps", "execution_start_time": 1716758144.3705726, "execution_end_time": 1716758144.3716285, "task_start_time": 1716758144.37061, "task_end_time": 1716758144.3714023, "input_transform_start_time": 1716758144.3705924, "input_transform_end_time": 1716758144.3706095, "result_transform_start_time": 1716758144.3714025, "result_transform_end_time": 1716758144.3716283}}
{"task_id": "eb1db4d2-f586-48c5-bd38-543579bb0c08", "function_name": "noop_task", "parent_task_ids": [], "submit_time": 1716758144.377932, "received_time": 1716758144.3985689, "execution": {"hostname": "escience-taps", "execution_start_time": 1716758144.392776, "execution_end_time": 1716758144.3940322, "task_start_time": 1716758144.3928027, "task_end_time": 1716758144.393732, "input_transform_start_time": 1716758144.3927906, "input_transform_end_time": 1716758144.3928022, "result_transform_start_time": 1716758144.3937323, "result_transform_end_time": 1716758144.3940318}}
{"task_id": "0e7fb5d8-4fc0-4999-851f-1a2faf060663", "function_name": "noop_task", "parent_task_ids": [], "submit_time": 1716758144.3999138, "received_time": 1716758144.4210083, "execution": {"hostname": "escience-taps", "execution_start_time": 1716758144.4140658, "execution_end_time": 1716758144.4159677, "task_start_time": 1716758144.4141161, "task_end_time": 1716758144.4152582, "input_transform_start_time": 1716758144.414095, "input_transform_end_time": 1716758144.4141157, "result_transform_start_time": 1716758144.4152586, "result_transform_end_time": 1716758144.4159675}}
{"task_id": "406f660f-1c90-43d3-88cf-d12941070b10", "function_name": "noop_task", "parent_task_ids": [], "submit_time": 1716758144.4226682, "received_time": 1716758144.4433517, "execution": {"hostname": "escience-taps", "execution_start_time": 1716758144.4364378, "execution_end_time": 1716758144.4378633, "task_start_time": 1716758144.4364688, "task_end_time": 1716758144.4373944, "input_transform_start_time": 1716758144.4364543, "input_transform_end_time": 1716758144.4364681, "result_transform_start_time": 1716758144.4373949, "result_transform_end_time": 1716758144.4378629}}
{"task_id": "4393485d-4416-471e-b1de-4c1cced9a51a", "function_name": "noop_task", "parent_task_ids": [], "submit_time": 1716758144.444075, "received_time": 1716758144.4651446, "execution": {"hostname": "escience-taps", "execution_start_time": 1716758144.4579394, "execution_end_time": 1716758144.459494, "task_start_time": 1716758144.4579759, "task_end_time": 1716758144.4589596, "input_transform_start_time": 1716758144.4579585, "input_transform_end_time": 1716758144.4579759, "result_transform_start_time": 1716758144.4589598, "result_transform_end_time": 1716758144.4594939}}
{"task_id": "d3f876cc-c899-4a24-bab9-d3c1a05d2933", "function_name": "noop_task", "parent_task_ids": [], "submit_time": 1716758144.4658716, "received_time": 1716758144.4875858, "execution": {"hostname": "escience-taps", "execution_start_time": 1716758144.4813218, "execution_end_time": 1716758144.4827416, "task_start_time": 1716758144.4813547, "task_end_time": 1716758144.4823518, "input_transform_start_time": 1716758144.48134, "input_transform_end_time": 1716758144.4813545, "result_transform_start_time": 1716758144.482352, "result_transform_end_time": 1716758144.4827416}}
{"task_id": "8e5e1e92-4d4c-4364-a3ff-0e03b25fb930", "function_name": "noop_task", "parent_task_ids": [], "submit_time": 1716758144.4889023, "received_time": 1716758144.5105715, "execution": {"hostname": "escience-taps", "execution_start_time": 1716758144.5044448, "execution_end_time": 1716758144.5060744, "task_start_time": 1716758144.504477, "task_end_time": 1716758144.5057375, "input_transform_start_time": 1716758144.504462, "input_transform_end_time": 1716758144.5044768, "result_transform_start_time": 1716758144.5057375, "result_transform_end_time": 1716758144.5060742}}
