{"task_id": "30396c40-353e-417d-9ddf-46fbfd590dad", "function_name": "id", "parent_task_ids": [], "submit_time": 1716758455.6667356, "received_time": 1716758455.6751075, "execution": {"hostname": "escience-taps", "execution_start_time": 1716758455.6741977, "execution_end_time": 1716758455.6742666, "task_start_time": 1716758455.6742456, "task_end_time": 1716758455.6742465, "input_transform_start_time": 1716758455.6742141, "input_transform_end_time": 1716758455.6742454, "result_transform_start_time": 1716758455.674247, "result_transform_end_time": 1716758455.6742666}}
{"task_id": "e2b84b1a-cefd-49a6-9fc2-210281ffb06b", "function_name": "noop_task", "parent_task_ids": [], "submit_time": 1716758455.707302, "received_time": 1716758455.7660203, "execution": {"hostname": "escience-taps", "execution_start_time": 1716758455.7264528, "execution_end_time": 1716758455.750895, "task_start_time": 1716758455.7264771, "task_end_time": 1716758455.7508583, "input_transform_start_time": 1716758455.7264671, "input_transform_end_time": 1716758455.726477, "result_transform_start_time": 1716758455.7508585, "result_transform_end_time": 1716758455.7508948}}
{"task_id": "0aac9d68-5b68-4d90-9552-f260e543cf37", "function_name": "noop_task", "parent_task_ids": [], "submit_time": 1716758455.7938404, "received_time": 1716758455.8320255, "execution": {"hostname": "escience-taps", "execution_start_time": 1716758455.8023841, "execution_end_time": 1716758455.8242288, "task_start_time": 1716758455.802405, "task_end_time": 1716758455.8242133, "input_transform_start_time": 1716758455.802397, "input_transform_end_time": 1716758455.802405, "result_transform_start_time": 1716758455.8242135, "result_transform_end_time": 1716758455.8242285}}
{"task_id": "91eb3d80-d035-4fd2-a7d2-ad3fa52f94c4", "function_name": "noop_task", "parent_task_ids": [], "submit_time": 1716758455.8547847, "received_time": 1716758455.8962393, "execution": {"hostname": "escience-taps", "execution_start_time": 1716758455.8662117, "execution_end_time": 1716758455.8884559, "task_start_time": 1716758455.866238, "task_end_time": 1716758455.888444, "input_transform_start_time": 1716758455.8662286, "input_transform_end_time": 1716758455.8662379, "result_transform_start_time": 1716758455.8884442, "result_transform_end_time": 1716758455.8884559}}
{"task_id": "4a029b62-5c55-40d0-a2e1-bc23d0dd8bda", "function_name": "noop_task", "parent_task_ids": [], "submit_time": 1716758455.9192593, "received_time": 1716758455.9617114, "execution": {"hostname": "escience-taps", "execution_start_time": 1716758455.9319127, "execution_end_time": 1716758455.9540198, "task_start_time": 1716758455.9319317, "task_end_time": 1716758455.9540079, "input_transform_start_time": 1716758455.931923, "input_transform_end_time": 1716758455.9319317, "result_transform_start_time": 1716758455.954008, "result_transform_end_time": 1716758455.9540195}}
{"task_id": "151a1d9a-9558-4894-95e6-4eab591cce76", "function_name": "noop_task", "parent_task_ids": [], "submit_time": 1716758455.9843671, "received_time": 1716758456.0241165, "execution": {"hostname": "escience-taps", "execution_start_time": 1716758455.9944608, "execution_end_time": 1716758456.0164592, "task_start_time": 1716758455.9944782, "task_end_time": 1716758456.0164468, "input_transform_start_time": 1716758455.9944701, "input_transform_end_time": 1716758455.994478, "result_transform_start_time": 1716758456.016447, "result_transform_end_time": 1716758456.0164592}}
{"task_id": "2c2193d6-b524-4c2c-a724-517ab75030ac", "function_name": "noop_task", "parent_task_ids": [], "submit_time": 1716758456.0466251, "received_time": 1716758456.0870078, "execution": {"hostname": "escience-taps", "execution_start_time": 1716758456.0581322, "execution_end_time": 1716758456.0796185, "task_start_time": 1716758456.0581515, "task_end_time": 1716758456.0795972, "input_transform_start_time": 1716758456.0581431, "input_transform_end_time": 1716758456.0581512, "result_transform_start_time": 1716758456.0795975, "result_transform_end_time": 1716758456.0796185}}
{"task_id": "f8f7b245-334f-4396-9803-4755388f404b", "function_name": "noop_task", "parent_task_ids": [], "submit_time": 1716758456.1096065, "received_time": 1716758456.1499524, "execution": {"hostname": "escience-taps", "execution_start_time": 1716758456.1216917, "execution_end_time": 1716758456.1430943, "task_start_time": 1716758456.1217113, "task_end_time": 1716758456.1430833, "input_transform_start_time": 1716758456.1217015, "input_transform_end_time": 1716758456.121711, "result_transform_start_time": 1716758456.1430836, "result_transform_end_time": 1716758456.143094}}
{"task_id": "05d81851-7dda-49c0-b483-70dd3415514c", "function_name": "noop_task", "parent_task_ids": [], "submit_time": 1716758456.1720886, "received_time": 1716758456.2148342, "execution": {"hostname": "escience-taps", "execution_start_time": 1716758456.187363, "execution_end_time": 1716758456.2088623, "task_start_time": 1716758456.1873765, "task_end_time": 1716758456.2088504, "input_transform_start_time": 1716758456.1873708, "input_transform_end_time": 1716758456.1873765, "result_transform_start_time": 1716758456.2088506, "result_transform_end_time": 1716758456.208862}}
{"task_id": "83eaeaa6-cacd-4b13-8928-7a05abd7fa83", "function_name": "noop_task", "parent_task_ids": [], "submit_time": 1716758456.23506, "received_time": 1716758456.2726598, "execution": {"hostname": "escience-taps", "execution_start_time": 1716758456.2455792, "execution_end_time": 1716758456.2675428, "task_start_time": 1716758456.2455966, "task_end_time": 1716758456.267532, "input_transform_start_time": 1716758456.24559, "input_transform_end_time": 1716758456.2455964, "result_transform_start_time": 1716758456.267532, "result_transform_end_time": 1716758456.2675428}}
{"task_id": "c80c3074-d86a-4089-baa9-ee7050c46333", "function_name": "noop_task", "parent_task_ids": [], "submit_time": 1716758456.2931037, "received_time": 1716758456.332211, "execution": {"hostname": "escience-taps", "execution_start_time": 1716758456.3041906, "execution_end_time": 1716758456.3262663, "task_start_time": 1716758456.3042092, "task_end_time": 1716758456.326254, "input_transform_start_time": 1716758456.3042023, "input_transform_end_time": 1716758456.304209, "result_transform_start_time": 1716758456.326254, "result_transform_end_time": 1716758456.326266}}
