{"task_id": "c3a2b6c4-e51d-4d7b-aac7-1836cd425600", "function_name": "id", "parent_task_ids": [], "submit_time": 1716759349.5389767, "received_time": 1716759350.1884704, "execution": {"hostname": "escience-taps", "execution_start_time": 1716759350.1843128, "execution_end_time": 1716759350.1843228, "task_start_time": 1716759350.1843185, "task_end_time": 1716759350.184319, "input_transform_start_time": 1716759350.1843154, "input_transform_end_time": 1716759350.1843183, "result_transform_start_time": 1716759350.184319, "result_transform_end_time": 1716759350.1843228}}
{"task_id": "45284f79-212a-42fb-aa71-96b3f4bef9c1", "function_name": "noop_task", "parent_task_ids": [], "submit_time": 1716759350.2356591, "received_time": 1716759350.2922091, "execution": {"hostname": "escience-taps", "execution_start_time": 1716759350.2510135, "execution_end_time": 1716759350.2782571, "task_start_time": 1716759350.2510242, "task_end_time": 1716759350.278247, "input_transform_start_time": 1716759350.2510185, "input_transform_end_time": 1716759350.2510238, "result_transform_start_time": 1716759350.2782474, "result_transform_end_time": 1716759350.2782571}}
{"task_id": "c0a98278-8509-4132-8cb0-5f564b581382", "function_name": "noop_task", "parent_task_ids": [], "submit_time": 1716759350.3352299, "received_time": 1716759350.390613, "execution": {"hostname": "escience-taps", "execution_start_time": 1716759350.343454, "execution_end_time": 1716759350.379936, "task_start_time": 1716759350.3434727, "task_end_time": 1716759350.3799214, "input_transform_start_time": 1716759350.3434622, "input_transform_end_time": 1716759350.3434727, "result_transform_start_time": 1716759350.379922, "result_transform_end_time": 1716759350.379936}}
{"task_id": "c24a908d-1ac6-42bc-9947-f30b24361925", "function_name": "noop_task", "parent_task_ids": [], "submit_time": 1716759350.432144, "received_time": 1716759350.4964235, "execution": {"hostname": "escience-taps", "execution_start_time": 1716759350.4430878, "execution_end_time": 1716759350.4857242, "task_start_time": 1716759350.4431107, "task_end_time": 1716759350.4857116, "input_transform_start_time": 1716759350.443098, "input_transform_end_time": 1716759350.4431102, "result_transform_start_time": 1716759350.4857118, "result_transform_end_time": 1716759350.4857242}}
{"task_id": "5ea76b18-5d89-49f9-afc5-de0dfe15230a", "function_name": "noop_task", "parent_task_ids": [], "submit_time": 1716759350.5390623, "received_time": 1716759350.5994987, "execution": {"hostname": "escience-taps", "execution_start_time": 1716759350.549645, "execution_end_time": 1716759350.5919633, "task_start_time": 1716759350.549668, "task_end_time": 1716759350.5919514, "input_transform_start_time": 1716759350.5496554, "input_transform_end_time": 1716759350.5496678, "result_transform_start_time": 1716759350.5919514, "result_transform_end_time": 1716759350.5919633}}
{"task_id": "90c0adc0-a2a8-4c21-a39a-d9cd7a10610e", "function_name": "noop_task", "parent_task_ids": [], "submit_time": 1716759350.6427915, "received_time": 1716759350.7063556, "execution": {"hostname": "escience-taps", "execution_start_time": 1716759350.6546667, "execution_end_time": 1716759350.6988382, "task_start_time": 1716759350.6546836, "task_end_time": 1716759350.6988227, "input_transform_start_time": 1716759350.6546745, "input_transform_end_time": 1716759350.6546834, "result_transform_start_time": 1716759350.6988232, "result_transform_end_time": 1716759350.6988382}}
{"task_id": "955d0eee-7e90-4ad3-834e-d3647ad2e3e6", "function_name": "noop_task", "parent_task_ids": [], "submit_time": 1716759350.7469356, "received_time": 1716759350.804168, "execution": {"hostname": "escience-taps", "execution_start_time": 1716759350.7578163, "execution_end_time": 1716759350.7964795, "task_start_time": 1716759350.7578323, "task_end_time": 1716759350.7964654, "input_transform_start_time": 1716759350.757823, "input_transform_end_time": 1716759350.7578323, "result_transform_start_time": 1716759350.7964656, "result_transform_end_time": 1716759350.7964795}}
{"task_id": "886eb475-7c64-463d-92b6-be9ba3fb1a33", "function_name": "noop_task", "parent_task_ids": [], "submit_time": 1716759350.843984, "received_time": 1716759350.9040134, "execution": {"hostname": "escience-taps", "execution_start_time": 1716759350.8543634, "execution_end_time": 1716759350.8964648, "task_start_time": 1716759350.8543828, "task_end_time": 1716759350.8964438, "input_transform_start_time": 1716759350.8543713, "input_transform_end_time": 1716759350.8543823, "result_transform_start_time": 1716759350.896444, "result_transform_end_time": 1716759350.8964648}}
{"task_id": "f8d33db9-d449-46cd-99ab-27be5b6efecd", "function_name": "noop_task", "parent_task_ids": [], "submit_time": 1716759350.944149, "received_time": 1716759351.0016935, "execution": {"hostname": "escience-taps", "execution_start_time": 1716759350.9556615, "execution_end_time": 1716759350.9937198, "task_start_time": 1716759350.9556754, "task_end_time": 1716759350.9937046, "input_transform_start_time": 1716759350.9556673, "input_transform_end_time": 1716759350.9556754, "result_transform_start_time": 1716759350.9937048, "result_transform_end_time": 1716759350.9937196}}
{"task_id": "ff2e77e3-2939-4d69-a17e-aef44891f6b1", "function_name": "noop_task", "parent_task_ids": [], "submit_time": 1716759351.0430765, "received_time": 1716759351.0971134, "execution": {"hostname": "escience-taps", "execution_start_time": 1716759351.0523343, "execution_end_time": 1716759351.0894876, "task_start_time": 1716759351.0523474, "task_end_time": 1716759351.0894728, "input_transform_start_time": 1716759351.05234, "input_transform_end_time": 1716759351.0523474, "result_transform_start_time": 1716759351.089473, "result_transform_end_time": 1716759351.0894876}}
{"task_id": "8e999eda-3b1e-48a9-8bd6-fbc931150815", "function_name": "noop_task", "parent_task_ids": [], "submit_time": 1716759351.1243804, "received_time": 1716759351.173207, "execution": {"hostname": "escience-taps", "execution_start_time": 1716759351.13421, "execution_end_time": 1716759351.1684685, "task_start_time": 1716759351.1342206, "task_end_time": 1716759351.168454, "input_transform_start_time": 1716759351.1342144, "input_transform_end_time": 1716759351.1342206, "result_transform_start_time": 1716759351.1684544, "result_transform_end_time": 1716759351.1684685}}
