{"task_id": "7269eee4-d01b-4f79-94b3-b29efe8129e7", "function_name": "id", "parent_task_ids": [], "submit_time": 1716758451.35968, "received_time": 1716758451.3681874, "execution": {"hostname": "escience-taps", "execution_start_time": 1716758451.3673234, "execution_end_time": 1716758451.3673913, "task_start_time": 1716758451.3673708, "task_end_time": 1716758451.3673718, "input_transform_start_time": 1716758451.3673413, "input_transform_end_time": 1716758451.3673706, "result_transform_start_time": 1716758451.3673718, "result_transform_end_time": 1716758451.3673909}}
{"task_id": "3dbe46e5-77a4-4f06-a4d0-55167fb4f672", "function_name": "noop_task", "parent_task_ids": [], "submit_time": 1716758451.372096, "received_time": 1716758451.3787656, "execution": {"hostname": "escience-taps", "execution_start_time": 1716758451.3745618, "execution_end_time": 1716758451.377268, "task_start_time": 1716758451.3745706, "task_end_time": 1716758451.37725, "input_transform_start_time": 1716758451.3745666, "input_transform_end_time": 1716758451.3745701, "result_transform_start_time": 1716758451.3772502, "result_transform_end_time": 1716758451.3772676}}
{"task_id": "a785759d-5ae3-4f44-8c5b-bf630308b66d", "function_name": "noop_task", "parent_task_ids": [], "submit_time": 1716758451.3823404, "received_time": 1716758451.3870122, "execution": {"hostname": "escience-taps", "execution_start_time": 1716758451.3836343, "execution_end_time": 1716758451.3861806, "task_start_time": 1716758451.3836443, "task_end_time": 1716758451.3861773, "input_transform_start_time": 1716758451.3836398, "input_transform_end_time": 1716758451.383644, "result_transform_start_time": 1716758451.3861773, "result_transform_end_time": 1716758451.3861806}}
{"task_id": "a335fbe6-6492-4ff6-af59-df3d38af2ec4", "function_name": "noop_task", "parent_task_ids": [], "submit_time": 1716758451.3897471, "received_time": 1716758451.3942065, "execution": {"hostname": "escience-taps", "execution_start_time": 1716758451.390924, "execution_end_time": 1716758451.393436, "task_start_time": 1716758451.3909345, "task_end_time": 1716758451.3934326, "input_transform_start_time": 1716758451.39093, "input_transform_end_time": 1716758451.3909345, "result_transform_start_time": 1716758451.3934329, "result_transform_end_time": 1716758451.393436}}
{"task_id": "a26833b1-6742-4695-b484-5bfc65f15929", "function_name": "noop_task", "parent_task_ids": [], "submit_time": 1716758451.3967144, "received_time": 1716758451.4012144, "execution": {"hostname": "escience-taps", "execution_start_time": 1716758451.3982077, "execution_end_time": 1716758451.4005542, "task_start_time": 1716758451.3982139, "task_end_time": 1716758451.400551, "input_transform_start_time": 1716758451.3982108, "input_transform_end_time": 1716758451.3982136, "result_transform_start_time": 1716758451.4005513, "result_transform_end_time": 1716758451.4005542}}
{"task_id": "af369b64-83de-472f-8381-38e9247b4d6a", "function_name": "noop_task", "parent_task_ids": [], "submit_time": 1716758451.4040635, "received_time": 1716758451.4087882, "execution": {"hostname": "escience-taps", "execution_start_time": 1716758451.4055898, "execution_end_time": 1716758451.4080694, "task_start_time": 1716758451.4055974, "task_end_time": 1716758451.4080665, "input_transform_start_time": 1716758451.4055939, "input_transform_end_time": 1716758451.4055972, "result_transform_start_time": 1716758451.4080665, "result_transform_end_time": 1716758451.4080694}}
{"task_id": "19492798-44ca-4e44-8342-e68a57478a2f", "function_name": "noop_task", "parent_task_ids": [], "submit_time": 1716758451.4114876, "received_time": 1716758451.416123, "execution": {"hostname": "escience-taps", "execution_start_time": 1716758451.4130409, "execution_end_time": 1716758451.4154153, "task_start_time": 1716758451.4130464, "task_end_time": 1716758451.4154084, "input_transform_start_time": 1716758451.4130437, "input_transform_end_time": 1716758451.4130464, "result_transform_start_time": 1716758451.4154086, "result_transform_end_time": 1716758451.415415}}
{"task_id": "5a8c84c1-ab2c-49fd-a30e-2cc3fca71875", "function_name": "noop_task", "parent_task_ids": [], "submit_time": 1716758451.4189444, "received_time": 1716758451.423424, "execution": {"hostname": "escience-taps", "execution_start_time": 1716758451.4203758, "execution_end_time": 1716758451.4227052, "task_start_time": 1716758451.4203825, "task_end_time": 1716758451.422702, "input_transform_start_time": 1716758451.4203792, "input_transform_end_time": 1716758451.4203825, "result_transform_start_time": 1716758451.422702, "result_transform_end_time": 1716758451.4227052}}
{"task_id": "61db2aea-b9d9-46f2-a057-bad09c697eb1", "function_name": "noop_task", "parent_task_ids": [], "submit_time": 1716758451.426448, "received_time": 1716758451.4330041, "execution": {"hostname": "escience-taps", "execution_start_time": 1716758451.430204, "execution_end_time": 1716758451.4324958, "task_start_time": 1716758451.4302094, "task_end_time": 1716758451.432493, "input_transform_start_time": 1716758451.430207, "input_transform_end_time": 1716758451.4302094, "result_transform_start_time": 1716758451.4324932, "result_transform_end_time": 1716758451.4324958}}
{"task_id": "c274079b-bfee-4ccf-939b-f101aabe2e19", "function_name": "noop_task", "parent_task_ids": [], "submit_time": 1716758451.436015, "received_time": 1716758451.4408438, "execution": {"hostname": "escience-taps", "execution_start_time": 1716758451.437492, "execution_end_time": 1716758451.4397476, "task_start_time": 1716758451.4375, "task_end_time": 1716758451.4397447, "input_transform_start_time": 1716758451.4374964, "input_transform_end_time": 1716758451.4374998, "result_transform_start_time": 1716758451.439745, "result_transform_end_time": 1716758451.4397473}}
{"task_id": "fe11cba7-ff3e-4a4f-8f73-8f473ee1b126", "function_name": "noop_task", "parent_task_ids": [], "submit_time": 1716758451.4434159, "received_time": 1716758451.44785, "execution": {"hostname": "escience-taps", "execution_start_time": 1716758451.4448626, "execution_end_time": 1716758451.4471235, "task_start_time": 1716758451.44487, "task_end_time": 1716758451.4471207, "input_transform_start_time": 1716758451.4448667, "input_transform_end_time": 1716758451.4448695, "result_transform_start_time": 1716758451.4471207, "result_transform_end_time": 1716758451.4471235}}
