{"task_id": "b4184bad-2edb-4eb0-a95e-dbfc84b20ddf", "function_name": "id", "parent_task_ids": [], "submit_time": 1716758836.4326487, "received_time": 1716758838.0739295, "execution": {"hostname": "escience-taps", "execution_start_time": 1716758838.0713067, "execution_end_time": 1716758838.071323, "task_start_time": 1716758838.0713172, "task_end_time": 1716758838.0713174, "input_transform_start_time": 1716758838.071309, "input_transform_end_time": 1716758838.071317, "result_transform_start_time": 1716758838.0713177, "result_transform_end_time": 1716758838.071323}}
{"task_id": "b51c888a-de57-422d-80a7-f0320eb16cd1", "function_name": "noop_task", "parent_task_ids": [], "submit_time": 1716758838.0770586, "received_time": 1716758838.1159549, "execution": {"hostname": "escience-taps", "execution_start_time": 1716758838.1081958, "execution_end_time": 1716758838.1142888, "task_start_time": 1716758838.1082153, "task_end_time": 1716758838.113135, "input_transform_start_time": 1716758838.108207, "input_transform_end_time": 1716758838.1082153, "result_transform_start_time": 1716758838.1131356, "result_transform_end_time": 1716758838.1142886}}
{"task_id": "ef5da352-229b-4617-8c00-1ccc65143178", "function_name": "noop_task", "parent_task_ids": [], "submit_time": 1716758838.120123, "received_time": 1716758838.1428437, "execution": {"hostname": "escience-taps", "execution_start_time": 1716758838.1366684, "execution_end_time": 1716758838.1415508, "task_start_time": 1716758838.136699, "task_end_time": 1716758838.1409075, "input_transform_start_time": 1716758838.1366851, "input_transform_end_time": 1716758838.1366987, "result_transform_start_time": 1716758838.1409078, "result_transform_end_time": 1716758838.1415508}}
{"task_id": "9e9a829f-1095-4e9c-96ed-82863697cb46", "function_name": "noop_task", "parent_task_ids": [], "submit_time": 1716758838.1461525, "received_time": 1716758838.1692753, "execution": {"hostname": "escience-taps", "execution_start_time": 1716758838.163602, "execution_end_time": 1716758838.1679904, "task_start_time": 1716758838.1636207, "task_end_time": 1716758838.1673653, "input_transform_start_time": 1716758838.1636114, "input_transform_end_time": 1716758838.1636202, "result_transform_start_time": 1716758838.1673656, "result_transform_end_time": 1716758838.1679902}}
{"task_id": "294ebea0-57b6-41fb-bc63-a086ba48fcbc", "function_name": "noop_task", "parent_task_ids": [], "submit_time": 1716758838.1724994, "received_time": 1716758838.1961658, "execution": {"hostname": "escience-taps", "execution_start_time": 1716758838.1903057, "execution_end_time": 1716758838.19485, "task_start_time": 1716758838.190326, "task_end_time": 1716758838.1942255, "input_transform_start_time": 1716758838.1903179, "input_transform_end_time": 1716758838.190326, "result_transform_start_time": 1716758838.194226, "result_transform_end_time": 1716758838.19485}}
{"task_id": "2ee802dc-989f-4e2c-9d3a-f17f744f3645", "function_name": "noop_task", "parent_task_ids": [], "submit_time": 1716758838.199707, "received_time": 1716758838.2226741, "execution": {"hostname": "escience-taps", "execution_start_time": 1716758838.217025, "execution_end_time": 1716758838.221356, "task_start_time": 1716758838.2170467, "task_end_time": 1716758838.220742, "input_transform_start_time": 1716758838.2170367, "input_transform_end_time": 1716758838.2170465, "result_transform_start_time": 1716758838.2207422, "result_transform_end_time": 1716758838.2213557}}
{"task_id": "a5e2afcd-5558-4024-b282-ae71c245cb2a", "function_name": "noop_task", "parent_task_ids": [], "submit_time": 1716758838.2258883, "received_time": 1716758838.2493668, "execution": {"hostname": "escience-taps", "execution_start_time": 1716758838.2436223, "execution_end_time": 1716758838.248113, "task_start_time": 1716758838.2436478, "task_end_time": 1716758838.247501, "input_transform_start_time": 1716758838.2436364, "input_transform_end_time": 1716758838.2436476, "result_transform_start_time": 1716758838.2475011, "result_transform_end_time": 1716758838.248113}}
{"task_id": "39c77498-7c4d-42aa-9420-78ac373135f4", "function_name": "noop_task", "parent_task_ids": [], "submit_time": 1716758838.2527153, "received_time": 1716758838.2763932, "execution": {"hostname": "escience-taps", "execution_start_time": 1716758838.270321, "execution_end_time": 1716758838.2750602, "task_start_time": 1716758838.2703485, "task_end_time": 1716758838.2744522, "input_transform_start_time": 1716758838.2703354, "input_transform_end_time": 1716758838.2703483, "result_transform_start_time": 1716758838.2744522, "result_transform_end_time": 1716758838.27506}}
{"task_id": "42e00406-78c3-45cf-9bec-e3f8de34c0b9", "function_name": "noop_task", "parent_task_ids": [], "submit_time": 1716758838.2794986, "received_time": 1716758838.3028867, "execution": {"hostname": "escience-taps", "execution_start_time": 1716758838.297361, "execution_end_time": 1716758838.301688, "task_start_time": 1716758838.297385, "task_end_time": 1716758838.3010802, "input_transform_start_time": 1716758838.2973752, "input_transform_end_time": 1716758838.2973847, "result_transform_start_time": 1716758838.3010805, "result_transform_end_time": 1716758838.301688}}
{"task_id": "cd18f2bd-2084-4474-9958-8e6c8cd0bffb", "function_name": "noop_task", "parent_task_ids": [], "submit_time": 1716758838.306435, "received_time": 1716758838.3293564, "execution": {"hostname": "escience-taps", "execution_start_time": 1716758838.3237636, "execution_end_time": 1716758838.3281856, "task_start_time": 1716758838.323788, "task_end_time": 1716758838.3275907, "input_transform_start_time": 1716758838.3237777, "input_transform_end_time": 1716758838.323788, "result_transform_start_time": 1716758838.327591, "result_transform_end_time": 1716758838.3281856}}
{"task_id": "756fc5cb-d78f-4ae9-9af1-6449d588ba08", "function_name": "noop_task", "parent_task_ids": [], "submit_time": 1716758838.3338428, "received_time": 1716758838.3564785, "execution": {"hostname": "escience-taps", "execution_start_time": 1716758838.3502908, "execution_end_time": 1716758838.3551989, "task_start_time": 1716758838.3503106, "task_end_time": 1716758838.3545957, "input_transform_start_time": 1716758838.350302, "input_transform_end_time": 1716758838.3503106, "result_transform_start_time": 1716758838.354596, "result_transform_end_time": 1716758838.3551986}}
