{"task_id": "db827492-1ca9-4a05-8c0d-5d629e287983", "function_name": "id", "parent_task_ids": [], "submit_time": 1716758845.881374, "received_time": 1716758847.509017, "execution": {"hostname": "escience-taps", "execution_start_time": 1716758847.5063381, "execution_end_time": 1716758847.5063539, "task_start_time": 1716758847.5063481, "task_end_time": 1716758847.5063486, "input_transform_start_time": 1716758847.5063403, "input_transform_end_time": 1716758847.5063481, "result_transform_start_time": 1716758847.5063486, "result_transform_end_time": 1716758847.5063539}}
{"task_id": "8d67a83c-2abe-45aa-b7e2-47331fdc8d73", "function_name": "noop_task", "parent_task_ids": [], "submit_time": 1716758847.5392454, "received_time": 1716758847.725878, "execution": {"hostname": "escience-taps", "execution_start_time": 1716758847.6744149, "execution_end_time": 1716758847.7242463, "task_start_time": 1716758847.674432, "task_end_time": 1716758847.7161362, "input_transform_start_time": 1716758847.6744251, "input_transform_end_time": 1716758847.674432, "result_transform_start_time": 1716758847.7161365, "result_transform_end_time": 1716758847.724246}}
{"task_id": "956975bd-99a5-4dd0-b827-1d09f3637c92", "function_name": "noop_task", "parent_task_ids": [], "submit_time": 1716758847.7598133, "received_time": 1716758847.940648, "execution": {"hostname": "escience-taps", "execution_start_time": 1716758847.8785973, "execution_end_time": 1716758847.939173, "task_start_time": 1716758847.8786476, "task_end_time": 1716758847.9320176, "input_transform_start_time": 1716758847.8786256, "input_transform_end_time": 1716758847.8786473, "result_transform_start_time": 1716758847.9320185, "result_transform_end_time": 1716758847.9391725}}
{"task_id": "202a5df5-04cd-4a29-b405-a5495790c87e", "function_name": "noop_task", "parent_task_ids": [], "submit_time": 1716758847.9700017, "received_time": 1716758848.1252985, "execution": {"hostname": "escience-taps", "execution_start_time": 1716758848.0731034, "execution_end_time": 1716758848.1239386, "task_start_time": 1716758848.0731502, "task_end_time": 1716758848.1174412, "input_transform_start_time": 1716758848.0731258, "input_transform_end_time": 1716758848.07315, "result_transform_start_time": 1716758848.1174424, "result_transform_end_time": 1716758848.123938}}
{"task_id": "137c2bd2-6da1-45e6-a763-273b7511355a", "function_name": "noop_task", "parent_task_ids": [], "submit_time": 1716758848.1592977, "received_time": 1716758848.329975, "execution": {"hostname": "escience-taps", "execution_start_time": 1716758848.2679725, "execution_end_time": 1716758848.3285568, "task_start_time": 1716758848.2680075, "task_end_time": 1716758848.321308, "input_transform_start_time": 1716758848.2679913, "input_transform_end_time": 1716758848.2680073, "result_transform_start_time": 1716758848.3213086, "result_transform_end_time": 1716758848.3285568}}
{"task_id": "bcb68a93-2105-4657-af5e-83ae63be22c5", "function_name": "noop_task", "parent_task_ids": [], "submit_time": 1716758848.359506, "received_time": 1716758848.51841, "execution": {"hostname": "escience-taps", "execution_start_time": 1716758848.4622283, "execution_end_time": 1716758848.517022, "task_start_time": 1716758848.4622636, "task_end_time": 1716758848.509784, "input_transform_start_time": 1716758848.4622462, "input_transform_end_time": 1716758848.4622633, "result_transform_start_time": 1716758848.5097852, "result_transform_end_time": 1716758848.5170217}}
{"task_id": "657e2d9f-d35c-4e97-b3ad-bcf782d68964", "function_name": "noop_task", "parent_task_ids": [], "submit_time": 1716758848.5527623, "received_time": 1716758848.7237313, "execution": {"hostname": "escience-taps", "execution_start_time": 1716758848.660983, "execution_end_time": 1716758848.722279, "task_start_time": 1716758848.6610239, "task_end_time": 1716758848.7148879, "input_transform_start_time": 1716758848.6610045, "input_transform_end_time": 1716758848.6610234, "result_transform_start_time": 1716758848.7148883, "result_transform_end_time": 1716758848.722279}}
{"task_id": "91387d71-5b41-4d8c-acae-3e7b45fa7726", "function_name": "noop_task", "parent_task_ids": [], "submit_time": 1716758848.752713, "received_time": 1716758848.9195583, "execution": {"hostname": "escience-taps", "execution_start_time": 1716758848.855938, "execution_end_time": 1716758848.9181895, "task_start_time": 1716758848.855964, "task_end_time": 1716758848.9109993, "input_transform_start_time": 1716758848.8559513, "input_transform_end_time": 1716758848.855964, "result_transform_start_time": 1716758848.9109995, "result_transform_end_time": 1716758848.9181893}}
{"task_id": "c2aa1942-f384-4279-b290-7c3421df7dd6", "function_name": "noop_task", "parent_task_ids": [], "submit_time": 1716758848.9534154, "received_time": 1716758849.1350648, "execution": {"hostname": "escience-taps", "execution_start_time": 1716758849.0722172, "execution_end_time": 1716758849.1337209, "task_start_time": 1716758849.0722485, "task_end_time": 1716758849.1257198, "input_transform_start_time": 1716758849.0722342, "input_transform_end_time": 1716758849.0722482, "result_transform_start_time": 1716758849.1257203, "result_transform_end_time": 1716758849.1337202}}
{"task_id": "c21d4efa-28e7-4c03-bc83-c220391da95b", "function_name": "noop_task", "parent_task_ids": [], "submit_time": 1716758849.1648693, "received_time": 1716758849.3302705, "execution": {"hostname": "escience-taps", "execution_start_time": 1716758849.2673924, "execution_end_time": 1716758849.3288782, "task_start_time": 1716758849.26742, "task_end_time": 1716758849.3217268, "input_transform_start_time": 1716758849.267408, "input_transform_end_time": 1716758849.26742, "result_transform_start_time": 1716758849.3217275, "result_transform_end_time": 1716758849.328878}}
{"task_id": "ca49e300-bf2f-467e-b9e1-5203ce9793d0", "function_name": "noop_task", "parent_task_ids": [], "submit_time": 1716758849.359547, "received_time": 1716758849.5355814, "execution": {"hostname": "escience-taps", "execution_start_time": 1716758849.4728336, "execution_end_time": 1716758849.5342052, "task_start_time": 1716758849.4728699, "task_end_time": 1716758849.5269642, "input_transform_start_time": 1716758849.472854, "input_transform_end_time": 1716758849.4728699, "result_transform_start_time": 1716758849.5269644, "result_transform_end_time": 1716758849.534205}}
