{"task_id": "4ffaf139-4916-4a39-a889-289bb6b0a0c6", "function_name": "id", "parent_task_ids": [], "submit_time": 1716758217.7888055, "received_time": 1716758218.4664526, "execution": {"hostname": "escience-taps", "execution_start_time": 1716758218.4543638, "execution_end_time": 1716758218.4544077, "task_start_time": 1716758218.4543924, "task_end_time": 1716758218.4543948, "input_transform_start_time": 1716758218.4543757, "input_transform_end_time": 1716758218.454392, "result_transform_start_time": 1716758218.454395, "result_transform_end_time": 1716758218.4544077}}
{"task_id": "8b6d2174-74e2-44a0-863a-614b3e7a5bbb", "function_name": "noop_task", "parent_task_ids": [], "submit_time": 1716758218.4651365, "received_time": 1716758218.5095308, "execution": {"hostname": "escience-taps", "execution_start_time": 1716758218.4999444, "execution_end_time": 1716758218.5067754, "task_start_time": 1716758218.500543, "task_end_time": 1716758218.5055473, "input_transform_start_time": 1716758218.5005279, "input_transform_end_time": 1716758218.5005429, "result_transform_start_time": 1716758218.5055475, "result_transform_end_time": 1716758218.5067751}}
{"task_id": "06c0a656-8762-4987-8d5e-3860ccff3de9", "function_name": "noop_task", "parent_task_ids": [], "submit_time": 1716758218.5129452, "received_time": 1716758218.5401762, "execution": {"hostname": "escience-taps", "execution_start_time": 1716758218.5305243, "execution_end_time": 1716758218.5356853, "task_start_time": 1716758218.53057, "task_end_time": 1716758218.5347784, "input_transform_start_time": 1716758218.5305524, "input_transform_end_time": 1716758218.5305698, "result_transform_start_time": 1716758218.5347786, "result_transform_end_time": 1716758218.5356853}}
{"task_id": "3999723d-a981-40f2-af2c-5dcb13e79cb7", "function_name": "noop_task", "parent_task_ids": [], "submit_time": 1716758218.543127, "received_time": 1716758218.57449, "execution": {"hostname": "escience-taps", "execution_start_time": 1716758218.566202, "execution_end_time": 1716758218.5710754, "task_start_time": 1716758218.5662205, "task_end_time": 1716758218.5703137, "input_transform_start_time": 1716758218.5662107, "input_transform_end_time": 1716758218.5662203, "result_transform_start_time": 1716758218.570314, "result_transform_end_time": 1716758218.571075}}
{"task_id": "39d0e54e-f031-447c-96ae-0fa76a7fb3aa", "function_name": "noop_task", "parent_task_ids": [], "submit_time": 1716758218.5780478, "received_time": 1716758218.6067936, "execution": {"hostname": "escience-taps", "execution_start_time": 1716758218.5954623, "execution_end_time": 1716758218.603078, "task_start_time": 1716758218.5955002, "task_end_time": 1716758218.602135, "input_transform_start_time": 1716758218.5954852, "input_transform_end_time": 1716758218.5955, "result_transform_start_time": 1716758218.6021352, "result_transform_end_time": 1716758218.6030777}}
{"task_id": "c4baa1b9-7869-4ac7-9324-dd8e16cab970", "function_name": "noop_task", "parent_task_ids": [], "submit_time": 1716758218.60998, "received_time": 1716758218.6379054, "execution": {"hostname": "escience-taps", "execution_start_time": 1716758218.6268063, "execution_end_time": 1716758218.6339064, "task_start_time": 1716758218.6268208, "task_end_time": 1716758218.63263, "input_transform_start_time": 1716758218.6268132, "input_transform_end_time": 1716758218.6268206, "result_transform_start_time": 1716758218.6326306, "result_transform_end_time": 1716758218.6339061}}
{"task_id": "b9413347-af8b-4474-bd95-0f012f098d49", "function_name": "noop_task", "parent_task_ids": [], "submit_time": 1716758218.6413095, "received_time": 1716758218.6676931, "execution": {"hostname": "escience-taps", "execution_start_time": 1716758218.658609, "execution_end_time": 1716758218.663911, "task_start_time": 1716758218.6586382, "task_end_time": 1716758218.6631753, "input_transform_start_time": 1716758218.6586242, "input_transform_end_time": 1716758218.658638, "result_transform_start_time": 1716758218.6631756, "result_transform_end_time": 1716758218.6639109}}
{"task_id": "39cdc985-c8c7-43bc-aa07-9b5f1d293f96", "function_name": "noop_task", "parent_task_ids": [], "submit_time": 1716758218.6701863, "received_time": 1716758218.6953418, "execution": {"hostname": "escience-taps", "execution_start_time": 1716758218.6875978, "execution_end_time": 1716758218.692629, "task_start_time": 1716758218.6876202, "task_end_time": 1716758218.6919012, "input_transform_start_time": 1716758218.6876087, "input_transform_end_time": 1716758218.68762, "result_transform_start_time": 1716758218.6919012, "result_transform_end_time": 1716758218.6926286}}
{"task_id": "ee4820bf-86ea-4aec-9e6f-e80f58a69303", "function_name": "noop_task", "parent_task_ids": [], "submit_time": 1716758218.699567, "received_time": 1716758218.727803, "execution": {"hostname": "escience-taps", "execution_start_time": 1716758218.7165632, "execution_end_time": 1716758218.7242482, "task_start_time": 1716758218.7165868, "task_end_time": 1716758218.7229435, "input_transform_start_time": 1716758218.7165759, "input_transform_end_time": 1716758218.7165868, "result_transform_start_time": 1716758218.7229438, "result_transform_end_time": 1716758218.7242477}}
{"task_id": "fc666a24-7440-4004-ac26-b086206c4755", "function_name": "noop_task", "parent_task_ids": [], "submit_time": 1716758218.7313845, "received_time": 1716758218.7630963, "execution": {"hostname": "escience-taps", "execution_start_time": 1716758218.7481513, "execution_end_time": 1716758218.7593117, "task_start_time": 1716758218.7481647, "task_end_time": 1716758218.7576256, "input_transform_start_time": 1716758218.7481577, "input_transform_end_time": 1716758218.7481644, "result_transform_start_time": 1716758218.757626, "result_transform_end_time": 1716758218.7593114}}
{"task_id": "66be9f11-4b44-4d15-9817-2caffec9c796", "function_name": "noop_task", "parent_task_ids": [], "submit_time": 1716758218.766616, "received_time": 1716758218.795601, "execution": {"hostname": "escience-taps", "execution_start_time": 1716758218.7833898, "execution_end_time": 1716758218.792795, "task_start_time": 1716758218.7834258, "task_end_time": 1716758218.791123, "input_transform_start_time": 1716758218.7834113, "input_transform_end_time": 1716758218.7834253, "result_transform_start_time": 1716758218.7911232, "result_transform_end_time": 1716758218.7927945}}
