{"task_id": "17d03c85-7b66-4a36-ba3b-a6f0e957ab54", "function_name": "id", "parent_task_ids": [], "submit_time": 1716761283.7166739, "received_time": 1716761285.6429296, "execution": {"hostname": "escience-taps", "execution_start_time": 1716761284.4712842, "execution_end_time": 1716761284.4713228, "task_start_time": 1716761284.4713016, "task_end_time": 1716761284.4713032, "input_transform_start_time": 1716761284.4712927, "input_transform_end_time": 1716761284.4713016, "result_transform_start_time": 1716761284.4713032, "result_transform_end_time": 1716761284.4713225}}
{"task_id": "6729a243-d8b2-4359-8b2a-824a37cfbd4c", "function_name": "noop_task", "parent_task_ids": [], "submit_time": 1716761285.6509018, "received_time": 1716761286.6450381, "execution": {"hostname": "escience-taps", "execution_start_time": 1716761286.2769732, "execution_end_time": 1716761286.2864134, "task_start_time": 1716761286.27701, "task_end_time": 1716761286.2849047, "input_transform_start_time": 1716761286.2769947, "input_transform_end_time": 1716761286.2770097, "result_transform_start_time": 1716761286.284905, "result_transform_end_time": 1716761286.2864127}}
{"task_id": "adc9f843-acda-4e5f-91ba-c17ace8e32dd", "function_name": "noop_task", "parent_task_ids": [], "submit_time": 1716761286.6523917, "received_time": 1716761287.1466231, "execution": {"hostname": "escience-taps", "execution_start_time": 1716761286.753177, "execution_end_time": 1716761286.7627516, "task_start_time": 1716761286.7532134, "task_end_time": 1716761286.7609565, "input_transform_start_time": 1716761286.7531967, "input_transform_end_time": 1716761286.7532132, "result_transform_start_time": 1716761286.760957, "result_transform_end_time": 1716761286.7627509}}
{"task_id": "a34aba23-db5d-4bfe-b668-72296d1b73c4", "function_name": "noop_task", "parent_task_ids": [], "submit_time": 1716761287.1540859, "received_time": 1716761287.6478217, "execution": {"hostname": "escience-taps", "execution_start_time": 1716761287.2517204, "execution_end_time": 1716761287.2623367, "task_start_time": 1716761287.2518857, "task_end_time": 1716761287.2603183, "input_transform_start_time": 1716761287.2518592, "input_transform_end_time": 1716761287.2518854, "result_transform_start_time": 1716761287.2603188, "result_transform_end_time": 1716761287.2623365}}
{"task_id": "1f66ebd7-0bce-4d63-819b-7dfc56d5de93", "function_name": "noop_task", "parent_task_ids": [], "submit_time": 1716761287.653766, "received_time": 1716761288.1490195, "execution": {"hostname": "escience-taps", "execution_start_time": 1716761287.7629025, "execution_end_time": 1716761287.7706892, "task_start_time": 1716761287.7629714, "task_end_time": 1716761287.769399, "input_transform_start_time": 1716761287.7629452, "input_transform_end_time": 1716761287.7629712, "result_transform_start_time": 1716761287.7693996, "result_transform_end_time": 1716761287.7706888}}
{"task_id": "d66b3bf9-1a35-4090-8a03-8abb2003eddd", "function_name": "noop_task", "parent_task_ids": [], "submit_time": 1716761288.1553297, "received_time": 1716761288.650344, "execution": {"hostname": "escience-taps", "execution_start_time": 1716761288.2584388, "execution_end_time": 1716761288.2663555, "task_start_time": 1716761288.2584853, "task_end_time": 1716761288.2648244, "input_transform_start_time": 1716761288.2584677, "input_transform_end_time": 1716761288.258485, "result_transform_start_time": 1716761288.2648246, "result_transform_end_time": 1716761288.2663553}}
{"task_id": "211d4f97-4ff3-4e16-8d5a-bf237eef9c6a", "function_name": "noop_task", "parent_task_ids": [], "submit_time": 1716761288.6571684, "received_time": 1716761289.1513681, "execution": {"hostname": "escience-taps", "execution_start_time": 1716761288.770242, "execution_end_time": 1716761288.7801082, "task_start_time": 1716761288.7703395, "task_end_time": 1716761288.778594, "input_transform_start_time": 1716761288.7702985, "input_transform_end_time": 1716761288.7703378, "result_transform_start_time": 1716761288.7785945, "result_transform_end_time": 1716761288.7801077}}
{"task_id": "bb3c19c3-10c5-4fd3-ba0d-eb37641dc847", "function_name": "noop_task", "parent_task_ids": [], "submit_time": 1716761289.156539, "received_time": 1716761289.652268, "execution": {"hostname": "escience-taps", "execution_start_time": 1716761289.2580512, "execution_end_time": 1716761289.2705123, "task_start_time": 1716761289.2580814, "task_end_time": 1716761289.2674494, "input_transform_start_time": 1716761289.2580698, "input_transform_end_time": 1716761289.2580814, "result_transform_start_time": 1716761289.2674496, "result_transform_end_time": 1716761289.2705119}}
{"task_id": "6bf094a3-8f32-4236-9b79-84f22d9aeb66", "function_name": "noop_task", "parent_task_ids": [], "submit_time": 1716761289.6617234, "received_time": 1716761290.1535318, "execution": {"hostname": "escience-taps", "execution_start_time": 1716761289.7614083, "execution_end_time": 1716761289.7708027, "task_start_time": 1716761289.7614377, "task_end_time": 1716761289.7692232, "input_transform_start_time": 1716761289.7614255, "input_transform_end_time": 1716761289.7614374, "result_transform_start_time": 1716761289.7692235, "result_transform_end_time": 1716761289.7708025}}
{"task_id": "62b80ade-c039-47da-bc79-c5461e87c25d", "function_name": "noop_task", "parent_task_ids": [], "submit_time": 1716761290.1594222, "received_time": 1716761291.1560762, "execution": {"hostname": "escience-taps", "execution_start_time": 1716761290.8962176, "execution_end_time": 1716761290.9023328, "task_start_time": 1716761290.896229, "task_end_time": 1716761290.901477, "input_transform_start_time": 1716761290.8962243, "input_transform_end_time": 1716761290.896229, "result_transform_start_time": 1716761290.9014773, "result_transform_end_time": 1716761290.9023323}}
{"task_id": "90566cc6-e25f-40e8-90b4-18a70df6b886", "function_name": "noop_task", "parent_task_ids": [], "submit_time": 1716761291.1619897, "received_time": 1716761292.1583912, "execution": {"hostname": "escience-taps", "execution_start_time": 1716761291.834555, "execution_end_time": 1716761291.8402598, "task_start_time": 1716761291.8345656, "task_end_time": 1716761291.8394372, "input_transform_start_time": 1716761291.8345604, "input_transform_end_time": 1716761291.8345656, "result_transform_start_time": 1716761291.8394375, "result_transform_end_time": 1716761291.8402598}}
