{"task_id": "9bb11acd-17f2-4686-ab3d-ce7a2b4ad17c", "function_name": "id", "parent_task_ids": [], "submit_time": 1716758096.657606, "received_time": 1716758097.4963229, "execution": {"hostname": "escience-taps", "execution_start_time": 1716758097.3332536, "execution_end_time": 1716758097.333286, "task_start_time": 1716758097.3332748, "task_end_time": 1716758097.3332765, "input_transform_start_time": 1716758097.3332632, "input_transform_end_time": 1716758097.3332746, "result_transform_start_time": 1716758097.3332765, "result_transform_end_time": 1716758097.3332858}}
{"task_id": "b27d9cd4-1172-40ad-a355-ede34f054b7f", "function_name": "noop_task", "parent_task_ids": [], "submit_time": 1716758097.371822, "received_time": 1716758097.6783383, "execution": {"hostname": "escience-taps", "execution_start_time": 1716758097.6117587, "execution_end_time": 1716758097.6407182, "task_start_time": 1716758097.6117806, "task_end_time": 1716758097.6407044, "input_transform_start_time": 1716758097.6117682, "input_transform_end_time": 1716758097.6117802, "result_transform_start_time": 1716758097.6407044, "result_transform_end_time": 1716758097.640718}}
{"task_id": "9085e39b-661d-42f1-9d9f-4eedf8f3a3b1", "function_name": "noop_task", "parent_task_ids": [], "submit_time": 1716758097.7212565, "received_time": 1716758097.9962058, "execution": {"hostname": "escience-taps", "execution_start_time": 1716758097.913394, "execution_end_time": 1716758097.9620335, "task_start_time": 1716758097.9134328, "task_end_time": 1716758097.9620144, "input_transform_start_time": 1716758097.913416, "input_transform_end_time": 1716758097.9134324, "result_transform_start_time": 1716758097.9620144, "result_transform_end_time": 1716758097.9620328}}
{"task_id": "43fa8349-f2ff-4144-ba5b-3d9faa421229", "function_name": "noop_task", "parent_task_ids": [], "submit_time": 1716758098.0360284, "received_time": 1716758098.288919, "execution": {"hostname": "escience-taps", "execution_start_time": 1716758098.2239518, "execution_end_time": 1716758098.2586913, "task_start_time": 1716758098.2239745, "task_end_time": 1716758098.2586799, "input_transform_start_time": 1716758098.2239616, "input_transform_end_time": 1716758098.223974, "result_transform_start_time": 1716758098.25868, "result_transform_end_time": 1716758098.258691}}
{"task_id": "c902d1fb-eca9-49d6-8e0d-46cca4c6c7c5", "function_name": "noop_task", "parent_task_ids": [], "submit_time": 1716758098.3327613, "received_time": 1716758098.6089442, "execution": {"hostname": "escience-taps", "execution_start_time": 1716758098.51581, "execution_end_time": 1716758098.5772207, "task_start_time": 1716758098.5158343, "task_end_time": 1716758098.577201, "input_transform_start_time": 1716758098.515821, "input_transform_end_time": 1716758098.515834, "result_transform_start_time": 1716758098.5772011, "result_transform_end_time": 1716758098.5772202}}
{"task_id": "2cd74926-5f53-48e6-8b23-58d53c9a4c39", "function_name": "noop_task", "parent_task_ids": [], "submit_time": 1716758098.6551106, "received_time": 1716758098.9065633, "execution": {"hostname": "escience-taps", "execution_start_time": 1716758098.8442483, "execution_end_time": 1716758098.8736808, "task_start_time": 1716758098.8442657, "task_end_time": 1716758098.8736706, "input_transform_start_time": 1716758098.8442557, "input_transform_end_time": 1716758098.8442652, "result_transform_start_time": 1716758098.8736706, "result_transform_end_time": 1716758098.8736806}}
{"task_id": "9c4546f9-440c-4e3a-bdc4-25d5f73dd344", "function_name": "noop_task", "parent_task_ids": [], "submit_time": 1716758098.9534767, "received_time": 1716758099.227712, "execution": {"hostname": "escience-taps", "execution_start_time": 1716758099.1388037, "execution_end_time": 1716758099.1965094, "task_start_time": 1716758099.1388216, "task_end_time": 1716758099.196492, "input_transform_start_time": 1716758099.1388113, "input_transform_end_time": 1716758099.1388214, "result_transform_start_time": 1716758099.196493, "result_transform_end_time": 1716758099.196509}}
{"task_id": "7d604288-6ea9-410a-8610-3d3b00c8c4a6", "function_name": "noop_task", "parent_task_ids": [], "submit_time": 1716758099.2753966, "received_time": 1716758099.5555506, "execution": {"hostname": "escience-taps", "execution_start_time": 1716758099.4624274, "execution_end_time": 1716758099.5229287, "task_start_time": 1716758099.4624481, "task_end_time": 1716758099.5229125, "input_transform_start_time": 1716758099.4624355, "input_transform_end_time": 1716758099.462448, "result_transform_start_time": 1716758099.5229127, "result_transform_end_time": 1716758099.5229285}}
{"task_id": "6d9aa37c-4708-41da-a557-25554b3315d8", "function_name": "noop_task", "parent_task_ids": [], "submit_time": 1716758099.6121926, "received_time": 1716758099.8605409, "execution": {"hostname": "escience-taps", "execution_start_time": 1716758099.8015163, "execution_end_time": 1716758099.8303957, "task_start_time": 1716758099.801531, "task_end_time": 1716758099.8303874, "input_transform_start_time": 1716758099.801523, "input_transform_end_time": 1716758099.8015308, "result_transform_start_time": 1716758099.8303874, "result_transform_end_time": 1716758099.8303957}}
{"task_id": "46a4d4b3-b996-4a8c-8663-c040450211ce", "function_name": "noop_task", "parent_task_ids": [], "submit_time": 1716758099.9059196, "received_time": 1716758100.158439, "execution": {"hostname": "escience-taps", "execution_start_time": 1716758100.092372, "execution_end_time": 1716758100.122633, "task_start_time": 1716758100.0923932, "task_end_time": 1716758100.1226215, "input_transform_start_time": 1716758100.0923824, "input_transform_end_time": 1716758100.092393, "result_transform_start_time": 1716758100.1226218, "result_transform_end_time": 1716758100.1226327}}
{"task_id": "744983eb-be4d-4b37-a38d-3979a6857e97", "function_name": "noop_task", "parent_task_ids": [], "submit_time": 1716758100.20113, "received_time": 1716758100.4759831, "execution": {"hostname": "escience-taps", "execution_start_time": 1716758100.3879209, "execution_end_time": 1716758100.44626, "task_start_time": 1716758100.3879373, "task_end_time": 1716758100.446246, "input_transform_start_time": 1716758100.3879285, "input_transform_end_time": 1716758100.387937, "result_transform_start_time": 1716758100.4462464, "result_transform_end_time": 1716758100.4462597}}
