{"task_id": "c4b86121-76f4-4635-bd33-404b7262e018", "function_name": "id", "parent_task_ids": [], "submit_time": 1716763220.7553856, "received_time": 1716763220.763536, "execution": {"hostname": "escience-taps", "execution_start_time": 1716763220.7626846, "execution_end_time": 1716763220.7627668, "task_start_time": 1716763220.7627459, "task_end_time": 1716763220.762747, "input_transform_start_time": 1716763220.762703, "input_transform_end_time": 1716763220.7627432, "result_transform_start_time": 1716763220.762747, "result_transform_end_time": 1716763220.7627668}}
{"task_id": "9ef9ce33-c8c8-4c3f-8898-87704d718a2b", "function_name": "noop_task", "parent_task_ids": [], "submit_time": 1716763220.7645266, "received_time": 1716763220.7689874, "execution": {"hostname": "escience-taps", "execution_start_time": 1716763220.7668533, "execution_end_time": 1716763220.7685907, "task_start_time": 1716763220.766878, "task_end_time": 1716763220.768324, "input_transform_start_time": 1716763220.7668724, "input_transform_end_time": 1716763220.766878, "result_transform_start_time": 1716763220.7683241, "result_transform_end_time": 1716763220.7685905}}
{"task_id": "ef965ae8-9e43-4227-8f36-7ebfc0b177e9", "function_name": "noop_task", "parent_task_ids": [], "submit_time": 1716763220.7693932, "received_time": 1716763220.770611, "execution": {"hostname": "escience-taps", "execution_start_time": 1716763220.7699354, "execution_end_time": 1716763220.7704546, "task_start_time": 1716763220.7699475, "task_end_time": 1716763220.7702372, "input_transform_start_time": 1716763220.7699428, "input_transform_end_time": 1716763220.7699475, "result_transform_start_time": 1716763220.7702374, "result_transform_end_time": 1716763220.7704542}}
{"task_id": "be0fb1b4-7b90-4e63-be32-b79909bd6ce5", "function_name": "noop_task", "parent_task_ids": [], "submit_time": 1716763220.7708757, "received_time": 1716763220.771976, "execution": {"hostname": "escience-taps", "execution_start_time": 1716763220.7714102, "execution_end_time": 1716763220.7718093, "task_start_time": 1716763220.7714245, "task_end_time": 1716763220.7716515, "input_transform_start_time": 1716763220.771417, "input_transform_end_time": 1716763220.7714243, "result_transform_start_time": 1716763220.7716515, "result_transform_end_time": 1716763220.7718093}}
{"task_id": "876a54eb-099d-44d3-bf58-72851a1e6ccb", "function_name": "noop_task", "parent_task_ids": [], "submit_time": 1716763220.7722394, "received_time": 1716763220.7732954, "execution": {"hostname": "escience-taps", "execution_start_time": 1716763220.772689, "execution_end_time": 1716763220.773133, "task_start_time": 1716763220.7726982, "task_end_time": 1716763220.772959, "input_transform_start_time": 1716763220.7726946, "input_transform_end_time": 1716763220.7726982, "result_transform_start_time": 1716763220.772959, "result_transform_end_time": 1716763220.7731328}}
{"task_id": "f5de29dd-412d-41d1-bc5f-f0f9246d84f0", "function_name": "noop_task", "parent_task_ids": [], "submit_time": 1716763220.7735527, "received_time": 1716763220.7745628, "execution": {"hostname": "escience-taps", "execution_start_time": 1716763220.774028, "execution_end_time": 1716763220.7744153, "task_start_time": 1716763220.7740374, "task_end_time": 1716763220.7742598, "input_transform_start_time": 1716763220.774034, "input_transform_end_time": 1716763220.774037, "result_transform_start_time": 1716763220.7742598, "result_transform_end_time": 1716763220.7744153}}
{"task_id": "ec287f2a-4321-4a45-85fc-790a75c1190c", "function_name": "noop_task", "parent_task_ids": [], "submit_time": 1716763220.7772746, "received_time": 1716763220.7783146, "execution": {"hostname": "escience-taps", "execution_start_time": 1716763220.7777774, "execution_end_time": 1716763220.778162, "task_start_time": 1716763220.777786, "task_end_time": 1716763220.7780066, "input_transform_start_time": 1716763220.7777827, "input_transform_end_time": 1716763220.7777858, "result_transform_start_time": 1716763220.7780068, "result_transform_end_time": 1716763220.778162}}
{"task_id": "58b81f36-ecf5-4dec-b8f6-43c32491af6e", "function_name": "noop_task", "parent_task_ids": [], "submit_time": 1716763220.778565, "received_time": 1716763220.779573, "execution": {"hostname": "escience-taps", "execution_start_time": 1716763220.7790356, "execution_end_time": 1716763220.7794206, "task_start_time": 1716763220.7790458, "task_end_time": 1716763220.7792637, "input_transform_start_time": 1716763220.7790415, "input_transform_end_time": 1716763220.7790456, "result_transform_start_time": 1716763220.779264, "result_transform_end_time": 1716763220.7794204}}
{"task_id": "faa8ffdd-6e3e-4e00-be55-63edf466f345", "function_name": "noop_task", "parent_task_ids": [], "submit_time": 1716763220.7798188, "received_time": 1716763220.7808645, "execution": {"hostname": "escience-taps", "execution_start_time": 1716763220.7802992, "execution_end_time": 1716763220.7807088, "task_start_time": 1716763220.7803082, "task_end_time": 1716763220.7805479, "input_transform_start_time": 1716763220.780305, "input_transform_end_time": 1716763220.780308, "result_transform_start_time": 1716763220.780548, "result_transform_end_time": 1716763220.7807086}}
{"task_id": "3ad8a000-1713-4d79-9170-8c8207ce1d18", "function_name": "noop_task", "parent_task_ids": [], "submit_time": 1716763220.7811077, "received_time": 1716763220.7820709, "execution": {"hostname": "escience-taps", "execution_start_time": 1716763220.781568, "execution_end_time": 1716763220.7819364, "task_start_time": 1716763220.7815769, "task_end_time": 1716763220.7817898, "input_transform_start_time": 1716763220.7815735, "input_transform_end_time": 1716763220.7815766, "result_transform_start_time": 1716763220.78179, "result_transform_end_time": 1716763220.7819362}}
{"task_id": "e50cd79f-0004-4537-bc19-cf1040e66f88", "function_name": "noop_task", "parent_task_ids": [], "submit_time": 1716763220.7822878, "received_time": 1716763220.7832386, "execution": {"hostname": "escience-taps", "execution_start_time": 1716763220.7827282, "execution_end_time": 1716763220.7830942, "task_start_time": 1716763220.7827363, "task_end_time": 1716763220.7829473, "input_transform_start_time": 1716763220.7827332, "input_transform_end_time": 1716763220.7827363, "result_transform_start_time": 1716763220.7829475, "result_transform_end_time": 1716763220.7830942}}
