{"task_id": "2483d9cd-ba97-4c42-b8c3-87980a23abba", "function_name": "id", "parent_task_ids": [], "submit_time": 1716761352.5233595, "received_time": 1716761354.8627067, "execution": {"hostname": "escience-taps", "execution_start_time": 1716761353.3264463, "execution_end_time": 1716761353.3264797, "task_start_time": 1716761353.3264675, "task_end_time": 1716761353.3264694, "input_transform_start_time": 1716761353.3264558, "input_transform_end_time": 1716761353.3264673, "result_transform_start_time": 1716761353.3264697, "result_transform_end_time": 1716761353.3264794}}
{"task_id": "5418cf8a-e19b-4c1f-ae58-17862330bfe3", "function_name": "noop_task", "parent_task_ids": [], "submit_time": 1716761354.8906596, "received_time": 1716761355.864768, "execution": {"hostname": "escience-taps", "execution_start_time": 1716761355.4107187, "execution_end_time": 1716761355.4898708, "task_start_time": 1716761355.4107516, "task_end_time": 1716761355.4801447, "input_transform_start_time": 1716761355.4107385, "input_transform_end_time": 1716761355.4107509, "result_transform_start_time": 1716761355.4801455, "result_transform_end_time": 1716761355.4898705}}
{"task_id": "92f5c8db-ce79-43ca-8131-5602d2575196", "function_name": "noop_task", "parent_task_ids": [], "submit_time": 1716761355.936792, "received_time": 1716761356.8675702, "execution": {"hostname": "escience-taps", "execution_start_time": 1716761356.05563, "execution_end_time": 1716761356.1260285, "task_start_time": 1716761356.0556798, "task_end_time": 1716761356.1157537, "input_transform_start_time": 1716761356.055657, "input_transform_end_time": 1716761356.0556796, "result_transform_start_time": 1716761356.115754, "result_transform_end_time": 1716761356.1260283}}
{"task_id": "26c02472-b6ce-46ef-b2f9-26ee71d1e31d", "function_name": "noop_task", "parent_task_ids": [], "submit_time": 1716761356.9397576, "received_time": 1716761364.3789015, "execution": {"hostname": "escience-taps", "execution_start_time": 1716761363.8288562, "execution_end_time": 1716761363.8756702, "task_start_time": 1716761363.8288674, "task_end_time": 1716761363.8668458, "input_transform_start_time": 1716761363.8288624, "input_transform_end_time": 1716761363.8288674, "result_transform_start_time": 1716761363.866847, "result_transform_end_time": 1716761363.87567}}
{"task_id": "f2935c75-800f-40b9-8ec7-ffea4cebaa8d", "function_name": "noop_task", "parent_task_ids": [], "submit_time": 1716761364.410885, "received_time": 1716761365.881776, "execution": {"hostname": "escience-taps", "execution_start_time": 1716761365.139961, "execution_end_time": 1716761365.1869407, "task_start_time": 1716761365.1399715, "task_end_time": 1716761365.1774864, "input_transform_start_time": 1716761365.139967, "input_transform_end_time": 1716761365.1399715, "result_transform_start_time": 1716761365.177487, "result_transform_end_time": 1716761365.1869407}}
{"task_id": "80ecca56-ce70-42d4-920a-d4f50aff6bd8", "function_name": "noop_task", "parent_task_ids": [], "submit_time": 1716761365.9240515, "received_time": 1716761367.384854, "execution": {"hostname": "escience-taps", "execution_start_time": 1716761366.6660283, "execution_end_time": 1716761366.7106824, "task_start_time": 1716761366.666039, "task_end_time": 1716761366.701505, "input_transform_start_time": 1716761366.6660342, "input_transform_end_time": 1716761366.6660388, "result_transform_start_time": 1716761366.7015054, "result_transform_end_time": 1716761366.7106817}}
{"task_id": "5a491789-a2ca-4efb-8467-e7d44d7a4d73", "function_name": "noop_task", "parent_task_ids": [], "submit_time": 1716761367.4172525, "received_time": 1716761368.8877108, "execution": {"hostname": "escience-taps", "execution_start_time": 1716761368.1334763, "execution_end_time": 1716761368.1799731, "task_start_time": 1716761368.1334875, "task_end_time": 1716761368.1711898, "input_transform_start_time": 1716761368.1334825, "input_transform_end_time": 1716761368.133487, "result_transform_start_time": 1716761368.1711905, "result_transform_end_time": 1716761368.1799726}}
{"task_id": "d7f22ec7-4a0f-466f-a126-3b533228043e", "function_name": "noop_task", "parent_task_ids": [], "submit_time": 1716761368.9297464, "received_time": 1716761370.3901727, "execution": {"hostname": "escience-taps", "execution_start_time": 1716761369.644831, "execution_end_time": 1716761369.6905546, "task_start_time": 1716761369.644842, "task_end_time": 1716761369.681336, "input_transform_start_time": 1716761369.6448374, "input_transform_end_time": 1716761369.644842, "result_transform_start_time": 1716761369.6813366, "result_transform_end_time": 1716761369.690554}}
{"task_id": "b8db62ad-3c8f-404f-8efe-9f9dbafabe4f", "function_name": "noop_task", "parent_task_ids": [], "submit_time": 1716761370.4219096, "received_time": 1716761371.8933477, "execution": {"hostname": "escience-taps", "execution_start_time": 1716761371.143859, "execution_end_time": 1716761371.190363, "task_start_time": 1716761371.14387, "task_end_time": 1716761371.1815457, "input_transform_start_time": 1716761371.1438653, "input_transform_end_time": 1716761371.1438699, "result_transform_start_time": 1716761371.1815464, "result_transform_end_time": 1716761371.1903622}}
{"task_id": "ce2f88e5-21ad-485a-8e83-0e1849af684c", "function_name": "noop_task", "parent_task_ids": [], "submit_time": 1716761371.9654646, "received_time": 1716761373.3965805, "execution": {"hostname": "escience-taps", "execution_start_time": 1716761372.6912408, "execution_end_time": 1716761372.738331, "task_start_time": 1716761372.691252, "task_end_time": 1716761372.7286823, "input_transform_start_time": 1716761372.6912467, "input_transform_end_time": 1716761372.691252, "result_transform_start_time": 1716761372.728683, "result_transform_end_time": 1716761372.7383308}}
{"task_id": "22045407-d4cc-4d34-9232-d049fbdca464", "function_name": "noop_task", "parent_task_ids": [], "submit_time": 1716761373.4574804, "received_time": 1716761374.8989723, "execution": {"hostname": "escience-taps", "execution_start_time": 1716761374.1715922, "execution_end_time": 1716761374.2177327, "task_start_time": 1716761374.1716032, "task_end_time": 1716761374.2078373, "input_transform_start_time": 1716761374.1715982, "input_transform_end_time": 1716761374.171603, "result_transform_start_time": 1716761374.2078383, "result_transform_end_time": 1716761374.2177324}}
