{"task_id": "1200f73b-84f0-4e97-9ba1-8d7246eb975c", "function_name": "_map_function_for_enron_run_mode", "parent_task_ids": [], "submit_time": 1716647674.4358153, "received_time": 1716647674.7407925, "execution": {"hostname": "escience-taps", "execution_start_time": 1716647674.441635, "execution_end_time": 1716647674.7139802, "task_start_time": 1716647674.4416628, "task_end_time": 1716647674.7139568, "input_transform_start_time": 1716647674.4416432, "input_transform_end_time": 1716647674.4416614, "result_transform_start_time": 1716647674.7139575, "result_transform_end_time": 1716647674.7139802}}
{"task_id": "bcc7bb77-580a-4884-bc8e-71eaab566876", "function_name": "_map_function_for_enron_run_mode", "parent_task_ids": [], "submit_time": 1716647674.4355922, "received_time": 1716647674.8460069, "execution": {"hostname": "escience-taps", "execution_start_time": 1716647674.4409592, "execution_end_time": 1716647674.8097954, "task_start_time": 1716647674.4410117, "task_end_time": 1716647674.8097663, "input_transform_start_time": 1716647674.4409728, "input_transform_end_time": 1716647674.4410088, "result_transform_start_time": 1716647674.809768, "result_transform_end_time": 1716647674.8097954}}
{"task_id": "66d5ff28-97f9-4fb0-a1f3-86860d4d3482", "function_name": "_map_function_for_enron_run_mode", "parent_task_ids": [], "submit_time": 1716647674.435105, "received_time": 1716647674.8883674, "execution": {"hostname": "escience-taps", "execution_start_time": 1716647674.4389029, "execution_end_time": 1716647674.8639886, "task_start_time": 1716647674.438962, "task_end_time": 1716647674.863964, "input_transform_start_time": 1716647674.4389212, "input_transform_end_time": 1716647674.4389591, "result_transform_start_time": 1716647674.8639643, "result_transform_end_time": 1716647674.8639886}}
{"task_id": "feae9787-dcbc-4d03-b11c-bde000678bbc", "function_name": "_map_function_for_enron_run_mode", "parent_task_ids": [], "submit_time": 1716647674.4354405, "received_time": 1716647675.0691164, "execution": {"hostname": "escience-taps", "execution_start_time": 1716647674.4401226, "execution_end_time": 1716647675.0311608, "task_start_time": 1716647674.4401634, "task_end_time": 1716647675.0311344, "input_transform_start_time": 1716647674.4401348, "input_transform_end_time": 1716647674.4401615, "result_transform_start_time": 1716647675.0311358, "result_transform_end_time": 1716647675.0311606}}
{"task_id": "ffbc21b6-e63e-4aa2-bd80-64b08009966a", "function_name": "_map_function_for_enron_run_mode", "parent_task_ids": [], "submit_time": 1716647674.4355412, "received_time": 1716647675.14713, "execution": {"hostname": "escience-taps", "execution_start_time": 1716647674.4407043, "execution_end_time": 1716647675.1086948, "task_start_time": 1716647674.4407725, "task_end_time": 1716647675.1086621, "input_transform_start_time": 1716647674.440719, "input_transform_end_time": 1716647674.44077, "result_transform_start_time": 1716647675.1086633, "result_transform_end_time": 1716647675.1086946}}
{"task_id": "dfad2077-197a-454b-94f5-6b03c2967f66", "function_name": "_map_function_for_enron_run_mode", "parent_task_ids": [], "submit_time": 1716647674.4357893, "received_time": 1716647675.1873283, "execution": {"hostname": "escience-taps", "execution_start_time": 1716647674.4416108, "execution_end_time": 1716647675.1477356, "task_start_time": 1716647674.4416487, "task_end_time": 1716647675.1477084, "input_transform_start_time": 1716647674.4416215, "input_transform_end_time": 1716647674.4416463, "result_transform_start_time": 1716647675.147709, "result_transform_end_time": 1716647675.1477356}}
{"task_id": "0c9a118a-a7b1-47dc-9a1c-77e58f732660", "function_name": "_map_function_for_enron_run_mode", "parent_task_ids": [], "submit_time": 1716647674.4353192, "received_time": 1716647675.2218297, "execution": {"hostname": "escience-taps", "execution_start_time": 1716647674.4394197, "execution_end_time": 1716647675.1709833, "task_start_time": 1716647674.439462, "task_end_time": 1716647675.1709533, "input_transform_start_time": 1716647674.439432, "input_transform_end_time": 1716647674.4394598, "result_transform_start_time": 1716647675.170954, "result_transform_end_time": 1716647675.170983}}
{"task_id": "714d369d-0aa1-42e1-a1b1-4c43241d3c0d", "function_name": "_map_function_for_enron_run_mode", "parent_task_ids": [], "submit_time": 1716647674.4356449, "received_time": 1716647675.260312, "execution": {"hostname": "escience-taps", "execution_start_time": 1716647674.4411125, "execution_end_time": 1716647675.1846652, "task_start_time": 1716647674.4411569, "task_end_time": 1716647675.1846402, "input_transform_start_time": 1716647674.4411247, "input_transform_end_time": 1716647674.4411545, "result_transform_start_time": 1716647675.1846411, "result_transform_end_time": 1716647675.1846647}}
{"task_id": "185a5de7-1036-4f57-a80b-b2e922fc128b", "function_name": "_map_function_for_enron_run_mode", "parent_task_ids": [], "submit_time": 1716647674.4351447, "received_time": 1716647675.2821274, "execution": {"hostname": "escience-taps", "execution_start_time": 1716647674.4389079, "execution_end_time": 1716647675.2210522, "task_start_time": 1716647674.4389522, "task_end_time": 1716647675.221019, "input_transform_start_time": 1716647674.4389186, "input_transform_end_time": 1716647674.4389498, "result_transform_start_time": 1716647675.2210207, "result_transform_end_time": 1716647675.2210522}}
{"task_id": "177acb0e-2e79-4d54-9c56-561bc2be5cfd", "function_name": "_map_function_for_enron_run_mode", "parent_task_ids": [], "submit_time": 1716647674.4352038, "received_time": 1716647675.3053815, "execution": {"hostname": "escience-taps", "execution_start_time": 1716647674.4389515, "execution_end_time": 1716647675.2276087, "task_start_time": 1716647674.4389908, "task_end_time": 1716647675.2275808, "input_transform_start_time": 1716647674.4389641, "input_transform_end_time": 1716647674.4389892, "result_transform_start_time": 1716647675.227581, "result_transform_end_time": 1716647675.2276087}}
{"task_id": "bda72398-bbff-4374-8662-1b036266513a", "function_name": "_map_function_for_enron_run_mode", "parent_task_ids": [], "submit_time": 1716647674.435719, "received_time": 1716647675.328936, "execution": {"hostname": "escience-taps", "execution_start_time": 1716647674.4413154, "execution_end_time": 1716647675.2269654, "task_start_time": 1716647674.4413571, "task_end_time": 1716647675.2269404, "input_transform_start_time": 1716647674.441327, "input_transform_end_time": 1716647674.4413548, "result_transform_start_time": 1716647675.2269409, "result_transform_end_time": 1716647675.2269652}}
{"task_id": "6488f15b-1e46-475b-9e0b-285a450234be", "function_name": "_map_function_for_enron_run_mode", "parent_task_ids": [], "submit_time": 1716647674.435342, "received_time": 1716647675.3509402, "execution": {"hostname": "escience-taps", "execution_start_time": 1716647674.4395335, "execution_end_time": 1716647675.231013, "task_start_time": 1716647674.4395742, "task_end_time": 1716647675.2309823, "input_transform_start_time": 1716647674.4395454, "input_transform_end_time": 1716647674.439571, "result_transform_start_time": 1716647675.230983, "result_transform_end_time": 1716647675.2310128}}
{"task_id": "97c75551-bc51-47ff-8743-ba2d83ccbf86", "function_name": "_map_function_for_enron_run_mode", "parent_task_ids": [], "submit_time": 1716647674.3980155, "received_time": 1716647675.3756733, "execution": {"hostname": "escience-taps", "execution_start_time": 1716647674.4373484, "execution_end_time": 1716647675.2762496, "task_start_time": 1716647674.4373946, "task_end_time": 1716647675.276226, "input_transform_start_time": 1716647674.4373648, "input_transform_end_time": 1716647674.4373927, "result_transform_start_time": 1716647675.2762268, "result_transform_end_time": 1716647675.2762496}}
{"task_id": "11244ad5-f5dc-43c7-824a-ba072139db2f", "function_name": "_map_function_for_enron_run_mode", "parent_task_ids": [], "submit_time": 1716647674.4348707,