{"task_id": "bbda88e8-3c1b-4848-9289-7b0f448e32ae", "function_name": "id", "parent_task_ids": [], "submit_time": 1716760554.9731534, "received_time": 1716760556.75942, "execution": {"hostname": "escience-taps", "execution_start_time": 1716760555.6212182, "execution_end_time": 1716760555.6212473, "task_start_time": 1716760555.6212366, "task_end_time": 1716760555.6212382, "input_transform_start_time": 1716760555.621227, "input_transform_end_time": 1716760555.6212363, "result_transform_start_time": 1716760555.6212385, "result_transform_end_time": 1716760555.621247}}
{"task_id": "5e02b404-0126-46a3-b6e9-a575648cb32e", "function_name": "noop_task", "parent_task_ids": [], "submit_time": 1716760556.7674563, "received_time": 1716760559.7685957, "execution": {"hostname": "escience-taps", "execution_start_time": 1716760558.1447487, "execution_end_time": 1716760558.1468048, "task_start_time": 1716760558.1447656, "task_end_time": 1716760558.1467953, "input_transform_start_time": 1716760558.1447575, "input_transform_end_time": 1716760558.1447656, "result_transform_start_time": 1716760558.1467955, "result_transform_end_time": 1716760558.1468048}}
{"task_id": "64aed3c4-b490-4f47-a70d-93d8989d288f", "function_name": "noop_task", "parent_task_ids": [], "submit_time": 1716760559.7754912, "received_time": 1716760562.276783, "execution": {"hostname": "escience-taps", "execution_start_time": 1716760560.755048, "execution_end_time": 1716760560.759789, "task_start_time": 1716760560.7550764, "task_end_time": 1716760560.7597744, "input_transform_start_time": 1716760560.7550628, "input_transform_end_time": 1716760560.7550764, "result_transform_start_time": 1716760560.759775, "result_transform_end_time": 1716760560.7597888}}
{"task_id": "f0aa20fa-2684-4545-b659-fb871590a73c", "function_name": "noop_task", "parent_task_ids": [], "submit_time": 1716760562.2825382, "received_time": 1716760564.7846131, "execution": {"hostname": "escience-taps", "execution_start_time": 1716760563.2538345, "execution_end_time": 1716760563.258573, "task_start_time": 1716760563.2538571, "task_end_time": 1716760563.2585592, "input_transform_start_time": 1716760563.2538457, "input_transform_end_time": 1716760563.2538567, "result_transform_start_time": 1716760563.2585595, "result_transform_end_time": 1716760563.2585728}}
{"task_id": "9169fe15-54fe-4aeb-a806-8e7299a4f5ed", "function_name": "noop_task", "parent_task_ids": [], "submit_time": 1716760564.7904463, "received_time": 1716760567.793158, "execution": {"hostname": "escience-taps", "execution_start_time": 1716760566.2806442, "execution_end_time": 1716760566.2826912, "task_start_time": 1716760566.280652, "task_end_time": 1716760566.2826858, "input_transform_start_time": 1716760566.2806478, "input_transform_end_time": 1716760566.2806518, "result_transform_start_time": 1716760566.282686, "result_transform_end_time": 1716760566.2826912}}
{"task_id": "79fbb7c8-4189-47ea-aed2-388a6ea52a30", "function_name": "noop_task", "parent_task_ids": [], "submit_time": 1716760567.7989721, "received_time": 1716760570.8027873, "execution": {"hostname": "escience-taps", "execution_start_time": 1716760569.2825694, "execution_end_time": 1716760569.2845933, "task_start_time": 1716760569.2825775, "task_end_time": 1716760569.2845879, "input_transform_start_time": 1716760569.2825735, "input_transform_end_time": 1716760569.282577, "result_transform_start_time": 1716760569.284588, "result_transform_end_time": 1716760569.2845933}}
{"task_id": "5bec704f-71a0-4886-9541-ec42595fa35a", "function_name": "noop_task", "parent_task_ids": [], "submit_time": 1716760570.8083158, "received_time": 1716760573.3099043, "execution": {"hostname": "escience-taps", "execution_start_time": 1716760571.7529957, "execution_end_time": 1716760571.7578654, "task_start_time": 1716760571.7530658, "task_end_time": 1716760571.7578242, "input_transform_start_time": 1716760571.7530332, "input_transform_end_time": 1716760571.7530656, "result_transform_start_time": 1716760571.7578244, "result_transform_end_time": 1716760571.7578652}}
{"task_id": "f38ae85c-0693-4226-9cfd-90b5beb62ce3", "function_name": "noop_task", "parent_task_ids": [], "submit_time": 1716760573.3159053, "received_time": 1716760575.8176527, "execution": {"hostname": "escience-taps", "execution_start_time": 1716760574.1802335, "execution_end_time": 1716760574.1849072, "task_start_time": 1716760574.1802516, "task_end_time": 1716760574.1848965, "input_transform_start_time": 1716760574.180243, "input_transform_end_time": 1716760574.1802516, "result_transform_start_time": 1716760574.184897, "result_transform_end_time": 1716760574.184907}}
{"task_id": "5294b893-a106-4a66-8151-804b262f3f25", "function_name": "noop_task", "parent_task_ids": [], "submit_time": 1716760575.8265128, "received_time": 1716760578.326014, "execution": {"hostname": "escience-taps", "execution_start_time": 1716760576.7200468, "execution_end_time": 1716760576.72477, "task_start_time": 1716760576.7200663, "task_end_time": 1716760576.7247586, "input_transform_start_time": 1716760576.7200558, "input_transform_end_time": 1716760576.720066, "result_transform_start_time": 1716760576.7247589, "result_transform_end_time": 1716760576.7247698}}
{"task_id": "6fc7bb3f-c163-415f-840e-37e8ae2f018c", "function_name": "noop_task", "parent_task_ids": [], "submit_time": 1716760578.3321114, "received_time": 1716760580.8345203, "execution": {"hostname": "escience-taps", "execution_start_time": 1716760579.189431, "execution_end_time": 1716760579.1941445, "task_start_time": 1716760579.1894505, "task_end_time": 1716760579.1941328, "input_transform_start_time": 1716760579.1894395, "input_transform_end_time": 1716760579.1894503, "result_transform_start_time": 1716760579.1941333, "result_transform_end_time": 1716760579.194144}}
{"task_id": "00e4d3be-9f9c-43e8-ba1d-784c3498168a", "function_name": "noop_task", "parent_task_ids": [], "submit_time": 1716760580.840309, "received_time": 1716760583.3429353, "execution": {"hostname": "escience-taps", "execution_start_time": 1716760581.6747322, "execution_end_time": 1716760581.67941, "task_start_time": 1716760581.6747499, "task_end_time": 1716760581.6793976, "input_transform_start_time": 1716760581.67474, "input_transform_end_time": 1716760581.6747496, "result_transform_start_time": 1716760581.679398, "result_transform_end_time": 1716760581.6794095}}
