{"task_id": "11a427b9-cb2b-4cd4-a943-b383bdfb301c", "function_name": "id", "parent_task_ids": [], "submit_time": 1716763224.613368, "received_time": 1716763224.6218874, "execution": {"hostname": "escience-taps", "execution_start_time": 1716763224.6210136, "execution_end_time": 1716763224.6210897, "task_start_time": 1716763224.6210692, "task_end_time": 1716763224.6210704, "input_transform_start_time": 1716763224.621033, "input_transform_end_time": 1716763224.6210666, "result_transform_start_time": 1716763224.6210706, "result_transform_end_time": 1716763224.6210895}}
{"task_id": "c3468a5a-9072-4395-84b8-5bd79c83d9f6", "function_name": "noop_task", "parent_task_ids": [], "submit_time": 1716763224.622991, "received_time": 1716763224.628445, "execution": {"hostname": "escience-taps", "execution_start_time": 1716763224.6261225, "execution_end_time": 1716763224.6281178, "task_start_time": 1716763224.6261435, "task_end_time": 1716763224.6277664, "input_transform_start_time": 1716763224.6261375, "input_transform_end_time": 1716763224.6261435, "result_transform_start_time": 1716763224.6277666, "result_transform_end_time": 1716763224.6281176}}
{"task_id": "310066df-67aa-4406-a88d-ae7455dc81e4", "function_name": "noop_task", "parent_task_ids": [], "submit_time": 1716763224.6292212, "received_time": 1716763224.6309466, "execution": {"hostname": "escience-taps", "execution_start_time": 1716763224.6299515, "execution_end_time": 1716763224.6307838, "task_start_time": 1716763224.6299672, "task_end_time": 1716763224.6305623, "input_transform_start_time": 1716763224.629962, "input_transform_end_time": 1716763224.6299667, "result_transform_start_time": 1716763224.6305623, "result_transform_end_time": 1716763224.6307836}}
{"task_id": "71c1a153-ece0-4785-a1ea-ae91af49775a", "function_name": "noop_task", "parent_task_ids": [], "submit_time": 1716763224.6314628, "received_time": 1716763224.6331244, "execution": {"hostname": "escience-taps", "execution_start_time": 1716763224.6321557, "execution_end_time": 1716763224.6329725, "task_start_time": 1716763224.6321824, "task_end_time": 1716763224.632757, "input_transform_start_time": 1716763224.6321683, "input_transform_end_time": 1716763224.6321821, "result_transform_start_time": 1716763224.632757, "result_transform_end_time": 1716763224.6329725}}
{"task_id": "ce9a46da-db9a-4c22-a5f7-3bcc0754e966", "function_name": "noop_task", "parent_task_ids": [], "submit_time": 1716763224.6337395, "received_time": 1716763224.6351886, "execution": {"hostname": "escience-taps", "execution_start_time": 1716763224.6342738, "execution_end_time": 1716763224.6350396, "task_start_time": 1716763224.6342852, "task_end_time": 1716763224.634824, "input_transform_start_time": 1716763224.634281, "input_transform_end_time": 1716763224.634285, "result_transform_start_time": 1716763224.634824, "result_transform_end_time": 1716763224.6350396}}
{"task_id": "d577d26b-a6b9-4f85-87ab-c9eaf0d82240", "function_name": "noop_task", "parent_task_ids": [], "submit_time": 1716763224.635705, "received_time": 1716763224.637149, "execution": {"hostname": "escience-taps", "execution_start_time": 1716763224.6362555, "execution_end_time": 1716763224.6370056, "task_start_time": 1716763224.6362672, "task_end_time": 1716763224.6368074, "input_transform_start_time": 1716763224.636263, "input_transform_end_time": 1716763224.636267, "result_transform_start_time": 1716763224.6368074, "result_transform_end_time": 1716763224.6370056}}
{"task_id": "44bc7f49-7a74-4f46-8d87-d9cfe5136fa4", "function_name": "noop_task", "parent_task_ids": [], "submit_time": 1716763224.6401432, "received_time": 1716763224.6418662, "execution": {"hostname": "escience-taps", "execution_start_time": 1716763224.6408577, "execution_end_time": 1716763224.6417134, "task_start_time": 1716763224.6408792, "task_end_time": 1716763224.6415176, "input_transform_start_time": 1716763224.6408708, "input_transform_end_time": 1716763224.640879, "result_transform_start_time": 1716763224.6415176, "result_transform_end_time": 1716763224.6417134}}
{"task_id": "2bb4aeaa-716f-4a98-837e-528f42ff9097", "function_name": "noop_task", "parent_task_ids": [], "submit_time": 1716763224.6424139, "received_time": 1716763224.6438534, "execution": {"hostname": "escience-taps", "execution_start_time": 1716763224.6429691, "execution_end_time": 1716763224.6437013, "task_start_time": 1716763224.642984, "task_end_time": 1716763224.6435034, "input_transform_start_time": 1716763224.6429782, "input_transform_end_time": 1716763224.642984, "result_transform_start_time": 1716763224.6435037, "result_transform_end_time": 1716763224.643701}}
{"task_id": "d338feff-495a-4314-b875-155acabec1ca", "function_name": "noop_task", "parent_task_ids": [], "submit_time": 1716763224.644436, "received_time": 1716763224.6466439, "execution": {"hostname": "escience-taps", "execution_start_time": 1716763224.6456847, "execution_end_time": 1716763224.6464884, "task_start_time": 1716763224.6457074, "task_end_time": 1716763224.6462853, "input_transform_start_time": 1716763224.6456993, "input_transform_end_time": 1716763224.645707, "result_transform_start_time": 1716763224.6462853, "result_transform_end_time": 1716763224.6464884}}
{"task_id": "17780a84-2ded-4d49-938b-dc5807e529a9", "function_name": "noop_task", "parent_task_ids": [], "submit_time": 1716763224.6471877, "received_time": 1716763224.6486099, "execution": {"hostname": "escience-taps", "execution_start_time": 1716763224.6477053, "execution_end_time": 1716763224.648457, "task_start_time": 1716763224.6477163, "task_end_time": 1716763224.6482434, "input_transform_start_time": 1716763224.6477125, "input_transform_end_time": 1716763224.6477163, "result_transform_start_time": 1716763224.6482434, "result_transform_end_time": 1716763224.648457}}
{"task_id": "1571fd0d-8fb6-4bb8-bfab-fafa8f45c75b", "function_name": "noop_task", "parent_task_ids": [], "submit_time": 1716763224.6492124, "received_time": 1716763224.6506038, "execution": {"hostname": "escience-taps", "execution_start_time": 1716763224.6497269, "execution_end_time": 1716763224.6504476, "task_start_time": 1716763224.6497383, "task_end_time": 1716763224.6502647, "input_transform_start_time": 1716763224.6497343, "input_transform_end_time": 1716763224.649738, "result_transform_start_time": 1716763224.650265, "result_transform_end_time": 1716763224.6504476}}
