{"task_id": "190dd0e4-5d01-4d24-9311-edd61e69209b", "function_name": "id", "parent_task_ids": [], "submit_time": 1716759364.7255895, "received_time": 1716759365.3751943, "execution": {"hostname": "escience-taps", "execution_start_time": 1716759365.3711278, "execution_end_time": 1716759365.3711379, "task_start_time": 1716759365.3711333, "task_end_time": 1716759365.371134, "input_transform_start_time": 1716759365.3711305, "input_transform_end_time": 1716759365.3711333, "result_transform_start_time": 1716759365.3711343, "result_transform_end_time": 1716759365.3711379}}
{"task_id": "3a887ebe-2a70-4774-9b8d-393136490104", "function_name": "noop_task", "parent_task_ids": [], "submit_time": 1716759365.4186893, "received_time": 1716759365.4769723, "execution": {"hostname": "escience-taps", "execution_start_time": 1716759365.436148, "execution_end_time": 1716759365.4632676, "task_start_time": 1716759365.4361567, "task_end_time": 1716759365.4632611, "input_transform_start_time": 1716759365.4361517, "input_transform_end_time": 1716759365.4361567, "result_transform_start_time": 1716759365.4632614, "result_transform_end_time": 1716759365.4632676}}
{"task_id": "62f419c1-3f2f-4483-8f7c-66d1a5d8b56b", "function_name": "noop_task", "parent_task_ids": [], "submit_time": 1716759365.5140655, "received_time": 1716759365.565144, "execution": {"hostname": "escience-taps", "execution_start_time": 1716759365.521239, "execution_end_time": 1716759365.5549595, "task_start_time": 1716759365.5212524, "task_end_time": 1716759365.5549474, "input_transform_start_time": 1716759365.5212445, "input_transform_end_time": 1716759365.5212522, "result_transform_start_time": 1716759365.5549476, "result_transform_end_time": 1716759365.5549593}}
{"task_id": "9de32914-e188-4417-88e7-428e23c9ba22", "function_name": "noop_task", "parent_task_ids": [], "submit_time": 1716759365.5922103, "received_time": 1716759365.6391685, "execution": {"hostname": "escience-taps", "execution_start_time": 1716759365.603131, "execution_end_time": 1716759365.629982, "task_start_time": 1716759365.6031463, "task_end_time": 1716759365.6299653, "input_transform_start_time": 1716759365.6031377, "input_transform_end_time": 1716759365.6031463, "result_transform_start_time": 1716759365.6299655, "result_transform_end_time": 1716759365.629982}}
{"task_id": "3782cab3-3633-47f1-8b4f-cf5ec0c92081", "function_name": "noop_task", "parent_task_ids": [], "submit_time": 1716759365.666085, "received_time": 1716759365.708885, "execution": {"hostname": "escience-taps", "execution_start_time": 1716759365.6745803, "execution_end_time": 1716759365.7007623, "task_start_time": 1716759365.6745896, "task_end_time": 1716759365.7007482, "input_transform_start_time": 1716759365.6745834, "input_transform_end_time": 1716759365.6745894, "result_transform_start_time": 1716759365.7007482, "result_transform_end_time": 1716759365.7007623}}
{"task_id": "11a96e5e-2ffe-4d2a-8980-68cb1d4d5935", "function_name": "noop_task", "parent_task_ids": [], "submit_time": 1716759365.7364244, "received_time": 1716759365.7796535, "execution": {"hostname": "escience-taps", "execution_start_time": 1716759365.7453141, "execution_end_time": 1716759365.7719412, "task_start_time": 1716759365.7453253, "task_end_time": 1716759365.7719252, "input_transform_start_time": 1716759365.745319, "input_transform_end_time": 1716759365.745325, "result_transform_start_time": 1716759365.7719257, "result_transform_end_time": 1716759365.771941}}
{"task_id": "7976d93a-641d-4454-b6e7-f8a2a89f9f1d", "function_name": "noop_task", "parent_task_ids": [], "submit_time": 1716759365.8067932, "received_time": 1716759365.8513288, "execution": {"hostname": "escience-taps", "execution_start_time": 1716759365.8165731, "execution_end_time": 1716759365.8434813, "task_start_time": 1716759365.8165836, "task_end_time": 1716759365.843461, "input_transform_start_time": 1716759365.8165774, "input_transform_end_time": 1716759365.8165834, "result_transform_start_time": 1716759365.8434613, "result_transform_end_time": 1716759365.843481}}
{"task_id": "37c4c6d2-902a-4411-a6da-71dda2d7d000", "function_name": "noop_task", "parent_task_ids": [], "submit_time": 1716759365.8784745, "received_time": 1716759365.922234, "execution": {"hostname": "escience-taps", "execution_start_time": 1716759365.88728, "execution_end_time": 1716759365.914145, "task_start_time": 1716759365.8872912, "task_end_time": 1716759365.9141285, "input_transform_start_time": 1716759365.8872838, "input_transform_end_time": 1716759365.887291, "result_transform_start_time": 1716759365.9141288, "result_transform_end_time": 1716759365.9141448}}
{"task_id": "76402126-2239-47f4-b8f7-fcf4b05ed1f1", "function_name": "noop_task", "parent_task_ids": [], "submit_time": 1716759365.9491796, "received_time": 1716759365.992602, "execution": {"hostname": "escience-taps", "execution_start_time": 1716759365.9584353, "execution_end_time": 1716759365.985084, "task_start_time": 1716759365.958445, "task_end_time": 1716759365.9850702, "input_transform_start_time": 1716759365.958439, "input_transform_end_time": 1716759365.9584448, "result_transform_start_time": 1716759365.9850707, "result_transform_end_time": 1716759365.9850838}}
{"task_id": "d90ab4e3-c772-4c0b-a57e-49b01730d5a3", "function_name": "noop_task", "parent_task_ids": [], "submit_time": 1716759366.0198665, "received_time": 1716759366.0634432, "execution": {"hostname": "escience-taps", "execution_start_time": 1716759366.0285187, "execution_end_time": 1716759366.055534, "task_start_time": 1716759366.0285296, "task_end_time": 1716759366.05552, "input_transform_start_time": 1716759366.0285227, "input_transform_end_time": 1716759366.0285294, "result_transform_start_time": 1716759366.05552, "result_transform_end_time": 1716759366.055534}}
{"task_id": "9ab129b5-7296-43e5-a240-a2709cbc21b1", "function_name": "noop_task", "parent_task_ids": [], "submit_time": 1716759366.090226, "received_time": 1716759366.1331728, "execution": {"hostname": "escience-taps", "execution_start_time": 1716759366.0988545, "execution_end_time": 1716759366.1255949, "task_start_time": 1716759366.0988646, "task_end_time": 1716759366.1255815, "input_transform_start_time": 1716759366.0988588, "input_transform_end_time": 1716759366.0988643, "result_transform_start_time": 1716759366.1255815, "result_transform_end_time": 1716759366.1255946}}
