{"task_id": "83257d52-1403-4bfe-9634-ec5d5e9eb6d5", "function_name": "id", "parent_task_ids": [], "submit_time": 1716758440.2589245, "received_time": 1716758440.2669911, "execution": {"hostname": "escience-taps", "execution_start_time": 1716758440.2660947, "execution_end_time": 1716758440.2661583, "task_start_time": 1716758440.2661397, "task_end_time": 1716758440.2661407, "input_transform_start_time": 1716758440.2661102, "input_transform_end_time": 1716758440.2661397, "result_transform_start_time": 1716758440.266141, "result_transform_end_time": 1716758440.2661583}}
{"task_id": "648c4c19-8898-4708-9da2-9859ba5dc7b2", "function_name": "noop_task", "parent_task_ids": [], "submit_time": 1716758440.267974, "received_time": 1716758440.26886, "execution": {"hostname": "escience-taps", "execution_start_time": 1716758440.2684877, "execution_end_time": 1716758440.2686303, "task_start_time": 1716758440.2684956, "task_end_time": 1716758440.268613, "input_transform_start_time": 1716758440.2684925, "input_transform_end_time": 1716758440.2684953, "result_transform_start_time": 1716758440.2686133, "result_transform_end_time": 1716758440.2686303}}
{"task_id": "e9255773-6b13-4ec2-9fc8-a0a2dcba943a", "function_name": "noop_task", "parent_task_ids": [], "submit_time": 1716758440.2690458, "received_time": 1716758440.2697134, "execution": {"hostname": "escience-taps", "execution_start_time": 1716758440.2694452, "execution_end_time": 1716758440.2695446, "task_start_time": 1716758440.269453, "task_end_time": 1716758440.269542, "input_transform_start_time": 1716758440.2694492, "input_transform_end_time": 1716758440.2694528, "result_transform_start_time": 1716758440.269542, "result_transform_end_time": 1716758440.2695446}}
{"task_id": "d9dae3c3-2597-4835-9177-ad690b683b6b", "function_name": "noop_task", "parent_task_ids": [], "submit_time": 1716758440.2698684, "received_time": 1716758440.2704124, "execution": {"hostname": "escience-taps", "execution_start_time": 1716758440.2701585, "execution_end_time": 1716758440.2702527, "task_start_time": 1716758440.270167, "task_end_time": 1716758440.2702506, "input_transform_start_time": 1716758440.2701633, "input_transform_end_time": 1716758440.2701669, "result_transform_start_time": 1716758440.2702508, "result_transform_end_time": 1716758440.2702527}}
{"task_id": "2240f4d5-e350-4311-8263-ecccbbe61c37", "function_name": "noop_task", "parent_task_ids": [], "submit_time": 1716758440.270563, "received_time": 1716758440.2710748, "execution": {"hostname": "escience-taps", "execution_start_time": 1716758440.2708223, "execution_end_time": 1716758440.2709196, "task_start_time": 1716758440.2708282, "task_end_time": 1716758440.2709174, "input_transform_start_time": 1716758440.2708247, "input_transform_end_time": 1716758440.270828, "result_transform_start_time": 1716758440.2709177, "result_transform_end_time": 1716758440.2709196}}
{"task_id": "256f21f8-d663-43fe-8500-e67709a1f171", "function_name": "noop_task", "parent_task_ids": [], "submit_time": 1716758440.271225, "received_time": 1716758440.2716928, "execution": {"hostname": "escience-taps", "execution_start_time": 1716758440.2714596, "execution_end_time": 1716758440.271546, "task_start_time": 1716758440.271464, "task_end_time": 1716758440.2715435, "input_transform_start_time": 1716758440.271462, "input_transform_end_time": 1716758440.271464, "result_transform_start_time": 1716758440.2715437, "result_transform_end_time": 1716758440.271546}}
{"task_id": "fa828161-7c68-4893-8b0a-b7d032e4b1f5", "function_name": "noop_task", "parent_task_ids": [], "submit_time": 1716758440.271838, "received_time": 1716758440.2723107, "execution": {"hostname": "escience-taps", "execution_start_time": 1716758440.27207, "execution_end_time": 1716758440.2721589, "task_start_time": 1716758440.2720742, "task_end_time": 1716758440.2721536, "input_transform_start_time": 1716758440.2720718, "input_transform_end_time": 1716758440.2720742, "result_transform_start_time": 1716758440.2721539, "result_transform_end_time": 1716758440.2721589}}
{"task_id": "8348eb6b-ffa5-4a7a-98d6-4aa617cd4c4b", "function_name": "noop_task", "parent_task_ids": [], "submit_time": 1716758440.2724771, "received_time": 1716758440.2730155, "execution": {"hostname": "escience-taps", "execution_start_time": 1716758440.2727509, "execution_end_time": 1716758440.2728407, "task_start_time": 1716758440.2727566, "task_end_time": 1716758440.2728379, "input_transform_start_time": 1716758440.2727537, "input_transform_end_time": 1716758440.2727566, "result_transform_start_time": 1716758440.272838, "result_transform_end_time": 1716758440.2728407}}
{"task_id": "2b52dbe5-6e5e-4329-9728-0ffcefcb1649", "function_name": "noop_task", "parent_task_ids": [], "submit_time": 1716758440.2731688, "received_time": 1716758440.2758372, "execution": {"hostname": "escience-taps", "execution_start_time": 1716758440.2755694, "execution_end_time": 1716758440.2756698, "task_start_time": 1716758440.2755754, "task_end_time": 1716758440.275667, "input_transform_start_time": 1716758440.2755725, "input_transform_end_time": 1716758440.2755754, "result_transform_start_time": 1716758440.275667, "result_transform_end_time": 1716758440.2756698}}
{"task_id": "8c44b9e9-0839-4ad0-ae25-09fbfa48d1f9", "function_name": "noop_task", "parent_task_ids": [], "submit_time": 1716758440.2760296, "received_time": 1716758440.2765603, "execution": {"hostname": "escience-taps", "execution_start_time": 1716758440.276317, "execution_end_time": 1716758440.2764168, "task_start_time": 1716758440.276323, "task_end_time": 1716758440.276414, "input_transform_start_time": 1716758440.2763202, "input_transform_end_time": 1716758440.276323, "result_transform_start_time": 1716758440.2764142, "result_transform_end_time": 1716758440.2764168}}
{"task_id": "4f1ca957-a5ea-4f81-abf7-d24135e5b6dd", "function_name": "noop_task", "parent_task_ids": [], "submit_time": 1716758440.276732, "received_time": 1716758440.277209, "execution": {"hostname": "escience-taps", "execution_start_time": 1716758440.276975, "execution_end_time": 1716758440.2770603, "task_start_time": 1716758440.2769794, "task_end_time": 1716758440.2770584, "input_transform_start_time": 1716758440.276977, "input_transform_end_time": 1716758440.2769792, "result_transform_start_time": 1716758440.2770584, "result_transform_end_time": 1716758440.2770603}}
