{"task_id": "142237cd-9a71-4258-8ecf-147430f22f72", "function_name": "id", "parent_task_ids": [], "submit_time": 1716758520.5428994, "received_time": 1716758520.5515554, "execution": {"hostname": "escience-taps", "execution_start_time": 1716758520.5506148, "execution_end_time": 1716758520.550693, "task_start_time": 1716758520.5506718, "task_end_time": 1716758520.550673, "input_transform_start_time": 1716758520.5506327, "input_transform_end_time": 1716758520.550669, "result_transform_start_time": 1716758520.5506732, "result_transform_end_time": 1716758520.5506928}}
{"task_id": "8ac04621-03d8-463f-b84b-072716bdf144", "function_name": "noop_task", "parent_task_ids": [], "submit_time": 1716758520.5826054, "received_time": 1716758520.6368568, "execution": {"hostname": "escience-taps", "execution_start_time": 1716758520.5945373, "execution_end_time": 1716758520.6363792, "task_start_time": 1716758520.5945754, "task_end_time": 1716758520.627768, "input_transform_start_time": 1716758520.5945656, "input_transform_end_time": 1716758520.5945754, "result_transform_start_time": 1716758520.6277683, "result_transform_end_time": 1716758520.6363788}}
{"task_id": "f69167a4-2cd4-405e-99d1-d97aee468672", "function_name": "noop_task", "parent_task_ids": [], "submit_time": 1716758520.6628706, "received_time": 1716758520.700769, "execution": {"hostname": "escience-taps", "execution_start_time": 1716758520.6703258, "execution_end_time": 1716758520.7004354, "task_start_time": 1716758520.6703537, "task_end_time": 1716758520.6938107, "input_transform_start_time": 1716758520.670343, "input_transform_end_time": 1716758520.6703534, "result_transform_start_time": 1716758520.693811, "result_transform_end_time": 1716758520.7004354}}
{"task_id": "8ce3abad-e17f-491b-9842-a3f629f860f7", "function_name": "noop_task", "parent_task_ids": [], "submit_time": 1716758520.7262847, "received_time": 1716758520.7638147, "execution": {"hostname": "escience-taps", "execution_start_time": 1716758520.7337124, "execution_end_time": 1716758520.7635105, "task_start_time": 1716758520.7337418, "task_end_time": 1716758520.7568479, "input_transform_start_time": 1716758520.733727, "input_transform_end_time": 1716758520.7337418, "result_transform_start_time": 1716758520.7568479, "result_transform_end_time": 1716758520.7635105}}
{"task_id": "f57f2da8-c8cd-4fbe-8313-5f17f7b8102d", "function_name": "noop_task", "parent_task_ids": [], "submit_time": 1716758520.7889876, "received_time": 1716758520.8268962, "execution": {"hostname": "escience-taps", "execution_start_time": 1716758520.796475, "execution_end_time": 1716758520.8266127, "task_start_time": 1716758520.796497, "task_end_time": 1716758520.8200576, "input_transform_start_time": 1716758520.796488, "input_transform_end_time": 1716758520.7964969, "result_transform_start_time": 1716758520.8200576, "result_transform_end_time": 1716758520.8266127}}
{"task_id": "d1864eda-c8cd-4233-b8c9-e4d478c84855", "function_name": "noop_task", "parent_task_ids": [], "submit_time": 1716758520.8530416, "received_time": 1716758520.890769, "execution": {"hostname": "escience-taps", "execution_start_time": 1716758520.8604567, "execution_end_time": 1716758520.8904912, "task_start_time": 1716758520.860478, "task_end_time": 1716758520.883851, "input_transform_start_time": 1716758520.860469, "input_transform_end_time": 1716758520.8604777, "result_transform_start_time": 1716758520.8838513, "result_transform_end_time": 1716758520.8904912}}
{"task_id": "44f88cfd-db65-427c-8e86-546fa8212e6a", "function_name": "noop_task", "parent_task_ids": [], "submit_time": 1716758520.9159012, "received_time": 1716758520.9560122, "execution": {"hostname": "escience-taps", "execution_start_time": 1716758520.9258258, "execution_end_time": 1716758520.9557126, "task_start_time": 1716758520.925848, "task_end_time": 1716758520.9490209, "input_transform_start_time": 1716758520.925839, "input_transform_end_time": 1716758520.9258478, "result_transform_start_time": 1716758520.949021, "result_transform_end_time": 1716758520.9557126}}
{"task_id": "1c0100df-629b-4cf5-ade7-7bab90729768", "function_name": "noop_task", "parent_task_ids": [], "submit_time": 1716758520.9781208, "received_time": 1716758521.0164056, "execution": {"hostname": "escience-taps", "execution_start_time": 1716758520.9859855, "execution_end_time": 1716758521.0161183, "task_start_time": 1716758520.9860077, "task_end_time": 1716758521.0095387, "input_transform_start_time": 1716758520.9859986, "input_transform_end_time": 1716758520.9860075, "result_transform_start_time": 1716758521.009539, "result_transform_end_time": 1716758521.0161183}}
{"task_id": "7b152822-5d99-4510-ab96-a95477011614", "function_name": "noop_task", "parent_task_ids": [], "submit_time": 1716758521.0379343, "received_time": 1716758521.0758371, "execution": {"hostname": "escience-taps", "execution_start_time": 1716758521.0458162, "execution_end_time": 1716758521.0755334, "task_start_time": 1716758521.0458305, "task_end_time": 1716758521.068883, "input_transform_start_time": 1716758521.045824, "input_transform_end_time": 1716758521.0458305, "result_transform_start_time": 1716758521.068883, "result_transform_end_time": 1716758521.0755334}}
{"task_id": "30dc864a-c366-4974-ba0f-97a1e3494634", "function_name": "noop_task", "parent_task_ids": [], "submit_time": 1716758521.0999784, "received_time": 1716758521.1372967, "execution": {"hostname": "escience-taps", "execution_start_time": 1716758521.1072428, "execution_end_time": 1716758521.1370502, "task_start_time": 1716758521.1072636, "task_end_time": 1716758521.1304793, "input_transform_start_time": 1716758521.1072555, "input_transform_end_time": 1716758521.1072633, "result_transform_start_time": 1716758521.1304793, "result_transform_end_time": 1716758521.13705}}
{"task_id": "8e6f1883-1404-4d18-b1e7-4f91fd426410", "function_name": "noop_task", "parent_task_ids": [], "submit_time": 1716758521.1621573, "received_time": 1716758521.2001853, "execution": {"hostname": "escience-taps", "execution_start_time": 1716758521.1693828, "execution_end_time": 1716758521.199875, "task_start_time": 1716758521.1694198, "task_end_time": 1716758521.1932342, "input_transform_start_time": 1716758521.1694047, "input_transform_end_time": 1716758521.1694198, "result_transform_start_time": 1716758521.1932342, "result_transform_end_time": 1716758521.199875}}
