{"task_id": "0d77aff9-f7da-4dd5-9d9c-3624707b3dbe", "function_name": "id", "parent_task_ids": [], "submit_time": 1716758801.5640464, "received_time": 1716758803.2009985, "execution": {"hostname": "escience-taps", "execution_start_time": 1716758803.198496, "execution_end_time": 1716758803.1985116, "task_start_time": 1716758803.1985059, "task_end_time": 1716758803.1985064, "input_transform_start_time": 1716758803.1984987, "input_transform_end_time": 1716758803.1985059, "result_transform_start_time": 1716758803.1985066, "result_transform_end_time": 1716758803.1985116}}
{"task_id": "a70170b9-1c50-4405-9baa-40fe9cfa6915", "function_name": "noop_task", "parent_task_ids": [], "submit_time": 1716758803.2015035, "received_time": 1716758803.2176406, "execution": {"hostname": "escience-taps", "execution_start_time": 1716758803.214651, "execution_end_time": 1716758803.2162337, "task_start_time": 1716758803.2146695, "task_end_time": 1716758803.2159529, "input_transform_start_time": 1716758803.2146618, "input_transform_end_time": 1716758803.2146692, "result_transform_start_time": 1716758803.215953, "result_transform_end_time": 1716758803.2162335}}
{"task_id": "e153cc1c-c828-452c-90c6-e757af620fe3", "function_name": "noop_task", "parent_task_ids": [], "submit_time": 1716758803.218222, "received_time": 1716758803.2302527, "execution": {"hostname": "escience-taps", "execution_start_time": 1716758803.2282548, "execution_end_time": 1716758803.2291644, "task_start_time": 1716758803.2282786, "task_end_time": 1716758803.228791, "input_transform_start_time": 1716758803.2282677, "input_transform_end_time": 1716758803.2282782, "result_transform_start_time": 1716758803.2287915, "result_transform_end_time": 1716758803.229164}}
{"task_id": "5d24d45e-ed76-4be0-a0e3-f57e0a3f6abf", "function_name": "noop_task", "parent_task_ids": [], "submit_time": 1716758803.2306569, "received_time": 1716758803.2431803, "execution": {"hostname": "escience-taps", "execution_start_time": 1716758803.241243, "execution_end_time": 1716758803.2420723, "task_start_time": 1716758803.2412698, "task_end_time": 1716758803.241726, "input_transform_start_time": 1716758803.241256, "input_transform_end_time": 1716758803.2412694, "result_transform_start_time": 1716758803.2417264, "result_transform_end_time": 1716758803.242072}}
{"task_id": "02aa73a1-e0c2-4e11-a947-7b7d4cc69b72", "function_name": "noop_task", "parent_task_ids": [], "submit_time": 1716758803.2436152, "received_time": 1716758803.2558827, "execution": {"hostname": "escience-taps", "execution_start_time": 1716758803.253992, "execution_end_time": 1716758803.2547975, "task_start_time": 1716758803.254006, "task_end_time": 1716758803.2544498, "input_transform_start_time": 1716758803.254, "input_transform_end_time": 1716758803.2540057, "result_transform_start_time": 1716758803.25445, "result_transform_end_time": 1716758803.2547972}}
{"task_id": "3ebb3f18-5ee5-4788-9cbb-5524b2a212c3", "function_name": "noop_task", "parent_task_ids": [], "submit_time": 1716758803.2563522, "received_time": 1716758803.2685425, "execution": {"hostname": "escience-taps", "execution_start_time": 1716758803.2667317, "execution_end_time": 1716758803.2672439, "task_start_time": 1716758803.266743, "task_end_time": 1716758803.267052, "input_transform_start_time": 1716758803.2667382, "input_transform_end_time": 1716758803.266743, "result_transform_start_time": 1716758803.2670522, "result_transform_end_time": 1716758803.2672436}}
{"task_id": "d86b77f7-7d49-433c-86c2-8c330c0f5c71", "function_name": "noop_task", "parent_task_ids": [], "submit_time": 1716758803.2692494, "received_time": 1716758803.2806811, "execution": {"hostname": "escience-taps", "execution_start_time": 1716758803.278945, "execution_end_time": 1716758803.2796433, "task_start_time": 1716758803.2789652, "task_end_time": 1716758803.2793887, "input_transform_start_time": 1716758803.2789567, "input_transform_end_time": 1716758803.278965, "result_transform_start_time": 1716758803.2793891, "result_transform_end_time": 1716758803.279643}}
{"task_id": "20d384f8-6cce-4cea-9ed4-d74cb2cd6648", "function_name": "noop_task", "parent_task_ids": [], "submit_time": 1716758803.281184, "received_time": 1716758803.293613, "execution": {"hostname": "escience-taps", "execution_start_time": 1716758803.2917569, "execution_end_time": 1716758803.2925277, "task_start_time": 1716758803.291783, "task_end_time": 1716758803.2922127, "input_transform_start_time": 1716758803.2917712, "input_transform_end_time": 1716758803.2917829, "result_transform_start_time": 1716758803.2922132, "result_transform_end_time": 1716758803.2925274}}
{"task_id": "1a58ed31-bc47-4d4f-b0e0-e58e521c9baf", "function_name": "noop_task", "parent_task_ids": [], "submit_time": 1716758803.2940538, "received_time": 1716758803.3061073, "execution": {"hostname": "escience-taps", "execution_start_time": 1716758803.304315, "execution_end_time": 1716758803.3050709, "task_start_time": 1716758803.3043294, "task_end_time": 1716758803.304725, "input_transform_start_time": 1716758803.3043246, "input_transform_end_time": 1716758803.3043292, "result_transform_start_time": 1716758803.3047252, "result_transform_end_time": 1716758803.3050706}}
{"task_id": "8b18e7ab-e148-45c6-a94a-fd97d6233c09", "function_name": "noop_task", "parent_task_ids": [], "submit_time": 1716758803.3065255, "received_time": 1716758803.3185825, "execution": {"hostname": "escience-taps", "execution_start_time": 1716758803.316986, "execution_end_time": 1716758803.317571, "task_start_time": 1716758803.317005, "task_end_time": 1716758803.3173633, "input_transform_start_time": 1716758803.3169968, "input_transform_end_time": 1716758803.317005, "result_transform_start_time": 1716758803.3173635, "result_transform_end_time": 1716758803.317571}}
{"task_id": "0563bec4-f67b-4cb4-8cc0-5089f47d2002", "function_name": "noop_task", "parent_task_ids": [], "submit_time": 1716758803.3215652, "received_time": 1716758803.3309252, "execution": {"hostname": "escience-taps", "execution_start_time": 1716758803.3294506, "execution_end_time": 1716758803.3299694, "task_start_time": 1716758803.3294692, "task_end_time": 1716758803.3298151, "input_transform_start_time": 1716758803.3294613, "input_transform_end_time": 1716758803.3294692, "result_transform_start_time": 1716758803.3298151, "result_transform_end_time": 1716758803.3299694}}
