{"task_id": "7ef2756e-7d3b-42e0-ae7e-480426cfce0f", "function_name": "id", "parent_task_ids": [], "submit_time": 1716760811.0814, "received_time": 1716760813.0638907, "execution": {"hostname": "escience-taps", "execution_start_time": 1716760811.9392164, "execution_end_time": 1716760811.9392323, "task_start_time": 1716760811.9392266, "task_end_time": 1716760811.9392276, "input_transform_start_time": 1716760811.9392211, "input_transform_end_time": 1716760811.9392266, "result_transform_start_time": 1716760811.9392278, "result_transform_end_time": 1716760811.939232}}
{"task_id": "fe533eb6-f823-407e-bc71-7e583cc6ef47", "function_name": "noop_task", "parent_task_ids": [], "submit_time": 1716760813.1096125, "received_time": 1716760818.5823286, "execution": {"hostname": "escience-taps", "execution_start_time": 1716760816.0916376, "execution_end_time": 1716760816.1054153, "task_start_time": 1716760816.0916567, "task_end_time": 1716760816.1054063, "input_transform_start_time": 1716760816.0916476, "input_transform_end_time": 1716760816.0916564, "result_transform_start_time": 1716760816.1054065, "result_transform_end_time": 1716760816.1054153}}
{"task_id": "40d16777-82a7-4c4b-b8fc-6fc2e93fdbc3", "function_name": "noop_task", "parent_task_ids": [], "submit_time": 1716760818.630166, "received_time": 1716760824.1030574, "execution": {"hostname": "escience-taps", "execution_start_time": 1716760821.2620099, "execution_end_time": 1716760821.2758873, "task_start_time": 1716760821.2620273, "task_end_time": 1716760821.2758756, "input_transform_start_time": 1716760821.2620192, "input_transform_end_time": 1716760821.2620273, "result_transform_start_time": 1716760821.2758756, "result_transform_end_time": 1716760821.275887}}
{"task_id": "a5738f1c-31fd-4ba4-ae4e-d909498f34b6", "function_name": "noop_task", "parent_task_ids": [], "submit_time": 1716760824.1397383, "received_time": 1716760830.1322653, "execution": {"hostname": "escience-taps", "execution_start_time": 1716760827.3392339, "execution_end_time": 1716760827.3530548, "task_start_time": 1716760827.33925, "task_end_time": 1716760827.353041, "input_transform_start_time": 1716760827.3392417, "input_transform_end_time": 1716760827.33925, "result_transform_start_time": 1716760827.3530412, "result_transform_end_time": 1716760827.3530545}}
{"task_id": "242d0027-b442-4ddb-a5b8-cc309d0c0f35", "function_name": "noop_task", "parent_task_ids": [], "submit_time": 1716760830.1693752, "received_time": 1716760835.1589055, "execution": {"hostname": "escience-taps", "execution_start_time": 1716760832.5935094, "execution_end_time": 1716760832.607331, "task_start_time": 1716760832.5935285, "task_end_time": 1716760832.6073205, "input_transform_start_time": 1716760832.5935202, "input_transform_end_time": 1716760832.5935285, "result_transform_start_time": 1716760832.6073208, "result_transform_end_time": 1716760832.6073308}}
{"task_id": "52347703-95d5-4be0-bad7-cec09d524a6d", "function_name": "noop_task", "parent_task_ids": [], "submit_time": 1716760835.1956215, "received_time": 1716760840.1946507, "execution": {"hostname": "escience-taps", "execution_start_time": 1716760837.9027135, "execution_end_time": 1716760837.916485, "task_start_time": 1716760837.9027295, "task_end_time": 1716760837.9164748, "input_transform_start_time": 1716760837.9027226, "input_transform_end_time": 1716760837.9027295, "result_transform_start_time": 1716760837.916475, "result_transform_end_time": 1716760837.9164848}}
{"task_id": "99b68974-9dc0-462d-8e9a-8d9dddce622b", "function_name": "noop_task", "parent_task_ids": [], "submit_time": 1716760840.2314785, "received_time": 1716760844.7146578, "execution": {"hostname": "escience-taps", "execution_start_time": 1716760842.6219354, "execution_end_time": 1716760842.635713, "task_start_time": 1716760842.6219556, "task_end_time": 1716760842.6357036, "input_transform_start_time": 1716760842.6219459, "input_transform_end_time": 1716760842.6219554, "result_transform_start_time": 1716760842.6357038, "result_transform_end_time": 1716760842.635713}}
{"task_id": "e3cf30e5-4eb9-4049-8b3d-86c9ff095bd6", "function_name": "noop_task", "parent_task_ids": [], "submit_time": 1716760844.7510974, "received_time": 1716760850.2400959, "execution": {"hostname": "escience-taps", "execution_start_time": 1716760847.6254268, "execution_end_time": 1716760847.63921, "task_start_time": 1716760847.6254418, "task_end_time": 1716760847.639202, "input_transform_start_time": 1716760847.6254344, "input_transform_end_time": 1716760847.6254418, "result_transform_start_time": 1716760847.639202, "result_transform_end_time": 1716760847.63921}}
{"task_id": "bf61d0a3-2b4a-4ccd-b5e4-802aef5cedbd", "function_name": "noop_task", "parent_task_ids": [], "submit_time": 1716760850.2770166, "received_time": 1716760856.2620876, "execution": {"hostname": "escience-taps", "execution_start_time": 1716760853.610031, "execution_end_time": 1716760853.6238177, "task_start_time": 1716760853.6100488, "task_end_time": 1716760853.6238065, "input_transform_start_time": 1716760853.6100404, "input_transform_end_time": 1716760853.6100485, "result_transform_start_time": 1716760853.6238065, "result_transform_end_time": 1716760853.6238174}}
{"task_id": "e1a2f5b4-9055-4070-8b52-f1538f8baaa0", "function_name": "noop_task", "parent_task_ids": [], "submit_time": 1716760856.299001, "received_time": 1716760862.2890186, "execution": {"hostname": "escience-taps", "execution_start_time": 1716760859.3653226, "execution_end_time": 1716760859.3790927, "task_start_time": 1716760859.3653398, "task_end_time": 1716760859.3790808, "input_transform_start_time": 1716760859.3653314, "input_transform_end_time": 1716760859.3653393, "result_transform_start_time": 1716760859.379081, "result_transform_end_time": 1716760859.3790927}}
{"task_id": "79e0b6e9-d8ba-447c-a952-6ff158202ec2", "function_name": "noop_task", "parent_task_ids": [], "submit_time": 1716760862.3259008, "received_time": 1716760867.3162591, "execution": {"hostname": "escience-taps", "execution_start_time": 1716760864.7253053, "execution_end_time": 1716760864.7390978, "task_start_time": 1716760864.7253258, "task_end_time": 1716760864.7390883, "input_transform_start_time": 1716760864.725316, "input_transform_end_time": 1716760864.7253256, "result_transform_start_time": 1716760864.7390885, "result_transform_end_time": 1716760864.7390978}}
