{"task_id": "059e28d3-29d2-4ab7-9017-be7329ee3021", "function_name": "id", "parent_task_ids": [], "submit_time": 1716758738.4015105, "received_time": 1716758740.0261707, "execution": {"hostname": "escience-taps", "execution_start_time": 1716758740.0238085, "execution_end_time": 1716758740.023825, "task_start_time": 1716758740.023819, "task_end_time": 1716758740.0238194, "input_transform_start_time": 1716758740.0238113, "input_transform_end_time": 1716758740.023819, "result_transform_start_time": 1716758740.0238197, "result_transform_end_time": 1716758740.023825}}
{"task_id": "3cf7b795-030f-4523-84a0-cc85253d6023", "function_name": "noop_task", "parent_task_ids": [], "submit_time": 1716758740.026636, "received_time": 1716758740.0416389, "execution": {"hostname": "escience-taps", "execution_start_time": 1716758740.0399642, "execution_end_time": 1716758740.0403583, "task_start_time": 1716758740.0399828, "task_end_time": 1716758740.0401917, "input_transform_start_time": 1716758740.0399754, "input_transform_end_time": 1716758740.0399828, "result_transform_start_time": 1716758740.040192, "result_transform_end_time": 1716758740.0403583}}
{"task_id": "89efc65e-a624-4790-87c5-35055be0fc43", "function_name": "noop_task", "parent_task_ids": [], "submit_time": 1716758740.04207, "received_time": 1716758740.0538635, "execution": {"hostname": "escience-taps", "execution_start_time": 1716758740.052363, "execution_end_time": 1716758740.0528111, "task_start_time": 1716758740.0523846, "task_end_time": 1716758740.0526016, "input_transform_start_time": 1716758740.052376, "input_transform_end_time": 1716758740.0523841, "result_transform_start_time": 1716758740.0526018, "result_transform_end_time": 1716758740.052811}}
{"task_id": "657925c9-b438-4f33-87a3-3e30ea1ed44f", "function_name": "noop_task", "parent_task_ids": [], "submit_time": 1716758740.0541413, "received_time": 1716758740.0657716, "execution": {"hostname": "escience-taps", "execution_start_time": 1716758740.0645673, "execution_end_time": 1716758740.0649931, "task_start_time": 1716758740.0645907, "task_end_time": 1716758740.0648255, "input_transform_start_time": 1716758740.0645792, "input_transform_end_time": 1716758740.0645905, "result_transform_start_time": 1716758740.064826, "result_transform_end_time": 1716758740.0649931}}
{"task_id": "9983751e-704f-446e-95cd-f021c1c25857", "function_name": "noop_task", "parent_task_ids": [], "submit_time": 1716758740.066018, "received_time": 1716758740.0778403, "execution": {"hostname": "escience-taps", "execution_start_time": 1716758740.0766246, "execution_end_time": 1716758740.0770686, "task_start_time": 1716758740.0766425, "task_end_time": 1716758740.0768673, "input_transform_start_time": 1716758740.0766351, "input_transform_end_time": 1716758740.0766423, "result_transform_start_time": 1716758740.0768676, "result_transform_end_time": 1716758740.0770683}}
{"task_id": "c1c0062e-4554-4a5f-874e-1111c2400a9a", "function_name": "noop_task", "parent_task_ids": [], "submit_time": 1716758740.0780978, "received_time": 1716758740.0896683, "execution": {"hostname": "escience-taps", "execution_start_time": 1716758740.0885806, "execution_end_time": 1716758740.0888953, "task_start_time": 1716758740.0885937, "task_end_time": 1716758740.08875, "input_transform_start_time": 1716758740.088588, "input_transform_end_time": 1716758740.0885935, "result_transform_start_time": 1716758740.08875, "result_transform_end_time": 1716758740.0888953}}
{"task_id": "aac87610-4e30-481b-b2b7-d42ccd1e8d83", "function_name": "noop_task", "parent_task_ids": [], "submit_time": 1716758740.0899513, "received_time": 1716758740.1015766, "execution": {"hostname": "escience-taps", "execution_start_time": 1716758740.1004212, "execution_end_time": 1716758740.1007843, "task_start_time": 1716758740.100436, "task_end_time": 1716758740.1006272, "input_transform_start_time": 1716758740.1004298, "input_transform_end_time": 1716758740.100436, "result_transform_start_time": 1716758740.1006274, "result_transform_end_time": 1716758740.100784}}
{"task_id": "063214a5-b664-4637-bcc9-bb4e2172590e", "function_name": "noop_task", "parent_task_ids": [], "submit_time": 1716758740.1018484, "received_time": 1716758740.1137486, "execution": {"hostname": "escience-taps", "execution_start_time": 1716758740.1123269, "execution_end_time": 1716758740.1126895, "task_start_time": 1716758740.112343, "task_end_time": 1716758740.112534, "input_transform_start_time": 1716758740.1123357, "input_transform_end_time": 1716758740.1123428, "result_transform_start_time": 1716758740.1125343, "result_transform_end_time": 1716758740.1126893}}
{"task_id": "428f3ca3-d938-463b-b59b-1a46fb779071", "function_name": "noop_task", "parent_task_ids": [], "submit_time": 1716758740.1141257, "received_time": 1716758740.125579, "execution": {"hostname": "escience-taps", "execution_start_time": 1716758740.1243193, "execution_end_time": 1716758740.1246424, "task_start_time": 1716758740.124334, "task_end_time": 1716758740.1245103, "input_transform_start_time": 1716758740.1243286, "input_transform_end_time": 1716758740.124334, "result_transform_start_time": 1716758740.1245105, "result_transform_end_time": 1716758740.1246424}}
{"task_id": "3ca25b1d-cda7-4abf-870f-456e44f290fd", "function_name": "noop_task", "parent_task_ids": [], "submit_time": 1716758740.1260347, "received_time": 1716758740.1373148, "execution": {"hostname": "escience-taps", "execution_start_time": 1716758740.1361237, "execution_end_time": 1716758740.136478, "task_start_time": 1716758740.1361375, "task_end_time": 1716758740.136325, "input_transform_start_time": 1716758740.1361318, "input_transform_end_time": 1716758740.1361375, "result_transform_start_time": 1716758740.1363251, "result_transform_end_time": 1716758740.1364777}}
{"task_id": "63e6db48-e8ca-482a-85cc-2e712bd785f6", "function_name": "noop_task", "parent_task_ids": [], "submit_time": 1716758740.1375837, "received_time": 1716758740.1494892, "execution": {"hostname": "escience-taps", "execution_start_time": 1716758740.1480124, "execution_end_time": 1716758740.1485405, "task_start_time": 1716758740.1480281, "task_end_time": 1716758740.1482263, "input_transform_start_time": 1716758740.148022, "input_transform_end_time": 1716758740.1480281, "result_transform_start_time": 1716758740.1482265, "result_transform_end_time": 1716758740.1485403}}
