{"task_id": "9db21477-b868-4190-9065-37c2b9434eea", "function_name": "id", "parent_task_ids": [], "submit_time": 1716758708.9945402, "received_time": 1716758710.6169808, "execution": {"hostname": "escience-taps", "execution_start_time": 1716758710.6145422, "execution_end_time": 1716758710.6145573, "task_start_time": 1716758710.6145513, "task_end_time": 1716758710.6145518, "input_transform_start_time": 1716758710.6145449, "input_transform_end_time": 1716758710.6145513, "result_transform_start_time": 1716758710.614552, "result_transform_end_time": 1716758710.6145573}}
{"task_id": "0ca4dbd9-79f7-4e05-8386-5d4006f7dc31", "function_name": "noop_task", "parent_task_ids": [], "submit_time": 1716758710.6439872, "received_time": 1716758710.9215598, "execution": {"hostname": "escience-taps", "execution_start_time": 1716758710.8366983, "execution_end_time": 1716758710.8589046, "task_start_time": 1716758710.836711, "task_end_time": 1716758710.8588922, "input_transform_start_time": 1716758710.8367035, "input_transform_end_time": 1716758710.836711, "result_transform_start_time": 1716758710.8588924, "result_transform_end_time": 1716758710.8589044}}
{"task_id": "06a445e0-da3d-4b38-8229-03766b8b1002", "function_name": "noop_task", "parent_task_ids": [], "submit_time": 1716758710.9419663, "received_time": 1716758711.172061, "execution": {"hostname": "escience-taps", "execution_start_time": 1716758711.1041608, "execution_end_time": 1716758711.1237793, "task_start_time": 1716758711.104182, "task_end_time": 1716758711.1237671, "input_transform_start_time": 1716758711.1041722, "input_transform_end_time": 1716758711.1041818, "result_transform_start_time": 1716758711.1237671, "result_transform_end_time": 1716758711.1237793}}
{"task_id": "722b3bbb-6d8b-4a59-8f15-866e94abd5a8", "function_name": "noop_task", "parent_task_ids": [], "submit_time": 1716758711.1928735, "received_time": 1716758711.3969142, "execution": {"hostname": "escience-taps", "execution_start_time": 1716758711.3275218, "execution_end_time": 1716758711.3505602, "task_start_time": 1716758711.327544, "task_end_time": 1716758711.3505142, "input_transform_start_time": 1716758711.3275335, "input_transform_end_time": 1716758711.3275437, "result_transform_start_time": 1716758711.3505144, "result_transform_end_time": 1716758711.3505602}}
{"task_id": "ee67ddca-25ec-4a60-8069-2dd6c1d656e8", "function_name": "noop_task", "parent_task_ids": [], "submit_time": 1716758711.419636, "received_time": 1716758711.612032, "execution": {"hostname": "escience-taps", "execution_start_time": 1716758711.5522163, "execution_end_time": 1716758711.5755093, "task_start_time": 1716758711.552239, "task_end_time": 1716758711.5754926, "input_transform_start_time": 1716758711.5522308, "input_transform_end_time": 1716758711.5522387, "result_transform_start_time": 1716758711.5754929, "result_transform_end_time": 1716758711.5755093}}
{"task_id": "beca55b4-0b0a-47de-88b4-7ec0058e13f0", "function_name": "noop_task", "parent_task_ids": [], "submit_time": 1716758711.6339254, "received_time": 1716758711.8254068, "execution": {"hostname": "escience-taps", "execution_start_time": 1716758711.76351, "execution_end_time": 1716758711.7863991, "task_start_time": 1716758711.7635286, "task_end_time": 1716758711.7863812, "input_transform_start_time": 1716758711.7635205, "input_transform_end_time": 1716758711.7635283, "result_transform_start_time": 1716758711.7863815, "result_transform_end_time": 1716758711.7863991}}
{"task_id": "f2787c00-d031-443f-b1d0-4622df605809", "function_name": "noop_task", "parent_task_ids": [], "submit_time": 1716758711.848363, "received_time": 1716758712.036831, "execution": {"hostname": "escience-taps", "execution_start_time": 1716758711.9754798, "execution_end_time": 1716758711.995189, "task_start_time": 1716758711.9754984, "task_end_time": 1716758711.995173, "input_transform_start_time": 1716758711.9754903, "input_transform_end_time": 1716758711.9754982, "result_transform_start_time": 1716758711.995173, "result_transform_end_time": 1716758711.9951887}}
{"task_id": "2188edfd-9b12-43dd-b15a-92ff4d993834", "function_name": "noop_task", "parent_task_ids": [], "submit_time": 1716758712.057694, "received_time": 1716758712.2465975, "execution": {"hostname": "escience-taps", "execution_start_time": 1716758712.190495, "execution_end_time": 1716758712.2103457, "task_start_time": 1716758712.1905124, "task_end_time": 1716758712.2103298, "input_transform_start_time": 1716758712.190504, "input_transform_end_time": 1716758712.1905122, "result_transform_start_time": 1716758712.2103298, "result_transform_end_time": 1716758712.2103457}}
{"task_id": "79940d6b-b6dc-47d6-aefa-e5b4690dda7a", "function_name": "noop_task", "parent_task_ids": [], "submit_time": 1716758712.2741435, "received_time": 1716758712.491827, "execution": {"hostname": "escience-taps", "execution_start_time": 1716758712.4162946, "execution_end_time": 1716758712.4392986, "task_start_time": 1716758712.4163115, "task_end_time": 1716758712.4392846, "input_transform_start_time": 1716758712.4163036, "input_transform_end_time": 1716758712.4163115, "result_transform_start_time": 1716758712.4392846, "result_transform_end_time": 1716758712.4392986}}
{"task_id": "3c440650-1843-4459-ad0c-ad40be08542f", "function_name": "noop_task", "parent_task_ids": [], "submit_time": 1716758712.514692, "received_time": 1716758712.7081313, "execution": {"hostname": "escience-taps", "execution_start_time": 1716758712.6479695, "execution_end_time": 1716758712.6675444, "task_start_time": 1716758712.6479893, "task_end_time": 1716758712.6675315, "input_transform_start_time": 1716758712.6479805, "input_transform_end_time": 1716758712.647989, "result_transform_start_time": 1716758712.6675317, "result_transform_end_time": 1716758712.6675441}}
{"task_id": "f6ae9125-a048-46a1-83f4-e6b7fef61b50", "function_name": "noop_task", "parent_task_ids": [], "submit_time": 1716758712.730067, "received_time": 1716758712.9356246, "execution": {"hostname": "escience-taps", "execution_start_time": 1716758712.8754969, "execution_end_time": 1716758712.898362, "task_start_time": 1716758712.8755174, "task_end_time": 1716758712.8983476, "input_transform_start_time": 1716758712.875509, "input_transform_end_time": 1716758712.8755171, "result_transform_start_time": 1716758712.8983479, "result_transform_end_time": 1716758712.8983617}}
