{"task_id": "5679d8e3-4271-44ed-808f-ecbc2c01f8c0", "function_name": "id", "parent_task_ids": [], "submit_time": 1716758057.3677883, "received_time": 1716758058.062809, "execution": {"hostname": "escience-taps", "execution_start_time": 1716758058.0508034, "execution_end_time": 1716758058.0508442, "task_start_time": 1716758058.0508277, "task_end_time": 1716758058.050831, "input_transform_start_time": 1716758058.050814, "input_transform_end_time": 1716758058.0508277, "result_transform_start_time": 1716758058.0508313, "result_transform_end_time": 1716758058.0508437}}
{"task_id": "49b9dedd-ade4-4096-a76b-7334d61a8811", "function_name": "noop_task", "parent_task_ids": [], "submit_time": 1716758058.061619, "received_time": 1716758058.0858629, "execution": {"hostname": "escience-taps", "execution_start_time": 1716758058.0796237, "execution_end_time": 1716758058.0803463, "task_start_time": 1716758058.0796428, "task_end_time": 1716758058.0803382, "input_transform_start_time": 1716758058.0796328, "input_transform_end_time": 1716758058.0796425, "result_transform_start_time": 1716758058.0803382, "result_transform_end_time": 1716758058.080346}}
{"task_id": "99ab6b14-51f4-436d-a908-cf413088ebf1", "function_name": "noop_task", "parent_task_ids": [], "submit_time": 1716758058.0865672, "received_time": 1716758058.1002777, "execution": {"hostname": "escience-taps", "execution_start_time": 1716758058.0936215, "execution_end_time": 1716758058.0943995, "task_start_time": 1716758058.0936546, "task_end_time": 1716758058.0943851, "input_transform_start_time": 1716758058.09364, "input_transform_end_time": 1716758058.0936542, "result_transform_start_time": 1716758058.0943854, "result_transform_end_time": 1716758058.0943992}}
{"task_id": "7c7f4513-95b2-477a-9f7b-1ac9fddd1fd3", "function_name": "noop_task", "parent_task_ids": [], "submit_time": 1716758058.1016119, "received_time": 1716758058.1205244, "execution": {"hostname": "escience-taps", "execution_start_time": 1716758058.11473, "execution_end_time": 1716758058.1152236, "task_start_time": 1716758058.1147454, "task_end_time": 1716758058.1152165, "input_transform_start_time": 1716758058.1147366, "input_transform_end_time": 1716758058.1147451, "result_transform_start_time": 1716758058.1152167, "result_transform_end_time": 1716758058.1152234}}
{"task_id": "e58804a6-a64b-4a3c-a002-42bbc233ee84", "function_name": "noop_task", "parent_task_ids": [], "submit_time": 1716758058.1218264, "received_time": 1716758058.1441426, "execution": {"hostname": "escience-taps", "execution_start_time": 1716758058.1377237, "execution_end_time": 1716758058.1384127, "task_start_time": 1716758058.137751, "task_end_time": 1716758058.1384003, "input_transform_start_time": 1716758058.1377382, "input_transform_end_time": 1716758058.1377509, "result_transform_start_time": 1716758058.1384006, "result_transform_end_time": 1716758058.1384127}}
{"task_id": "5d0a3894-aaad-4f17-8878-a7667ccdae62", "function_name": "noop_task", "parent_task_ids": [], "submit_time": 1716758058.1454747, "received_time": 1716758058.164664, "execution": {"hostname": "escience-taps", "execution_start_time": 1716758058.1583235, "execution_end_time": 1716758058.1590137, "task_start_time": 1716758058.158344, "task_end_time": 1716758058.159005, "input_transform_start_time": 1716758058.1583347, "input_transform_end_time": 1716758058.1583438, "result_transform_start_time": 1716758058.1590054, "result_transform_end_time": 1716758058.1590133}}
{"task_id": "42dd107e-29e1-4473-b4a0-3f674fda93dc", "function_name": "noop_task", "parent_task_ids": [], "submit_time": 1716758058.165685, "received_time": 1716758058.187662, "execution": {"hostname": "escience-taps", "execution_start_time": 1716758058.1815639, "execution_end_time": 1716758058.182142, "task_start_time": 1716758058.1815908, "task_end_time": 1716758058.182129, "input_transform_start_time": 1716758058.1815777, "input_transform_end_time": 1716758058.1815906, "result_transform_start_time": 1716758058.182129, "result_transform_end_time": 1716758058.182142}}
{"task_id": "639bd75d-cf3c-4648-8f5e-22e8b3cb2d5a", "function_name": "noop_task", "parent_task_ids": [], "submit_time": 1716758058.1888096, "received_time": 1716758058.2108529, "execution": {"hostname": "escience-taps", "execution_start_time": 1716758058.2048733, "execution_end_time": 1716758058.2053297, "task_start_time": 1716758058.204886, "task_end_time": 1716758058.2053206, "input_transform_start_time": 1716758058.2048783, "input_transform_end_time": 1716758058.2048857, "result_transform_start_time": 1716758058.205321, "result_transform_end_time": 1716758058.2053294}}
{"task_id": "1267d603-083e-4e88-8821-47e424078ec4", "function_name": "noop_task", "parent_task_ids": [], "submit_time": 1716758058.2122588, "received_time": 1716758058.230555, "execution": {"hostname": "escience-taps", "execution_start_time": 1716758058.22473, "execution_end_time": 1716758058.2251573, "task_start_time": 1716758058.2247465, "task_end_time": 1716758058.2251523, "input_transform_start_time": 1716758058.2247343, "input_transform_end_time": 1716758058.2247465, "result_transform_start_time": 1716758058.2251523, "result_transform_end_time": 1716758058.2251573}}
{"task_id": "078ecae4-9b2d-4f5b-8ac0-e57177ce2e01", "function_name": "noop_task", "parent_task_ids": [], "submit_time": 1716758058.231596, "received_time": 1716758058.2529829, "execution": {"hostname": "escience-taps", "execution_start_time": 1716758058.2472463, "execution_end_time": 1716758058.2477715, "task_start_time": 1716758058.2472556, "task_end_time": 1716758058.2477639, "input_transform_start_time": 1716758058.2472503, "input_transform_end_time": 1716758058.2472553, "result_transform_start_time": 1716758058.2477646, "result_transform_end_time": 1716758058.2477715}}
{"task_id": "8e6f4001-8a01-418c-ad2d-adeee6ccda5f", "function_name": "noop_task", "parent_task_ids": [], "submit_time": 1716758058.2542038, "received_time": 1716758058.2743475, "execution": {"hostname": "escience-taps", "execution_start_time": 1716758058.270189, "execution_end_time": 1716758058.2707937, "task_start_time": 1716758058.2702084, "task_end_time": 1716758058.2707834, "input_transform_start_time": 1716758058.2701979, "input_transform_end_time": 1716758058.2702084, "result_transform_start_time": 1716758058.2707837, "result_transform_end_time": 1716758058.2707934}}
