{"task_id": "2f6078ab-1e07-4492-a887-867b35157446", "function_name": "id", "parent_task_ids": [], "submit_time": 1716761074.0855, "received_time": 1716761076.0338244, "execution": {"hostname": "escience-taps", "execution_start_time": 1716761074.8406587, "execution_end_time": 1716761074.8406923, "task_start_time": 1716761074.8406796, "task_end_time": 1716761074.8406818, "input_transform_start_time": 1716761074.8406696, "input_transform_end_time": 1716761074.8406794, "result_transform_start_time": 1716761074.8406823, "result_transform_end_time": 1716761074.840692}}
{"task_id": "bb0616e2-a147-4e34-ac06-f0b4e4f3a7cd", "function_name": "noop_task", "parent_task_ids": [], "submit_time": 1716761076.0924146, "received_time": 1716761077.5373843, "execution": {"hostname": "escience-taps", "execution_start_time": 1716761076.6080546, "execution_end_time": 1716761076.6711576, "task_start_time": 1716761076.608088, "task_end_time": 1716761076.6637325, "input_transform_start_time": 1716761076.6080744, "input_transform_end_time": 1716761076.6080878, "result_transform_start_time": 1716761076.6637328, "result_transform_end_time": 1716761076.6711574}}
{"task_id": "04d62f0d-8e66-4e73-8325-9165e50dfe2f", "function_name": "noop_task", "parent_task_ids": [], "submit_time": 1716761077.5923874, "received_time": 1716761078.5402029, "execution": {"hostname": "escience-taps", "execution_start_time": 1716761077.7190773, "execution_end_time": 1716761077.7884674, "task_start_time": 1716761077.7191265, "task_end_time": 1716761077.7799826, "input_transform_start_time": 1716761077.7191055, "input_transform_end_time": 1716761077.7191262, "result_transform_start_time": 1716761077.7799828, "result_transform_end_time": 1716761077.7884672}}
{"task_id": "3cff4805-6b91-4e0d-abb8-2de6ca08dfd4", "function_name": "noop_task", "parent_task_ids": [], "submit_time": 1716761078.585081, "received_time": 1716761079.5431209, "execution": {"hostname": "escience-taps", "execution_start_time": 1716761078.6967127, "execution_end_time": 1716761078.7604978, "task_start_time": 1716761078.696792, "task_end_time": 1716761078.753646, "input_transform_start_time": 1716761078.6967769, "input_transform_end_time": 1716761078.6967916, "result_transform_start_time": 1716761078.753646, "result_transform_end_time": 1716761078.7604978}}
{"task_id": "04980772-d1c5-4f88-866f-48de696e9a38", "function_name": "noop_task", "parent_task_ids": [], "submit_time": 1716761079.586997, "received_time": 1716761080.5459642, "execution": {"hostname": "escience-taps", "execution_start_time": 1716761079.6965625, "execution_end_time": 1716761079.7621026, "task_start_time": 1716761079.6965923, "task_end_time": 1716761079.754952, "input_transform_start_time": 1716761079.6965787, "input_transform_end_time": 1716761079.696592, "result_transform_start_time": 1716761079.7549527, "result_transform_end_time": 1716761079.7621026}}
{"task_id": "dd199aa0-c49f-4c71-a645-34a6148cba91", "function_name": "noop_task", "parent_task_ids": [], "submit_time": 1716761080.572245, "received_time": 1716761081.548902, "execution": {"hostname": "escience-taps", "execution_start_time": 1716761080.6886196, "execution_end_time": 1716761080.7533896, "task_start_time": 1716761080.6886532, "task_end_time": 1716761080.7464843, "input_transform_start_time": 1716761080.6886418, "input_transform_end_time": 1716761080.688653, "result_transform_start_time": 1716761080.7464843, "result_transform_end_time": 1716761080.7533896}}
{"task_id": "192cbf1b-d606-4721-8dc9-62db73536458", "function_name": "noop_task", "parent_task_ids": [], "submit_time": 1716761081.5747674, "received_time": 1716761082.5513136, "execution": {"hostname": "escience-taps", "execution_start_time": 1716761081.6889927, "execution_end_time": 1716761081.753855, "task_start_time": 1716761081.689019, "task_end_time": 1716761081.7470238, "input_transform_start_time": 1716761081.6890082, "input_transform_end_time": 1716761081.6890187, "result_transform_start_time": 1716761081.747024, "result_transform_end_time": 1716761081.7538548}}
{"task_id": "9eda70dd-b8e6-4743-8d6e-ff812c65dd42", "function_name": "noop_task", "parent_task_ids": [], "submit_time": 1716761082.5773706, "received_time": 1716761083.5531602, "execution": {"hostname": "escience-taps", "execution_start_time": 1716761082.6894608, "execution_end_time": 1716761082.7524204, "task_start_time": 1716761082.6894896, "task_end_time": 1716761082.7454038, "input_transform_start_time": 1716761082.6894782, "input_transform_end_time": 1716761082.6894894, "result_transform_start_time": 1716761082.745404, "result_transform_end_time": 1716761082.7524204}}
{"task_id": "a1eaa207-0611-411f-96a5-00244e355b93", "function_name": "noop_task", "parent_task_ids": [], "submit_time": 1716761083.5791786, "received_time": 1716761084.5559337, "execution": {"hostname": "escience-taps", "execution_start_time": 1716761083.6983507, "execution_end_time": 1716761083.7622447, "task_start_time": 1716761083.6984181, "task_end_time": 1716761083.755342, "input_transform_start_time": 1716761083.6983957, "input_transform_end_time": 1716761083.6984177, "result_transform_start_time": 1716761083.755342, "result_transform_end_time": 1716761083.7622445}}
{"task_id": "efb7404f-b5fc-454a-b790-7ae22dbc89e7", "function_name": "noop_task", "parent_task_ids": [], "submit_time": 1716761084.5820458, "received_time": 1716761085.5580983, "execution": {"hostname": "escience-taps", "execution_start_time": 1716761084.6972845, "execution_end_time": 1716761084.761959, "task_start_time": 1716761084.6973226, "task_end_time": 1716761084.7550933, "input_transform_start_time": 1716761084.6973083, "input_transform_end_time": 1716761084.6973221, "result_transform_start_time": 1716761084.7550936, "result_transform_end_time": 1716761084.7619588}}
{"task_id": "a28a6ce8-4f9d-492c-be6c-e8d21d417fbe", "function_name": "noop_task", "parent_task_ids": [], "submit_time": 1716761085.5837867, "received_time": 1716761086.560477, "execution": {"hostname": "escience-taps", "execution_start_time": 1716761085.6972966, "execution_end_time": 1716761085.7608807, "task_start_time": 1716761085.6973312, "task_end_time": 1716761085.7540739, "input_transform_start_time": 1716761085.6973171, "input_transform_end_time": 1716761085.697331, "result_transform_start_time": 1716761085.7540739, "result_transform_end_time": 1716761085.7608805}}
