{"task_id": "6572f3fe-9e1b-4cb4-8576-dd4a7d9b020c", "function_name": "id", "parent_task_ids": [], "submit_time": 1716758083.568008, "received_time": 1716758084.4106774, "execution": {"hostname": "escience-taps", "execution_start_time": 1716758084.2405183, "execution_end_time": 1716758084.240558, "task_start_time": 1716758084.240542, "task_end_time": 1716758084.2405443, "input_transform_start_time": 1716758084.2405283, "input_transform_end_time": 1716758084.2405417, "result_transform_start_time": 1716758084.2405448, "result_transform_end_time": 1716758084.2405577}}
{"task_id": "6f047d1a-8aa0-46e1-9cf8-7411321228a1", "function_name": "noop_task", "parent_task_ids": [], "submit_time": 1716758084.2821965, "received_time": 1716758084.5953684, "execution": {"hostname": "escience-taps", "execution_start_time": 1716758084.528865, "execution_end_time": 1716758084.5580022, "task_start_time": 1716758084.5289, "task_end_time": 1716758084.5579872, "input_transform_start_time": 1716758084.5288825, "input_transform_end_time": 1716758084.5288994, "result_transform_start_time": 1716758084.5579877, "result_transform_end_time": 1716758084.558002}}
{"task_id": "311532d2-e787-4259-802d-fffd9aa9c79f", "function_name": "noop_task", "parent_task_ids": [], "submit_time": 1716758084.6206422, "received_time": 1716758084.9161165, "execution": {"hostname": "escience-taps", "execution_start_time": 1716758084.8195639, "execution_end_time": 1716758084.8821642, "task_start_time": 1716758084.8195899, "task_end_time": 1716758084.882147, "input_transform_start_time": 1716758084.8195765, "input_transform_end_time": 1716758084.8195894, "result_transform_start_time": 1716758084.8821473, "result_transform_end_time": 1716758084.882164}}
{"task_id": "cc65ddd4-7968-4913-a747-4a08ea3d320c", "function_name": "noop_task", "parent_task_ids": [], "submit_time": 1716758084.9598694, "received_time": 1716758085.2149594, "execution": {"hostname": "escience-taps", "execution_start_time": 1716758085.1526935, "execution_end_time": 1716758085.1818082, "task_start_time": 1716758085.15272, "task_end_time": 1716758085.1817987, "input_transform_start_time": 1716758085.1527052, "input_transform_end_time": 1716758085.1527193, "result_transform_start_time": 1716758085.181799, "result_transform_end_time": 1716758085.1818082}}
{"task_id": "a5abe982-8b44-4ecc-b108-1230850205d5", "function_name": "noop_task", "parent_task_ids": [], "submit_time": 1716758085.2567554, "received_time": 1716758085.5408409, "execution": {"hostname": "escience-taps", "execution_start_time": 1716758085.449045, "execution_end_time": 1716758085.5076199, "task_start_time": 1716758085.4490657, "task_end_time": 1716758085.5076046, "input_transform_start_time": 1716758085.449054, "input_transform_end_time": 1716758085.4490654, "result_transform_start_time": 1716758085.5076048, "result_transform_end_time": 1716758085.5076196}}
{"task_id": "e15c5d39-6402-4030-8dba-9c52673fbde2", "function_name": "noop_task", "parent_task_ids": [], "submit_time": 1716758085.5834932, "received_time": 1716758085.875595, "execution": {"hostname": "escience-taps", "execution_start_time": 1716758085.783674, "execution_end_time": 1716758085.8434231, "task_start_time": 1716758085.7836952, "task_end_time": 1716758085.8434024, "input_transform_start_time": 1716758085.7836833, "input_transform_end_time": 1716758085.7836945, "result_transform_start_time": 1716758085.8434033, "result_transform_end_time": 1716758085.8434227}}
{"task_id": "ab09262c-4189-42a5-baa9-016c7e0140a9", "function_name": "noop_task", "parent_task_ids": [], "submit_time": 1716758085.920441, "received_time": 1716758086.181983, "execution": {"hostname": "escience-taps", "execution_start_time": 1716758086.118629, "execution_end_time": 1716758086.1493163, "task_start_time": 1716758086.1186528, "task_end_time": 1716758086.1493015, "input_transform_start_time": 1716758086.1186397, "input_transform_end_time": 1716758086.1186526, "result_transform_start_time": 1716758086.149302, "result_transform_end_time": 1716758086.1493163}}
{"task_id": "b3ce84a2-d098-4c20-a86e-e69684867d95", "function_name": "noop_task", "parent_task_ids": [], "submit_time": 1716758086.2218668, "received_time": 1716758086.482304, "execution": {"hostname": "escience-taps", "execution_start_time": 1716758086.4184227, "execution_end_time": 1716758086.4498696, "task_start_time": 1716758086.4184403, "task_end_time": 1716758086.449858, "input_transform_start_time": 1716758086.4184296, "input_transform_end_time": 1716758086.4184399, "result_transform_start_time": 1716758086.449858, "result_transform_end_time": 1716758086.4498694}}
{"task_id": "34c02d33-2469-4d3f-a36c-be3f57f703ba", "function_name": "noop_task", "parent_task_ids": [], "submit_time": 1716758086.5275047, "received_time": 1716758086.7880738, "execution": {"hostname": "escience-taps", "execution_start_time": 1716758086.7256422, "execution_end_time": 1716758086.7553864, "task_start_time": 1716758086.725661, "task_end_time": 1716758086.7553782, "input_transform_start_time": 1716758086.7256534, "input_transform_end_time": 1716758086.7256606, "result_transform_start_time": 1716758086.7553785, "result_transform_end_time": 1716758086.7553864}}
{"task_id": "b239c97b-8d45-47fa-9b63-83b60133f8f8", "function_name": "noop_task", "parent_task_ids": [], "submit_time": 1716758086.8297112, "received_time": 1716758087.094513, "execution": {"hostname": "escience-taps", "execution_start_time": 1716758087.0280995, "execution_end_time": 1716758087.0577273, "task_start_time": 1716758087.0281167, "task_end_time": 1716758087.0577178, "input_transform_start_time": 1716758087.0281074, "input_transform_end_time": 1716758087.0281162, "result_transform_start_time": 1716758087.0577178, "result_transform_end_time": 1716758087.0577269}}
{"task_id": "601bdeb2-e02b-4a6e-90bf-97538f70906a", "function_name": "noop_task", "parent_task_ids": [], "submit_time": 1716758087.1378434, "received_time": 1716758087.3941453, "execution": {"hostname": "escience-taps", "execution_start_time": 1716758087.330947, "execution_end_time": 1716758087.3604052, "task_start_time": 1716758087.3309631, "task_end_time": 1716758087.3603976, "input_transform_start_time": 1716758087.3309548, "input_transform_end_time": 1716758087.3309627, "result_transform_start_time": 1716758087.3603976, "result_transform_end_time": 1716758087.360405}}
