{"task_id": "43d14e1a-4851-4773-8663-733add2e7f89", "function_name": "id", "parent_task_ids": [], "submit_time": 1716758152.0185843, "received_time": 1716758152.704323, "execution": {"hostname": "escience-taps", "execution_start_time": 1716758152.6940227, "execution_end_time": 1716758152.6940448, "task_start_time": 1716758152.6940365, "task_end_time": 1716758152.6940372, "input_transform_start_time": 1716758152.6940277, "input_transform_end_time": 1716758152.6940362, "result_transform_start_time": 1716758152.6940374, "result_transform_end_time": 1716758152.6940448}}
{"task_id": "ca3ea042-8f39-4226-be2e-d7b62a98c5d9", "function_name": "noop_task", "parent_task_ids": [], "submit_time": 1716758152.7074933, "received_time": 1716758152.7447844, "execution": {"hostname": "escience-taps", "execution_start_time": 1716758152.7295208, "execution_end_time": 1716758152.7392137, "task_start_time": 1716758152.7295513, "task_end_time": 1716758152.7369761, "input_transform_start_time": 1716758152.729539, "input_transform_end_time": 1716758152.7295508, "result_transform_start_time": 1716758152.7369764, "result_transform_end_time": 1716758152.7392135}}
{"task_id": "cd64b9a6-eb1a-4e3a-b36b-214ccbed203c", "function_name": "noop_task", "parent_task_ids": [], "submit_time": 1716758152.7505958, "received_time": 1716758152.796777, "execution": {"hostname": "escience-taps", "execution_start_time": 1716758152.7840245, "execution_end_time": 1716758152.790235, "task_start_time": 1716758152.7840786, "task_end_time": 1716758152.7888546, "input_transform_start_time": 1716758152.784056, "input_transform_end_time": 1716758152.7840784, "result_transform_start_time": 1716758152.7888546, "result_transform_end_time": 1716758152.7902348}}
{"task_id": "728ad59c-9559-4d1c-8b60-fa4fae0d56ab", "function_name": "noop_task", "parent_task_ids": [], "submit_time": 1716758152.8021972, "received_time": 1716758152.857448, "execution": {"hostname": "escience-taps", "execution_start_time": 1716758152.8397717, "execution_end_time": 1716758152.8503394, "task_start_time": 1716758152.839803, "task_end_time": 1716758152.8480484, "input_transform_start_time": 1716758152.839789, "input_transform_end_time": 1716758152.8398027, "result_transform_start_time": 1716758152.8480487, "result_transform_end_time": 1716758152.8503392}}
{"task_id": "46f2c493-d546-481d-8586-2e36726cc131", "function_name": "noop_task", "parent_task_ids": [], "submit_time": 1716758152.862578, "received_time": 1716758152.9051664, "execution": {"hostname": "escience-taps", "execution_start_time": 1716758152.8927894, "execution_end_time": 1716758152.8987136, "task_start_time": 1716758152.8928373, "task_end_time": 1716758152.8973813, "input_transform_start_time": 1716758152.8928194, "input_transform_end_time": 1716758152.892837, "result_transform_start_time": 1716758152.8973815, "result_transform_end_time": 1716758152.8987136}}
{"task_id": "4ca5d84d-e4ca-4d2b-baee-221d21d12bed", "function_name": "noop_task", "parent_task_ids": [], "submit_time": 1716758152.9099054, "received_time": 1716758152.952373, "execution": {"hostname": "escience-taps", "execution_start_time": 1716758152.9357784, "execution_end_time": 1716758152.9461899, "task_start_time": 1716758152.935804, "task_end_time": 1716758152.9439204, "input_transform_start_time": 1716758152.935791, "input_transform_end_time": 1716758152.9358037, "result_transform_start_time": 1716758152.9439206, "result_transform_end_time": 1716758152.9461896}}
{"task_id": "14215878-948d-49fe-9fe5-78c9fc9bec13", "function_name": "noop_task", "parent_task_ids": [], "submit_time": 1716758152.9555268, "received_time": 1716758152.9934762, "execution": {"hostname": "escience-taps", "execution_start_time": 1716758152.980066, "execution_end_time": 1716758152.9860687, "task_start_time": 1716758152.9801142, "task_end_time": 1716758152.9845376, "input_transform_start_time": 1716758152.9800968, "input_transform_end_time": 1716758152.9801137, "result_transform_start_time": 1716758152.9845378, "result_transform_end_time": 1716758152.9860685}}
{"task_id": "a40833e6-477b-4193-8576-83e8bc6153fc", "function_name": "noop_task", "parent_task_ids": [], "submit_time": 1716758152.9967182, "received_time": 1716758153.03287, "execution": {"hostname": "escience-taps", "execution_start_time": 1716758153.0159278, "execution_end_time": 1716758153.0265093, "task_start_time": 1716758153.015972, "task_end_time": 1716758153.0242147, "input_transform_start_time": 1716758153.0159488, "input_transform_end_time": 1716758153.015962, "result_transform_start_time": 1716758153.0242152, "result_transform_end_time": 1716758153.026509}}
{"task_id": "c8772a0d-62ec-4789-85f2-c879ba424100", "function_name": "noop_task", "parent_task_ids": [], "submit_time": 1716758153.036219, "received_time": 1716758153.0660732, "execution": {"hostname": "escience-taps", "execution_start_time": 1716758153.0547733, "execution_end_time": 1716758153.0603485, "task_start_time": 1716758153.0547974, "task_end_time": 1716758153.0590832, "input_transform_start_time": 1716758153.054786, "input_transform_end_time": 1716758153.0547974, "result_transform_start_time": 1716758153.0590832, "result_transform_end_time": 1716758153.0603485}}
{"task_id": "bc91325f-937b-4836-a28c-b5bcc85d49ad", "function_name": "noop_task", "parent_task_ids": [], "submit_time": 1716758153.0694976, "received_time": 1716758153.105093, "execution": {"hostname": "escience-taps", "execution_start_time": 1716758153.087918, "execution_end_time": 1716758153.0986297, "task_start_time": 1716758153.0879455, "task_end_time": 1716758153.0963645, "input_transform_start_time": 1716758153.0879338, "input_transform_end_time": 1716758153.0879452, "result_transform_start_time": 1716758153.096365, "result_transform_end_time": 1716758153.0986292}}
{"task_id": "6d06b3e0-6e4f-41ef-97e3-d3ded9c565f8", "function_name": "noop_task", "parent_task_ids": [], "submit_time": 1716758153.1083474, "received_time": 1716758153.1406531, "execution": {"hostname": "escience-taps", "execution_start_time": 1716758153.1265786, "execution_end_time": 1716758153.135075, "task_start_time": 1716758153.1266012, "task_end_time": 1716758153.1331599, "input_transform_start_time": 1716758153.1265907, "input_transform_end_time": 1716758153.1266007, "result_transform_start_time": 1716758153.13316, "result_transform_end_time": 1716758153.1350749}}
