{"task_id": "d69d58e8-6900-4108-b504-b55dbd96ac94", "function_name": "id", "parent_task_ids": [], "submit_time": 1716758745.3233247, "received_time": 1716758746.957366, "execution": {"hostname": "escience-taps", "execution_start_time": 1716758746.954937, "execution_end_time": 1716758746.9549525, "task_start_time": 1716758746.9549468, "task_end_time": 1716758746.9549472, "input_transform_start_time": 1716758746.9549398, "input_transform_end_time": 1716758746.9549468, "result_transform_start_time": 1716758746.9549475, "result_transform_end_time": 1716758746.9549525}}
{"task_id": "2c02b629-4e2d-4214-8307-a60f403d8ccf", "function_name": "noop_task", "parent_task_ids": [], "submit_time": 1716758746.9580002, "received_time": 1716758746.9712694, "execution": {"hostname": "escience-taps", "execution_start_time": 1716758746.9697933, "execution_end_time": 1716758746.9701486, "task_start_time": 1716758746.9698088, "task_end_time": 1716758746.9699988, "input_transform_start_time": 1716758746.9698029, "input_transform_end_time": 1716758746.9698088, "result_transform_start_time": 1716758746.969999, "result_transform_end_time": 1716758746.9701483}}
{"task_id": "7db26206-de0b-42c7-b5fc-ad966eda335b", "function_name": "noop_task", "parent_task_ids": [], "submit_time": 1716758746.9718008, "received_time": 1716758746.9831243, "execution": {"hostname": "escience-taps", "execution_start_time": 1716758746.9818597, "execution_end_time": 1716758746.9822512, "task_start_time": 1716758746.9818857, "task_end_time": 1716758746.9821315, "input_transform_start_time": 1716758746.981874, "input_transform_end_time": 1716758746.9818854, "result_transform_start_time": 1716758746.9821315, "result_transform_end_time": 1716758746.982251}}
{"task_id": "bd9dd411-ab13-4029-8bd7-4517cc5d5701", "function_name": "noop_task", "parent_task_ids": [], "submit_time": 1716758746.9835613, "received_time": 1716758746.9951246, "execution": {"hostname": "escience-taps", "execution_start_time": 1716758746.9937315, "execution_end_time": 1716758746.994207, "task_start_time": 1716758746.9937527, "task_end_time": 1716758746.9939706, "input_transform_start_time": 1716758746.993743, "input_transform_end_time": 1716758746.9937527, "result_transform_start_time": 1716758746.9939709, "result_transform_end_time": 1716758746.9942067}}
{"task_id": "45412d78-fa2e-40ee-adf7-6fcf8fbbafa1", "function_name": "noop_task", "parent_task_ids": [], "submit_time": 1716758746.9955592, "received_time": 1716758747.00717, "execution": {"hostname": "escience-taps", "execution_start_time": 1716758747.0058274, "execution_end_time": 1716758747.0063221, "task_start_time": 1716758747.005845, "task_end_time": 1716758747.006083, "input_transform_start_time": 1716758747.0058377, "input_transform_end_time": 1716758747.0058448, "result_transform_start_time": 1716758747.0060833, "result_transform_end_time": 1716758747.006322}}
{"task_id": "288b9274-a315-4779-a65d-5f315ff09e57", "function_name": "noop_task", "parent_task_ids": [], "submit_time": 1716758747.007641, "received_time": 1716758747.0192027, "execution": {"hostname": "escience-taps", "execution_start_time": 1716758747.0179048, "execution_end_time": 1716758747.0183794, "task_start_time": 1716758747.0179229, "task_end_time": 1716758747.0181603, "input_transform_start_time": 1716758747.017914, "input_transform_end_time": 1716758747.0179226, "result_transform_start_time": 1716758747.0181606, "result_transform_end_time": 1716758747.0183792}}
{"task_id": "7ae1c191-0ea2-435b-914d-19d8f25ff92b", "function_name": "noop_task", "parent_task_ids": [], "submit_time": 1716758747.019655, "received_time": 1716758747.0311399, "execution": {"hostname": "escience-taps", "execution_start_time": 1716758747.029942, "execution_end_time": 1716758747.03021, "task_start_time": 1716758747.029952, "task_end_time": 1716758747.0300927, "input_transform_start_time": 1716758747.0299478, "input_transform_end_time": 1716758747.0299518, "result_transform_start_time": 1716758747.0300927, "result_transform_end_time": 1716758747.03021}}
{"task_id": "ae3480fc-29f4-482a-bdde-7c9be55c028b", "function_name": "noop_task", "parent_task_ids": [], "submit_time": 1716758747.031594, "received_time": 1716758747.0432022, "execution": {"hostname": "escience-taps", "execution_start_time": 1716758747.0418186, "execution_end_time": 1716758747.0422637, "task_start_time": 1716758747.041837, "task_end_time": 1716758747.0420449, "input_transform_start_time": 1716758747.0418286, "input_transform_end_time": 1716758747.041837, "result_transform_start_time": 1716758747.042045, "result_transform_end_time": 1716758747.0422633}}
{"task_id": "431ddaf5-aa6f-49db-a4a7-96ad7e0ba197", "function_name": "noop_task", "parent_task_ids": [], "submit_time": 1716758747.0436053, "received_time": 1716758747.0549784, "execution": {"hostname": "escience-taps", "execution_start_time": 1716758747.0538359, "execution_end_time": 1716758747.054109, "task_start_time": 1716758747.053845, "task_end_time": 1716758747.053991, "input_transform_start_time": 1716758747.0538414, "input_transform_end_time": 1716758747.053845, "result_transform_start_time": 1716758747.053991, "result_transform_end_time": 1716758747.054109}}
{"task_id": "770abca6-caf2-48d8-9f3e-709fca2a5e88", "function_name": "noop_task", "parent_task_ids": [], "submit_time": 1716758747.0553782, "received_time": 1716758747.066985, "execution": {"hostname": "escience-taps", "execution_start_time": 1716758747.065689, "execution_end_time": 1716758747.0660913, "task_start_time": 1716758747.0657055, "task_end_time": 1716758747.0659058, "input_transform_start_time": 1716758747.0656986, "input_transform_end_time": 1716758747.0657053, "result_transform_start_time": 1716758747.0659063, "result_transform_end_time": 1716758747.066091}}
{"task_id": "b9c0ec81-f086-4df5-9ca2-7a9c382414e9", "function_name": "noop_task", "parent_task_ids": [], "submit_time": 1716758747.067245, "received_time": 1716758747.0795515, "execution": {"hostname": "escience-taps", "execution_start_time": 1716758747.0776587, "execution_end_time": 1716758747.0786843, "task_start_time": 1716758747.0776775, "task_end_time": 1716758747.0778456, "input_transform_start_time": 1716758747.0776691, "input_transform_end_time": 1716758747.0776775, "result_transform_start_time": 1716758747.0778458, "result_transform_end_time": 1716758747.0786843}}
