{"task_id": "8c55ae82-4141-414c-b141-c7916272f424", "function_name": "id", "parent_task_ids": [], "submit_time": 1716760969.3587697, "received_time": 1716760971.1641264, "execution": {"hostname": "escience-taps", "execution_start_time": 1716760970.0358024, "execution_end_time": 1716760970.0358295, "task_start_time": 1716760970.035819, "task_end_time": 1716760970.0358207, "input_transform_start_time": 1716760970.0358105, "input_transform_end_time": 1716760970.035819, "result_transform_start_time": 1716760970.035821, "result_transform_end_time": 1716760970.0358293}}
{"task_id": "bcac9a26-6b46-4f9a-a043-774b31ccf96c", "function_name": "noop_task", "parent_task_ids": [], "submit_time": 1716760971.1656802, "received_time": 1716760972.6675303, "execution": {"hostname": "escience-taps", "execution_start_time": 1716760971.9777946, "execution_end_time": 1716760971.9784117, "task_start_time": 1716760971.9778059, "task_end_time": 1716760971.9781797, "input_transform_start_time": 1716760971.9778008, "input_transform_end_time": 1716760971.9778059, "result_transform_start_time": 1716760971.9781797, "result_transform_end_time": 1716760971.9784114}}
{"task_id": "d01b47ca-4194-49f1-9768-a35e90663241", "function_name": "noop_task", "parent_task_ids": [], "submit_time": 1716760972.6687014, "received_time": 1716760973.669704, "execution": {"hostname": "escience-taps", "execution_start_time": 1716760973.3919091, "execution_end_time": 1716760973.3925138, "task_start_time": 1716760973.39192, "task_end_time": 1716760973.3922834, "input_transform_start_time": 1716760973.3919153, "input_transform_end_time": 1716760973.39192, "result_transform_start_time": 1716760973.3922834, "result_transform_end_time": 1716760973.3925138}}
{"task_id": "b2223c0d-eb7c-44b8-ba93-9421ad5399be", "function_name": "noop_task", "parent_task_ids": [], "submit_time": 1716760973.6710794, "received_time": 1716760974.6717944, "execution": {"hostname": "escience-taps", "execution_start_time": 1716760974.4054725, "execution_end_time": 1716760974.4061966, "task_start_time": 1716760974.405484, "task_end_time": 1716760974.4058495, "input_transform_start_time": 1716760974.405479, "input_transform_end_time": 1716760974.4054837, "result_transform_start_time": 1716760974.4058497, "result_transform_end_time": 1716760974.4061966}}
{"task_id": "8af491e6-7a0e-4887-b32b-04e69df9aa24", "function_name": "noop_task", "parent_task_ids": [], "submit_time": 1716760974.6731193, "received_time": 1716760975.6744995, "execution": {"hostname": "escience-taps", "execution_start_time": 1716760975.4119284, "execution_end_time": 1716760975.4129498, "task_start_time": 1716760975.4119399, "task_end_time": 1716760975.4123082, "input_transform_start_time": 1716760975.4119346, "input_transform_end_time": 1716760975.4119396, "result_transform_start_time": 1716760975.4123082, "result_transform_end_time": 1716760975.4129496}}
{"task_id": "4fa41a22-a030-4d33-ae50-4d05b70455ea", "function_name": "noop_task", "parent_task_ids": [], "submit_time": 1716760975.6757908, "received_time": 1716760976.6765282, "execution": {"hostname": "escience-taps", "execution_start_time": 1716760976.4053915, "execution_end_time": 1716760976.4064205, "task_start_time": 1716760976.405403, "task_end_time": 1716760976.4057748, "input_transform_start_time": 1716760976.4053977, "input_transform_end_time": 1716760976.4054027, "result_transform_start_time": 1716760976.405775, "result_transform_end_time": 1716760976.4064202}}
{"task_id": "5320642c-4cb1-493a-8e65-284567c95fdd", "function_name": "noop_task", "parent_task_ids": [], "submit_time": 1716760976.6778536, "received_time": 1716760977.6785371, "execution": {"hostname": "escience-taps", "execution_start_time": 1716760977.4036481, "execution_end_time": 1716760977.4042573, "task_start_time": 1716760977.4036593, "task_end_time": 1716760977.4040236, "input_transform_start_time": 1716760977.4036543, "input_transform_end_time": 1716760977.403659, "result_transform_start_time": 1716760977.404024, "result_transform_end_time": 1716760977.404257}}
{"task_id": "bb32ba4b-4569-4fb5-84e8-679a427f5a00", "function_name": "noop_task", "parent_task_ids": [], "submit_time": 1716760977.6798337, "received_time": 1716760978.6803138, "execution": {"hostname": "escience-taps", "execution_start_time": 1716760978.418865, "execution_end_time": 1716760978.4194748, "task_start_time": 1716760978.4188755, "task_end_time": 1716760978.4192395, "input_transform_start_time": 1716760978.4188707, "input_transform_end_time": 1716760978.4188755, "result_transform_start_time": 1716760978.4192398, "result_transform_end_time": 1716760978.4194746}}
{"task_id": "d9b86083-1843-4452-b88c-aeefca72313b", "function_name": "noop_task", "parent_task_ids": [], "submit_time": 1716760978.681637, "received_time": 1716760979.6823153, "execution": {"hostname": "escience-taps", "execution_start_time": 1716760979.4162838, "execution_end_time": 1716760979.416919, "task_start_time": 1716760979.416295, "task_end_time": 1716760979.416667, "input_transform_start_time": 1716760979.4162903, "input_transform_end_time": 1716760979.4162948, "result_transform_start_time": 1716760979.4166672, "result_transform_end_time": 1716760979.416919}}
{"task_id": "995999e6-2a68-4830-b681-c26fc5aa8cbc", "function_name": "noop_task", "parent_task_ids": [], "submit_time": 1716760979.6835902, "received_time": 1716760980.6845102, "execution": {"hostname": "escience-taps", "execution_start_time": 1716760980.4213479, "execution_end_time": 1716760980.421993, "task_start_time": 1716760980.4213588, "task_end_time": 1716760980.4217238, "input_transform_start_time": 1716760980.421354, "input_transform_end_time": 1716760980.4213588, "result_transform_start_time": 1716760980.4217238, "result_transform_end_time": 1716760980.4219928}}
{"task_id": "9afcf020-1c17-4d74-a28d-04a4ccb7362f", "function_name": "noop_task", "parent_task_ids": [], "submit_time": 1716760980.6857593, "received_time": 1716760981.686434, "execution": {"hostname": "escience-taps", "execution_start_time": 1716760981.3456364, "execution_end_time": 1716760981.3462281, "task_start_time": 1716760981.3456473, "task_end_time": 1716760981.3460073, "input_transform_start_time": 1716760981.3456423, "input_transform_end_time": 1716760981.345647, "result_transform_start_time": 1716760981.3460076, "result_transform_end_time": 1716760981.346228}}
