{"task_id": "20e5b47c-6a80-46d2-aa2e-46aebbabae60", "function_name": "id", "parent_task_ids": [], "submit_time": 1716758511.8822126, "received_time": 1716758511.8902397, "execution": {"hostname": "escience-taps", "execution_start_time": 1716758511.8893735, "execution_end_time": 1716758511.8894417, "task_start_time": 1716758511.8894212, "task_end_time": 1716758511.8894224, "input_transform_start_time": 1716758511.8893886, "input_transform_end_time": 1716758511.8894186, "result_transform_start_time": 1716758511.8894224, "result_transform_end_time": 1716758511.8894417}}
{"task_id": "0393bcfb-db2f-41cd-8cf4-1f537b4ea713", "function_name": "noop_task", "parent_task_ids": [], "submit_time": 1716758511.8940687, "received_time": 1716758511.9023886, "execution": {"hostname": "escience-taps", "execution_start_time": 1716758511.896885, "execution_end_time": 1716758511.9021394, "task_start_time": 1716758511.8969145, "task_end_time": 1716758511.9008887, "input_transform_start_time": 1716758511.8969076, "input_transform_end_time": 1716758511.8969142, "result_transform_start_time": 1716758511.9008887, "result_transform_end_time": 1716758511.9021392}}
{"task_id": "b2ef1493-2874-4dc5-80d5-d5ac574926b0", "function_name": "noop_task", "parent_task_ids": [], "submit_time": 1716758511.9055018, "received_time": 1716758511.910754, "execution": {"hostname": "escience-taps", "execution_start_time": 1716758511.9067686, "execution_end_time": 1716758511.910575, "task_start_time": 1716758511.9067802, "task_end_time": 1716758511.9097092, "input_transform_start_time": 1716758511.9067757, "input_transform_end_time": 1716758511.9067802, "result_transform_start_time": 1716758511.9097092, "result_transform_end_time": 1716758511.9105747}}
{"task_id": "a8dd0970-ce66-45ee-bee2-a084201da329", "function_name": "noop_task", "parent_task_ids": [], "submit_time": 1716758511.9141357, "received_time": 1716758511.9193985, "execution": {"hostname": "escience-taps", "execution_start_time": 1716758511.9154823, "execution_end_time": 1716758511.9192262, "task_start_time": 1716758511.9155009, "task_end_time": 1716758511.9182851, "input_transform_start_time": 1716758511.915491, "input_transform_end_time": 1716758511.9155009, "result_transform_start_time": 1716758511.9182854, "result_transform_end_time": 1716758511.9192262}}
{"task_id": "49a0a1be-844b-48a9-8bd7-253f12088bed", "function_name": "noop_task", "parent_task_ids": [], "submit_time": 1716758511.922635, "received_time": 1716758511.9279013, "execution": {"hostname": "escience-taps", "execution_start_time": 1716758511.923845, "execution_end_time": 1716758511.9276748, "task_start_time": 1716758511.923858, "task_end_time": 1716758511.926761, "input_transform_start_time": 1716758511.9238527, "input_transform_end_time": 1716758511.9238577, "result_transform_start_time": 1716758511.9267612, "result_transform_end_time": 1716758511.9276745}}
{"task_id": "f24fb12c-86f2-4bb3-8839-55c8a27cb1db", "function_name": "noop_task", "parent_task_ids": [], "submit_time": 1716758511.9315126, "received_time": 1716758511.9368389, "execution": {"hostname": "escience-taps", "execution_start_time": 1716758511.932819, "execution_end_time": 1716758511.936606, "task_start_time": 1716758511.9328387, "task_end_time": 1716758511.9357798, "input_transform_start_time": 1716758511.932833, "input_transform_end_time": 1716758511.9328387, "result_transform_start_time": 1716758511.9357798, "result_transform_end_time": 1716758511.936606}}
{"task_id": "97ff4443-a6ef-450c-b4f1-6479140a7688", "function_name": "noop_task", "parent_task_ids": [], "submit_time": 1716758511.9402778, "received_time": 1716758511.947273, "execution": {"hostname": "escience-taps", "execution_start_time": 1716758511.943614, "execution_end_time": 1716758511.9470646, "task_start_time": 1716758511.9436264, "task_end_time": 1716758511.9462752, "input_transform_start_time": 1716758511.9436214, "input_transform_end_time": 1716758511.9436262, "result_transform_start_time": 1716758511.9462752, "result_transform_end_time": 1716758511.9470646}}
{"task_id": "870a989e-65e1-403f-a405-8eaa92d08eaf", "function_name": "noop_task", "parent_task_ids": [], "submit_time": 1716758511.9497755, "received_time": 1716758511.955338, "execution": {"hostname": "escience-taps", "execution_start_time": 1716758511.9517584, "execution_end_time": 1716758511.9551513, "task_start_time": 1716758511.9517725, "task_end_time": 1716758511.9543622, "input_transform_start_time": 1716758511.9517663, "input_transform_end_time": 1716758511.9517725, "result_transform_start_time": 1716758511.9543624, "result_transform_end_time": 1716758511.955151}}
{"task_id": "c4b9bc41-aad0-4509-94a6-80fc2cd941c6", "function_name": "noop_task", "parent_task_ids": [], "submit_time": 1716758511.9579933, "received_time": 1716758511.9629998, "execution": {"hostname": "escience-taps", "execution_start_time": 1716758511.9592183, "execution_end_time": 1716758511.9628155, "task_start_time": 1716758511.9592311, "task_end_time": 1716758511.9620247, "input_transform_start_time": 1716758511.9592261, "input_transform_end_time": 1716758511.959231, "result_transform_start_time": 1716758511.962025, "result_transform_end_time": 1716758511.9628155}}
{"task_id": "eb0f6a9e-8fef-48f2-a67b-700d8278fcd7", "function_name": "noop_task", "parent_task_ids": [], "submit_time": 1716758511.9660168, "received_time": 1716758511.971204, "execution": {"hostname": "escience-taps", "execution_start_time": 1716758511.967182, "execution_end_time": 1716758511.9710178, "task_start_time": 1716758511.967194, "task_end_time": 1716758511.9701786, "input_transform_start_time": 1716758511.9671896, "input_transform_end_time": 1716758511.967194, "result_transform_start_time": 1716758511.9701786, "result_transform_end_time": 1716758511.9710178}}
{"task_id": "6abd8ba9-5868-48a7-b0ec-acd09d29ffb6", "function_name": "noop_task", "parent_task_ids": [], "submit_time": 1716758511.9743567, "received_time": 1716758511.9791842, "execution": {"hostname": "escience-taps", "execution_start_time": 1716758511.9755938, "execution_end_time": 1716758511.978993, "task_start_time": 1716758511.9756057, "task_end_time": 1716758511.9781966, "input_transform_start_time": 1716758511.9756012, "input_transform_end_time": 1716758511.9756055, "result_transform_start_time": 1716758511.9781966, "result_transform_end_time": 1716758511.978993}}
