{"task_id": "39864e7f-896e-49ae-990a-e923c0676856", "function_name": "id", "parent_task_ids": [], "submit_time": 1716758090.0462825, "received_time": 1716758090.7241647, "execution": {"hostname": "escience-taps", "execution_start_time": 1716758090.71403, "execution_end_time": 1716758090.7140493, "task_start_time": 1716758090.7140417, "task_end_time": 1716758090.714043, "input_transform_start_time": 1716758090.714035, "input_transform_end_time": 1716758090.7140412, "result_transform_start_time": 1716758090.7140431, "result_transform_end_time": 1716758090.7140493}}
{"task_id": "9f49beb4-2445-4242-928a-ee2424c9017d", "function_name": "noop_task", "parent_task_ids": [], "submit_time": 1716758090.7522101, "received_time": 1716758091.0887318, "execution": {"hostname": "escience-taps", "execution_start_time": 1716758091.001808, "execution_end_time": 1716758091.030721, "task_start_time": 1716758091.0018272, "task_end_time": 1716758091.030705, "input_transform_start_time": 1716758091.001817, "input_transform_end_time": 1716758091.001827, "result_transform_start_time": 1716758091.030705, "result_transform_end_time": 1716758091.030721}}
{"task_id": "b6f4e015-a8c4-461f-9631-c64b1207c654", "function_name": "noop_task", "parent_task_ids": [], "submit_time": 1716758091.0889926, "received_time": 1716758091.3779943, "execution": {"hostname": "escience-taps", "execution_start_time": 1716758091.2837777, "execution_end_time": 1716758091.3422377, "task_start_time": 1716758091.283804, "task_end_time": 1716758091.34222, "input_transform_start_time": 1716758091.283792, "input_transform_end_time": 1716758091.2838037, "result_transform_start_time": 1716758091.34222, "result_transform_end_time": 1716758091.3422375}}
{"task_id": "978a2a15-2c97-42bb-be2e-02a929734df9", "function_name": "noop_task", "parent_task_ids": [], "submit_time": 1716758091.4345803, "received_time": 1716758091.7274573, "execution": {"hostname": "escience-taps", "execution_start_time": 1716758091.6320841, "execution_end_time": 1716758091.694692, "task_start_time": 1716758091.6321075, "task_end_time": 1716758091.694672, "input_transform_start_time": 1716758091.6320934, "input_transform_end_time": 1716758091.6321073, "result_transform_start_time": 1716758091.6946723, "result_transform_end_time": 1716758091.6946917}}
{"task_id": "4e2c98a6-039b-4edf-aa9e-99b2bb5aac43", "function_name": "noop_task", "parent_task_ids": [], "submit_time": 1716758091.7729414, "received_time": 1716758092.0645072, "execution": {"hostname": "escience-taps", "execution_start_time": 1716758091.9644203, "execution_end_time": 1716758092.027261, "task_start_time": 1716758091.9644468, "task_end_time": 1716758092.0272424, "input_transform_start_time": 1716758091.964433, "input_transform_end_time": 1716758091.9644465, "result_transform_start_time": 1716758092.0272427, "result_transform_end_time": 1716758092.027261}}
{"task_id": "bf55b61d-4ae1-40ce-ab2e-4145e454a61b", "function_name": "noop_task", "parent_task_ids": [], "submit_time": 1716758092.109687, "received_time": 1716758092.397549, "execution": {"hostname": "escience-taps", "execution_start_time": 1716758092.304044, "execution_end_time": 1716758092.366066, "task_start_time": 1716758092.3040605, "task_end_time": 1716758092.366051, "input_transform_start_time": 1716758092.3040514, "input_transform_end_time": 1716758092.3040602, "result_transform_start_time": 1716758092.3660517, "result_transform_end_time": 1716758092.3660657}}
{"task_id": "b1bd10ba-be0d-48df-b4e8-bd530dca2b51", "function_name": "noop_task", "parent_task_ids": [], "submit_time": 1716758092.4410279, "received_time": 1716758092.696919, "execution": {"hostname": "escience-taps", "execution_start_time": 1716758092.6338623, "execution_end_time": 1716758092.663282, "task_start_time": 1716758092.633886, "task_end_time": 1716758092.6632679, "input_transform_start_time": 1716758092.6338744, "input_transform_end_time": 1716758092.6338859, "result_transform_start_time": 1716758092.663268, "result_transform_end_time": 1716758092.663282}}
{"task_id": "cdb89004-e8f7-42c3-9c51-db4ba3288a69", "function_name": "noop_task", "parent_task_ids": [], "submit_time": 1716758092.737432, "received_time": 1716758093.0295022, "execution": {"hostname": "escience-taps", "execution_start_time": 1716758092.932255, "execution_end_time": 1716758092.9955888, "task_start_time": 1716758092.9322755, "task_end_time": 1716758092.9955738, "input_transform_start_time": 1716758092.932263, "input_transform_end_time": 1716758092.9322753, "result_transform_start_time": 1716758092.995574, "result_transform_end_time": 1716758092.9955885}}
{"task_id": "2af9e9a4-68c5-4cfe-ae72-0ec3f20f423f", "function_name": "noop_task", "parent_task_ids": [], "submit_time": 1716758093.0745728, "received_time": 1716758093.3537512, "execution": {"hostname": "escience-taps", "execution_start_time": 1716758093.2638884, "execution_end_time": 1716758093.3222637, "task_start_time": 1716758093.2639048, "task_end_time": 1716758093.322247, "input_transform_start_time": 1716758093.263896, "input_transform_end_time": 1716758093.2639046, "result_transform_start_time": 1716758093.3222475, "result_transform_end_time": 1716758093.3222635}}
{"task_id": "3fb23a85-599f-4802-8126-148ec59ff22e", "function_name": "noop_task", "parent_task_ids": [], "submit_time": 1716758093.4012377, "received_time": 1716758093.6739497, "execution": {"hostname": "escience-taps", "execution_start_time": 1716758093.5909076, "execution_end_time": 1716758093.6410246, "task_start_time": 1716758093.5909276, "task_end_time": 1716758093.6410108, "input_transform_start_time": 1716758093.5909162, "input_transform_end_time": 1716758093.5909274, "result_transform_start_time": 1716758093.6410112, "result_transform_end_time": 1716758093.6410244}}
{"task_id": "13a6402c-839c-4388-bbba-d78d34cfb2b3", "function_name": "noop_task", "parent_task_ids": [], "submit_time": 1716758093.718575, "received_time": 1716758094.005327, "execution": {"hostname": "escience-taps", "execution_start_time": 1716758093.913252, "execution_end_time": 1716758093.9729805, "task_start_time": 1716758093.9132683, "task_end_time": 1716758093.972963, "input_transform_start_time": 1716758093.913259, "input_transform_end_time": 1716758093.9132679, "result_transform_start_time": 1716758093.9729636, "result_transform_end_time": 1716758093.97298}}
