{"task_id": "90364fb1-f14f-4e38-9ee6-0219d50295d4", "function_name": "id", "parent_task_ids": [], "submit_time": 1716761221.2510986, "received_time": 1716761222.7678223, "execution": {"hostname": "escience-taps", "execution_start_time": 1716761221.5424578, "execution_end_time": 1716761221.5424876, "task_start_time": 1716761221.5424755, "task_end_time": 1716761221.5424774, "input_transform_start_time": 1716761221.5424662, "input_transform_end_time": 1716761221.5424755, "result_transform_start_time": 1716761221.5424774, "result_transform_end_time": 1716761221.5424874}}
{"task_id": "13f9a75e-17d2-4081-bc15-42b07c4788cd", "function_name": "noop_task", "parent_task_ids": [], "submit_time": 1716761222.7692492, "received_time": 1716761223.7699175, "execution": {"hostname": "escience-taps", "execution_start_time": 1716761223.3128722, "execution_end_time": 1716761223.314799, "task_start_time": 1716761223.312907, "task_end_time": 1716761223.3143969, "input_transform_start_time": 1716761223.312893, "input_transform_end_time": 1716761223.3129065, "result_transform_start_time": 1716761223.3143978, "result_transform_end_time": 1716761223.3147988}}
{"task_id": "082b2fa8-55c9-4c61-8dac-7efb23fa40a2", "function_name": "noop_task", "parent_task_ids": [], "submit_time": 1716761223.7708962, "received_time": 1716761224.7728744, "execution": {"hostname": "escience-taps", "execution_start_time": 1716761223.8737779, "execution_end_time": 1716761223.8749988, "task_start_time": 1716761223.8737974, "task_end_time": 1716761223.874628, "input_transform_start_time": 1716761223.8737898, "input_transform_end_time": 1716761223.8737972, "result_transform_start_time": 1716761223.8746283, "result_transform_end_time": 1716761223.8749986}}
{"task_id": "d23a0e74-64e5-4d64-8286-fb02bb5221c8", "function_name": "noop_task", "parent_task_ids": [], "submit_time": 1716761224.7742913, "received_time": 1716761225.7757275, "execution": {"hostname": "escience-taps", "execution_start_time": 1716761224.8759565, "execution_end_time": 1716761224.877087, "task_start_time": 1716761224.8759787, "task_end_time": 1716761224.8767455, "input_transform_start_time": 1716761224.8759696, "input_transform_end_time": 1716761224.8759785, "result_transform_start_time": 1716761224.8767457, "result_transform_end_time": 1716761224.8770869}}
{"task_id": "cdf8f0d5-6702-40ca-a995-e1140779ead4", "function_name": "noop_task", "parent_task_ids": [], "submit_time": 1716761225.7772193, "received_time": 1716761226.77807, "execution": {"hostname": "escience-taps", "execution_start_time": 1716761225.875047, "execution_end_time": 1716761225.87642, "task_start_time": 1716761225.875071, "task_end_time": 1716761225.8760922, "input_transform_start_time": 1716761225.8750615, "input_transform_end_time": 1716761225.8750708, "result_transform_start_time": 1716761225.8760924, "result_transform_end_time": 1716761225.8764198}}
{"task_id": "e3b295cd-2e6a-40e8-8d17-04dee41df045", "function_name": "noop_task", "parent_task_ids": [], "submit_time": 1716761226.7792666, "received_time": 1716761227.7801085, "execution": {"hostname": "escience-taps", "execution_start_time": 1716761226.891304, "execution_end_time": 1716761226.8934643, "task_start_time": 1716761226.8913226, "task_end_time": 1716761226.893141, "input_transform_start_time": 1716761226.8913157, "input_transform_end_time": 1716761226.8913224, "result_transform_start_time": 1716761226.8931415, "result_transform_end_time": 1716761226.893464}}
{"task_id": "dbee1bdc-710a-48e5-9ee2-e481686ded2c", "function_name": "noop_task", "parent_task_ids": [], "submit_time": 1716761227.781507, "received_time": 1716761228.2812324, "execution": {"hostname": "escience-taps", "execution_start_time": 1716761227.8834443, "execution_end_time": 1716761227.885013, "task_start_time": 1716761227.8834689, "task_end_time": 1716761227.8846064, "input_transform_start_time": 1716761227.8834596, "input_transform_end_time": 1716761227.8834686, "result_transform_start_time": 1716761227.884607, "result_transform_end_time": 1716761227.8850126}}
{"task_id": "d921ee14-10ff-4609-978b-b1e9d55c4314", "function_name": "noop_task", "parent_task_ids": [], "submit_time": 1716761228.282313, "received_time": 1716761229.2835305, "execution": {"hostname": "escience-taps", "execution_start_time": 1716761228.3826587, "execution_end_time": 1716761228.3838189, "task_start_time": 1716761228.3826807, "task_end_time": 1716761228.3834667, "input_transform_start_time": 1716761228.382672, "input_transform_end_time": 1716761228.3826807, "result_transform_start_time": 1716761228.383467, "result_transform_end_time": 1716761228.3838184}}
{"task_id": "731268f3-c88b-4644-aa2f-0fad1ad0697b", "function_name": "noop_task", "parent_task_ids": [], "submit_time": 1716761229.2850394, "received_time": 1716761230.2863784, "execution": {"hostname": "escience-taps", "execution_start_time": 1716761229.390776, "execution_end_time": 1716761229.3919773, "task_start_time": 1716761229.390799, "task_end_time": 1716761229.3916168, "input_transform_start_time": 1716761229.3907912, "input_transform_end_time": 1716761229.3907988, "result_transform_start_time": 1716761229.391617, "result_transform_end_time": 1716761229.391977}}
{"task_id": "8f3a6f4e-6fe0-4a0c-9843-e6dcb126f78e", "function_name": "noop_task", "parent_task_ids": [], "submit_time": 1716761230.2878766, "received_time": 1716761231.2890747, "execution": {"hostname": "escience-taps", "execution_start_time": 1716761230.3915296, "execution_end_time": 1716761230.392775, "task_start_time": 1716761230.3915524, "task_end_time": 1716761230.3923914, "input_transform_start_time": 1716761230.3915448, "input_transform_end_time": 1716761230.3915524, "result_transform_start_time": 1716761230.3923917, "result_transform_end_time": 1716761230.3927748}}
{"task_id": "8a539248-f420-41a1-b8da-05de7a123a19", "function_name": "noop_task", "parent_task_ids": [], "submit_time": 1716761231.2903907, "received_time": 1716761232.2913928, "execution": {"hostname": "escience-taps", "execution_start_time": 1716761231.3914018, "execution_end_time": 1716761231.3925624, "task_start_time": 1716761231.3914247, "task_end_time": 1716761231.3922045, "input_transform_start_time": 1716761231.3914158, "input_transform_end_time": 1716761231.3914244, "result_transform_start_time": 1716761231.3922048, "result_transform_end_time": 1716761231.3925622}}
