{"task_id": "1704e225-bb51-49f2-8695-442534179113", "function_name": "id", "parent_task_ids": [], "submit_time": 1716758741.9690287, "received_time": 1716758743.618756, "execution": {"hostname": "escience-taps", "execution_start_time": 1716758743.6162066, "execution_end_time": 1716758743.616222, "task_start_time": 1716758743.616217, "task_end_time": 1716758743.6162174, "input_transform_start_time": 1716758743.6162095, "input_transform_end_time": 1716758743.616217, "result_transform_start_time": 1716758743.6162176, "result_transform_end_time": 1716758743.616222}}
{"task_id": "4a6429f6-ed29-490e-9b4e-92eddc357640", "function_name": "noop_task", "parent_task_ids": [], "submit_time": 1716758743.6195505, "received_time": 1716758743.6341367, "execution": {"hostname": "escience-taps", "execution_start_time": 1716758743.63268, "execution_end_time": 1716758743.6330771, "task_start_time": 1716758743.6326978, "task_end_time": 1716758743.6329162, "input_transform_start_time": 1716758743.6326904, "input_transform_end_time": 1716758743.6326978, "result_transform_start_time": 1716758743.6329165, "result_transform_end_time": 1716758743.633077}}
{"task_id": "042d8ed5-e41d-470f-82e2-d77bb16b40de", "function_name": "noop_task", "parent_task_ids": [], "submit_time": 1716758743.6344287, "received_time": 1716758743.6463907, "execution": {"hostname": "escience-taps", "execution_start_time": 1716758743.6449943, "execution_end_time": 1716758743.6454167, "task_start_time": 1716758743.6450195, "task_end_time": 1716758743.6452672, "input_transform_start_time": 1716758743.6450088, "input_transform_end_time": 1716758743.6450193, "result_transform_start_time": 1716758743.6452675, "result_transform_end_time": 1716758743.6454165}}
{"task_id": "2fe9b271-165d-4209-a1ea-f546ae708773", "function_name": "noop_task", "parent_task_ids": [], "submit_time": 1716758743.6466892, "received_time": 1716758743.6588085, "execution": {"hostname": "escience-taps", "execution_start_time": 1716758743.6571279, "execution_end_time": 1716758743.657596, "task_start_time": 1716758743.6571515, "task_end_time": 1716758743.6573744, "input_transform_start_time": 1716758743.6571403, "input_transform_end_time": 1716758743.6571515, "result_transform_start_time": 1716758743.6573746, "result_transform_end_time": 1716758743.6575959}}
{"task_id": "4826d919-12a3-4c2f-8f3d-be28744eefcf", "function_name": "noop_task", "parent_task_ids": [], "submit_time": 1716758743.6592689, "received_time": 1716758743.670826, "execution": {"hostname": "escience-taps", "execution_start_time": 1716758743.6694052, "execution_end_time": 1716758743.6697445, "task_start_time": 1716758743.669419, "task_end_time": 1716758743.6695964, "input_transform_start_time": 1716758743.6694129, "input_transform_end_time": 1716758743.669419, "result_transform_start_time": 1716758743.6695967, "result_transform_end_time": 1716758743.669744}}
{"task_id": "0e17e124-e4fb-437c-ae12-59208c5250ab", "function_name": "noop_task", "parent_task_ids": [], "submit_time": 1716758743.6712596, "received_time": 1716758743.6828475, "execution": {"hostname": "escience-taps", "execution_start_time": 1716758743.681439, "execution_end_time": 1716758743.6818163, "task_start_time": 1716758743.6814525, "task_end_time": 1716758743.6816366, "input_transform_start_time": 1716758743.6814466, "input_transform_end_time": 1716758743.6814523, "result_transform_start_time": 1716758743.6816368, "result_transform_end_time": 1716758743.681816}}
{"task_id": "400b0ddb-1ba4-413d-ab07-0228de64e9a0", "function_name": "noop_task", "parent_task_ids": [], "submit_time": 1716758743.6831348, "received_time": 1716758743.6948864, "execution": {"hostname": "escience-taps", "execution_start_time": 1716758743.6935463, "execution_end_time": 1716758743.6938982, "task_start_time": 1716758743.6935616, "task_end_time": 1716758743.6937532, "input_transform_start_time": 1716758743.6935549, "input_transform_end_time": 1716758743.6935613, "result_transform_start_time": 1716758743.6937535, "result_transform_end_time": 1716758743.693898}}
{"task_id": "5810acf5-203c-46d5-951d-dbaef3dad6eb", "function_name": "noop_task", "parent_task_ids": [], "submit_time": 1716758743.6952317, "received_time": 1716758743.7074425, "execution": {"hostname": "escience-taps", "execution_start_time": 1716758743.7055879, "execution_end_time": 1716758743.7059517, "task_start_time": 1716758743.7056026, "task_end_time": 1716758743.7057788, "input_transform_start_time": 1716758743.7055957, "input_transform_end_time": 1716758743.7056026, "result_transform_start_time": 1716758743.7057793, "result_transform_end_time": 1716758743.7059515}}
{"task_id": "80864a06-d86d-4171-aa2f-2ecb2e2a1d66", "function_name": "noop_task", "parent_task_ids": [], "submit_time": 1716758743.7081764, "received_time": 1716758743.7189837, "execution": {"hostname": "escience-taps", "execution_start_time": 1716758743.7175813, "execution_end_time": 1716758743.7179508, "task_start_time": 1716758743.717595, "task_end_time": 1716758743.7177787, "input_transform_start_time": 1716758743.7175896, "input_transform_end_time": 1716758743.717595, "result_transform_start_time": 1716758743.717779, "result_transform_end_time": 1716758743.7179506}}
{"task_id": "de3187cf-fe18-495c-96c8-9af44583f35d", "function_name": "noop_task", "parent_task_ids": [], "submit_time": 1716758743.719451, "received_time": 1716758743.731103, "execution": {"hostname": "escience-taps", "execution_start_time": 1716758743.729559, "execution_end_time": 1716758743.7299573, "task_start_time": 1716758743.7295716, "task_end_time": 1716758743.7297368, "input_transform_start_time": 1716758743.7295666, "input_transform_end_time": 1716758743.7295713, "result_transform_start_time": 1716758743.7297368, "result_transform_end_time": 1716758743.729957}}
{"task_id": "eeedc8f8-c9bc-49a1-85d3-967a6de87e6b", "function_name": "noop_task", "parent_task_ids": [], "submit_time": 1716758743.731544, "received_time": 1716758743.7430148, "execution": {"hostname": "escience-taps", "execution_start_time": 1716758743.7415795, "execution_end_time": 1716758743.74192, "task_start_time": 1716758743.7415915, "task_end_time": 1716758743.7417543, "input_transform_start_time": 1716758743.7415862, "input_transform_end_time": 1716758743.7415915, "result_transform_start_time": 1716758743.7417545, "result_transform_end_time": 1716758743.74192}}
