{"task_id": "188aee89-c7c3-4219-b770-4217529f5240", "function_name": "id", "parent_task_ids": [], "submit_time": 1716760913.778987, "received_time": 1716760915.658886, "execution": {"hostname": "escience-taps", "execution_start_time": 1716760915.080602, "execution_end_time": 1716760915.0806115, "task_start_time": 1716760915.0806077, "task_end_time": 1716760915.0806084, "input_transform_start_time": 1716760915.0806046, "input_transform_end_time": 1716760915.0806077, "result_transform_start_time": 1716760915.0806084, "result_transform_end_time": 1716760915.0806112}}
{"task_id": "363ec6ab-82dc-4050-bf14-37a8b113a65f", "function_name": "noop_task", "parent_task_ids": [], "submit_time": 1716760915.6598535, "received_time": 1716760917.162335, "execution": {"hostname": "escience-taps", "execution_start_time": 1716760916.8038902, "execution_end_time": 1716760916.8042476, "task_start_time": 1716760916.8039014, "task_end_time": 1716760916.8040762, "input_transform_start_time": 1716760916.8038967, "input_transform_end_time": 1716760916.8039014, "result_transform_start_time": 1716760916.8040764, "result_transform_end_time": 1716760916.8042474}}
{"task_id": "bb322974-f9cc-45c3-8754-a4521d7000b5", "function_name": "noop_task", "parent_task_ids": [], "submit_time": 1716760917.1633205, "received_time": 1716760918.6650808, "execution": {"hostname": "escience-taps", "execution_start_time": 1716760917.8686574, "execution_end_time": 1716760917.8690152, "task_start_time": 1716760917.8686683, "task_end_time": 1716760917.8688488, "input_transform_start_time": 1716760917.8686635, "input_transform_end_time": 1716760917.8686683, "result_transform_start_time": 1716760917.868849, "result_transform_end_time": 1716760917.869015}}
{"task_id": "36f0830e-c07b-4b88-a592-64e73a1f0c72", "function_name": "noop_task", "parent_task_ids": [], "submit_time": 1716760918.6658714, "received_time": 1716760920.1684804, "execution": {"hostname": "escience-taps", "execution_start_time": 1716760919.3623972, "execution_end_time": 1716760919.362749, "task_start_time": 1716760919.362409, "task_end_time": 1716760919.3625844, "input_transform_start_time": 1716760919.3624043, "input_transform_end_time": 1716760919.3624089, "result_transform_start_time": 1716760919.3625846, "result_transform_end_time": 1716760919.3627489}}
{"task_id": "076522f7-b200-4618-8df2-a4078cce7e5a", "function_name": "noop_task", "parent_task_ids": [], "submit_time": 1716760920.1693082, "received_time": 1716760921.6712754, "execution": {"hostname": "escience-taps", "execution_start_time": 1716760920.8948889, "execution_end_time": 1716760920.895234, "task_start_time": 1716760920.8948996, "task_end_time": 1716760920.895072, "input_transform_start_time": 1716760920.8948948, "input_transform_end_time": 1716760920.8948996, "result_transform_start_time": 1716760920.895072, "result_transform_end_time": 1716760920.895234}}
{"task_id": "caca258b-47b3-4bcc-baf7-5e89b754c224", "function_name": "noop_task", "parent_task_ids": [], "submit_time": 1716760921.672097, "received_time": 1716760923.1737738, "execution": {"hostname": "escience-taps", "execution_start_time": 1716760922.3765416, "execution_end_time": 1716760922.3768857, "task_start_time": 1716760922.3765535, "task_end_time": 1716760922.3767223, "input_transform_start_time": 1716760922.3765483, "input_transform_end_time": 1716760922.3765533, "result_transform_start_time": 1716760922.3767223, "result_transform_end_time": 1716760922.3768854}}
{"task_id": "4b7788fb-97d8-4f32-be3b-98a3cdf055e3", "function_name": "noop_task", "parent_task_ids": [], "submit_time": 1716760923.1745183, "received_time": 1716760924.6770146, "execution": {"hostname": "escience-taps", "execution_start_time": 1716760923.901314, "execution_end_time": 1716760923.9016633, "task_start_time": 1716760923.9013247, "task_end_time": 1716760923.9015012, "input_transform_start_time": 1716760923.9013202, "input_transform_end_time": 1716760923.9013247, "result_transform_start_time": 1716760923.9015012, "result_transform_end_time": 1716760923.9016633}}
{"task_id": "0ca20f84-8ce3-44be-88b9-8870aec1cc74", "function_name": "noop_task", "parent_task_ids": [], "submit_time": 1716760924.6778672, "received_time": 1716760925.1779244, "execution": {"hostname": "escience-taps", "execution_start_time": 1716760924.777839, "execution_end_time": 1716760924.7783792, "task_start_time": 1716760924.7778764, "task_end_time": 1716760924.7781627, "input_transform_start_time": 1716760924.777862, "input_transform_end_time": 1716760924.7778764, "result_transform_start_time": 1716760924.7781634, "result_transform_end_time": 1716760924.7783787}}
{"task_id": "2a01ab74-b7e3-43dc-861c-7303b932c469", "function_name": "noop_task", "parent_task_ids": [], "submit_time": 1716760925.1786857, "received_time": 1716760925.678933, "execution": {"hostname": "escience-taps", "execution_start_time": 1716760925.2859502, "execution_end_time": 1716760925.2864177, "task_start_time": 1716760925.2859857, "task_end_time": 1716760925.2862551, "input_transform_start_time": 1716760925.2859697, "input_transform_end_time": 1716760925.2859857, "result_transform_start_time": 1716760925.2862554, "result_transform_end_time": 1716760925.286417}}
{"task_id": "6beb8efc-4b6c-4b45-8d9c-482cb8d34197", "function_name": "noop_task", "parent_task_ids": [], "submit_time": 1716760925.6796558, "received_time": 1716760926.1802304, "execution": {"hostname": "escience-taps", "execution_start_time": 1716760925.783155, "execution_end_time": 1716760925.7836354, "task_start_time": 1716760925.7831905, "task_end_time": 1716760925.783461, "input_transform_start_time": 1716760925.7831736, "input_transform_end_time": 1716760925.7831905, "result_transform_start_time": 1716760925.783461, "result_transform_end_time": 1716760925.7836354}}
{"task_id": "dc634b7a-bb86-4d11-b738-2ca0232580b5", "function_name": "noop_task", "parent_task_ids": [], "submit_time": 1716760926.1808994, "received_time": 1716760926.6814106, "execution": {"hostname": "escience-taps", "execution_start_time": 1716760926.2813714, "execution_end_time": 1716760926.281832, "task_start_time": 1716760926.2814069, "task_end_time": 1716760926.2816703, "input_transform_start_time": 1716760926.2813919, "input_transform_end_time": 1716760926.2814066, "result_transform_start_time": 1716760926.2816706, "result_transform_end_time": 1716760926.2818315}}
