{"task_id": "eedac9ab-4311-4ff6-b639-e48e509f58b1", "function_name": "id", "parent_task_ids": [], "submit_time": 1716758773.5847952, "received_time": 1716758775.2144213, "execution": {"hostname": "escience-taps", "execution_start_time": 1716758775.211678, "execution_end_time": 1716758775.211693, "task_start_time": 1716758775.211688, "task_end_time": 1716758775.2116885, "input_transform_start_time": 1716758775.2116804, "input_transform_end_time": 1716758775.211688, "result_transform_start_time": 1716758775.2116888, "result_transform_end_time": 1716758775.2116928}}
{"task_id": "d0a879b8-a08f-42a5-8611-d57e27cfe9d5", "function_name": "noop_task", "parent_task_ids": [], "submit_time": 1716758775.2439048, "received_time": 1716758775.4204102, "execution": {"hostname": "escience-taps", "execution_start_time": 1716758775.3803372, "execution_end_time": 1716758775.418749, "task_start_time": 1716758775.3803546, "task_end_time": 1716758775.4105546, "input_transform_start_time": 1716758775.380348, "input_transform_end_time": 1716758775.3803546, "result_transform_start_time": 1716758775.4105546, "result_transform_end_time": 1716758775.4187489}}
{"task_id": "8c47c0ef-2580-4506-99a8-1c83b33a07bb", "function_name": "noop_task", "parent_task_ids": [], "submit_time": 1716758775.4457498, "received_time": 1716758775.586461, "execution": {"hostname": "escience-taps", "execution_start_time": 1716758775.5529318, "execution_end_time": 1716758775.5850127, "task_start_time": 1716758775.5529757, "task_end_time": 1716758775.5782566, "input_transform_start_time": 1716758775.552954, "input_transform_end_time": 1716758775.5529754, "result_transform_start_time": 1716758775.5782566, "result_transform_end_time": 1716758775.5850124}}
{"task_id": "1cbc19fe-66bf-4446-a37c-24244b8f9f51", "function_name": "noop_task", "parent_task_ids": [], "submit_time": 1716758775.6140003, "received_time": 1716758775.7904408, "execution": {"hostname": "escience-taps", "execution_start_time": 1716758775.739404, "execution_end_time": 1716758775.7890058, "task_start_time": 1716758775.7394485, "task_end_time": 1716758775.7822535, "input_transform_start_time": 1716758775.739426, "input_transform_end_time": 1716758775.7394483, "result_transform_start_time": 1716758775.7822537, "result_transform_end_time": 1716758775.7890055}}
{"task_id": "6aef1105-012b-4ccb-b211-35ba9b0706fc", "function_name": "noop_task", "parent_task_ids": [], "submit_time": 1716758775.8158178, "received_time": 1716758775.974416, "execution": {"hostname": "escience-taps", "execution_start_time": 1716758775.9229956, "execution_end_time": 1716758775.9725358, "task_start_time": 1716758775.92303, "task_end_time": 1716758775.9653006, "input_transform_start_time": 1716758775.923014, "input_transform_end_time": 1716758775.9230297, "result_transform_start_time": 1716758775.965301, "result_transform_end_time": 1716758775.9725358}}
{"task_id": "e9dcdbc9-6fdc-4e51-9563-58f765c3384c", "function_name": "noop_task", "parent_task_ids": [], "submit_time": 1716758775.9965117, "received_time": 1716758776.1565456, "execution": {"hostname": "escience-taps", "execution_start_time": 1716758776.1069415, "execution_end_time": 1716758776.1552029, "task_start_time": 1716758776.1069853, "task_end_time": 1716758776.1479049, "input_transform_start_time": 1716758776.1069682, "input_transform_end_time": 1716758776.1069849, "result_transform_start_time": 1716758776.147905, "result_transform_end_time": 1716758776.1552029}}
{"task_id": "0350b52c-28d5-4d75-b152-877d321f8e8e", "function_name": "noop_task", "parent_task_ids": [], "submit_time": 1716758776.1831195, "received_time": 1716758776.3426166, "execution": {"hostname": "escience-taps", "execution_start_time": 1716758776.2890956, "execution_end_time": 1716758776.3411055, "task_start_time": 1716758776.2891269, "task_end_time": 1716758776.329778, "input_transform_start_time": 1716758776.2891119, "input_transform_end_time": 1716758776.2891266, "result_transform_start_time": 1716758776.3297782, "result_transform_end_time": 1716758776.3411052}}
{"task_id": "0bddbf59-1946-431a-b225-0a63d821411a", "function_name": "noop_task", "parent_task_ids": [], "submit_time": 1716758776.370075, "received_time": 1716758776.5373256, "execution": {"hostname": "escience-taps", "execution_start_time": 1716758776.4751449, "execution_end_time": 1716758776.535699, "task_start_time": 1716758776.4751778, "task_end_time": 1716758776.5243187, "input_transform_start_time": 1716758776.4751616, "input_transform_end_time": 1716758776.4751778, "result_transform_start_time": 1716758776.524319, "result_transform_end_time": 1716758776.5356987}}
{"task_id": "6939fe95-10fb-4b98-b7f1-0701afc2c595", "function_name": "noop_task", "parent_task_ids": [], "submit_time": 1716758776.5649316, "received_time": 1716758776.730963, "execution": {"hostname": "escience-taps", "execution_start_time": 1716758776.6697135, "execution_end_time": 1716758776.7295363, "task_start_time": 1716758776.6697474, "task_end_time": 1716758776.7182262, "input_transform_start_time": 1716758776.669732, "input_transform_end_time": 1716758776.669747, "result_transform_start_time": 1716758776.7182264, "result_transform_end_time": 1716758776.729536}}
{"task_id": "01efe78d-fa38-4c72-9c41-d2b233b22292", "function_name": "noop_task", "parent_task_ids": [], "submit_time": 1716758776.7584052, "received_time": 1716758776.9249196, "execution": {"hostname": "escience-taps", "execution_start_time": 1716758776.8634272, "execution_end_time": 1716758776.9234135, "task_start_time": 1716758776.8634539, "task_end_time": 1716758776.9120092, "input_transform_start_time": 1716758776.8634422, "input_transform_end_time": 1716758776.8634536, "result_transform_start_time": 1716758776.9120095, "result_transform_end_time": 1716758776.9234133}}
{"task_id": "0f1310d8-db97-4564-b3ec-c038ab343ba6", "function_name": "noop_task", "parent_task_ids": [], "submit_time": 1716758776.952207, "received_time": 1716758777.119539, "execution": {"hostname": "escience-taps", "execution_start_time": 1716758777.0572655, "execution_end_time": 1716758777.11811, "task_start_time": 1716758777.057294, "task_end_time": 1716758777.1068485, "input_transform_start_time": 1716758777.057281, "input_transform_end_time": 1716758777.0572937, "result_transform_start_time": 1716758777.1068487, "result_transform_end_time": 1716758777.1181095}}
