{"task_id": "5e71d777-37ba-4c7e-a663-a7aeadac03f0", "function_name": "id", "parent_task_ids": [], "submit_time": 1716758444.9107077, "received_time": 1716758444.9193437, "execution": {"hostname": "escience-taps", "execution_start_time": 1716758444.9184103, "execution_end_time": 1716758444.9184875, "task_start_time": 1716758444.9184651, "task_end_time": 1716758444.9184659, "input_transform_start_time": 1716758444.9184341, "input_transform_end_time": 1716758444.9184647, "result_transform_start_time": 1716758444.918466, "result_transform_end_time": 1716758444.9184873}}
{"task_id": "d0a91ad5-1dca-4319-99cd-a7e9e0ab24ef", "function_name": "noop_task", "parent_task_ids": [], "submit_time": 1716758444.920872, "received_time": 1716758444.9224966, "execution": {"hostname": "escience-taps", "execution_start_time": 1716758444.9216647, "execution_end_time": 1716758444.9221187, "task_start_time": 1716758444.9216757, "task_end_time": 1716758444.9221, "input_transform_start_time": 1716758444.9216714, "input_transform_end_time": 1716758444.9216754, "result_transform_start_time": 1716758444.9221003, "result_transform_end_time": 1716758444.9221184}}
{"task_id": "e8511dfe-234d-48fb-abaf-ba5ee8ef0d10", "function_name": "noop_task", "parent_task_ids": [], "submit_time": 1716758444.9229105, "received_time": 1716758444.9238992, "execution": {"hostname": "escience-taps", "execution_start_time": 1716758444.9233716, "execution_end_time": 1716758444.9236581, "task_start_time": 1716758444.9233801, "task_end_time": 1716758444.9236543, "input_transform_start_time": 1716758444.923376, "input_transform_end_time": 1716758444.92338, "result_transform_start_time": 1716758444.9236546, "result_transform_end_time": 1716758444.923658}}
{"task_id": "de17d8e1-079b-4a44-8c83-31d4b799e45f", "function_name": "noop_task", "parent_task_ids": [], "submit_time": 1716758444.9242778, "received_time": 1716758444.925194, "execution": {"hostname": "escience-taps", "execution_start_time": 1716758444.924653, "execution_end_time": 1716758444.9249613, "task_start_time": 1716758444.9246628, "task_end_time": 1716758444.9249582, "input_transform_start_time": 1716758444.9246585, "input_transform_end_time": 1716758444.9246628, "result_transform_start_time": 1716758444.9249585, "result_transform_end_time": 1716758444.9249613}}
{"task_id": "d1f390f1-8afd-4e2e-a295-f9905b067a79", "function_name": "noop_task", "parent_task_ids": [], "submit_time": 1716758444.925569, "received_time": 1716758444.9264207, "execution": {"hostname": "escience-taps", "execution_start_time": 1716758444.9259262, "execution_end_time": 1716758444.9262087, "task_start_time": 1716758444.9259322, "task_end_time": 1716758444.926206, "input_transform_start_time": 1716758444.9259295, "input_transform_end_time": 1716758444.925932, "result_transform_start_time": 1716758444.926206, "result_transform_end_time": 1716758444.9262087}}
{"task_id": "08b6a434-40d6-4dce-a904-f6fa68e5ca80", "function_name": "noop_task", "parent_task_ids": [], "submit_time": 1716758444.9267821, "received_time": 1716758444.9275835, "execution": {"hostname": "escience-taps", "execution_start_time": 1716758444.9270864, "execution_end_time": 1716758444.927365, "task_start_time": 1716758444.9270914, "task_end_time": 1716758444.9273624, "input_transform_start_time": 1716758444.9270892, "input_transform_end_time": 1716758444.9270911, "result_transform_start_time": 1716758444.927363, "result_transform_end_time": 1716758444.9273648}}
{"task_id": "8532e644-ebfe-4f23-b04d-060cc05a9045", "function_name": "noop_task", "parent_task_ids": [], "submit_time": 1716758444.9279616, "received_time": 1716758444.9287875, "execution": {"hostname": "escience-taps", "execution_start_time": 1716758444.9282696, "execution_end_time": 1716758444.9285524, "task_start_time": 1716758444.9282744, "task_end_time": 1716758444.928546, "input_transform_start_time": 1716758444.9282718, "input_transform_end_time": 1716758444.9282742, "result_transform_start_time": 1716758444.9285462, "result_transform_end_time": 1716758444.9285524}}
{"task_id": "0a500407-7175-42a5-ab2f-73f541f8b02e", "function_name": "noop_task", "parent_task_ids": [], "submit_time": 1716758444.9291823, "received_time": 1716758444.9300659, "execution": {"hostname": "escience-taps", "execution_start_time": 1716758444.9295528, "execution_end_time": 1716758444.9298315, "task_start_time": 1716758444.9295592, "task_end_time": 1716758444.9298286, "input_transform_start_time": 1716758444.929556, "input_transform_end_time": 1716758444.929559, "result_transform_start_time": 1716758444.9298286, "result_transform_end_time": 1716758444.9298315}}
{"task_id": "1e29523d-3fc7-4864-b5b6-7ad34506d908", "function_name": "noop_task", "parent_task_ids": [], "submit_time": 1716758444.9304588, "received_time": 1716758444.9336767, "execution": {"hostname": "escience-taps", "execution_start_time": 1716758444.933059, "execution_end_time": 1716758444.9334967, "task_start_time": 1716758444.9330673, "task_end_time": 1716758444.9334922, "input_transform_start_time": 1716758444.9330633, "input_transform_end_time": 1716758444.933067, "result_transform_start_time": 1716758444.9334924, "result_transform_end_time": 1716758444.9334965}}
{"task_id": "decfbfdb-88fd-4b50-a329-cd408c7e67c7", "function_name": "noop_task", "parent_task_ids": [], "submit_time": 1716758444.9340189, "received_time": 1716758444.9347656, "execution": {"hostname": "escience-taps", "execution_start_time": 1716758444.9343278, "execution_end_time": 1716758444.9346254, "task_start_time": 1716758444.9343326, "task_end_time": 1716758444.9346223, "input_transform_start_time": 1716758444.9343305, "input_transform_end_time": 1716758444.9343326, "result_transform_start_time": 1716758444.9346225, "result_transform_end_time": 1716758444.9346254}}
{"task_id": "8e361b90-b5f1-4630-83b3-cf292dd8bfde", "function_name": "noop_task", "parent_task_ids": [], "submit_time": 1716758444.9350839, "received_time": 1716758444.9358912, "execution": {"hostname": "escience-taps", "execution_start_time": 1716758444.9354122, "execution_end_time": 1716758444.935742, "task_start_time": 1716758444.935418, "task_end_time": 1716758444.935739, "input_transform_start_time": 1716758444.9354153, "input_transform_end_time": 1716758444.935418, "result_transform_start_time": 1716758444.9357393, "result_transform_end_time": 1716758444.935742}}
