{"task_id": "c586646f-fba8-4277-8441-e4c3ae4564ce", "function_name": "id", "parent_task_ids": [], "submit_time": 1716758498.826574, "received_time": 1716758498.8350356, "execution": {"hostname": "escience-taps", "execution_start_time": 1716758498.8341596, "execution_end_time": 1716758498.834237, "task_start_time": 1716758498.8342094, "task_end_time": 1716758498.8342113, "input_transform_start_time": 1716758498.8341734, "input_transform_end_time": 1716758498.8342066, "result_transform_start_time": 1716758498.8342113, "result_transform_end_time": 1716758498.834237}}
{"task_id": "08cf8114-973f-4abe-bdef-03836a13efe9", "function_name": "noop_task", "parent_task_ids": [], "submit_time": 1716758498.8361971, "received_time": 1716758498.8394933, "execution": {"hostname": "escience-taps", "execution_start_time": 1716758498.8373232, "execution_end_time": 1716758498.8392127, "task_start_time": 1716758498.8373451, "task_end_time": 1716758498.8378394, "input_transform_start_time": 1716758498.8373406, "input_transform_end_time": 1716758498.8373451, "result_transform_start_time": 1716758498.8378396, "result_transform_end_time": 1716758498.8392127}}
{"task_id": "5d767fd4-3e76-4d1d-b31e-fea15c1abbf8", "function_name": "noop_task", "parent_task_ids": [], "submit_time": 1716758498.8399312, "received_time": 1716758498.8410769, "execution": {"hostname": "escience-taps", "execution_start_time": 1716758498.8406029, "execution_end_time": 1716758498.8408966, "task_start_time": 1716758498.8406143, "task_end_time": 1716758498.8407419, "input_transform_start_time": 1716758498.8406103, "input_transform_end_time": 1716758498.840614, "result_transform_start_time": 1716758498.840742, "result_transform_end_time": 1716758498.8408964}}
{"task_id": "b8af82ea-abf2-440e-a4d2-93a737e71fe8", "function_name": "noop_task", "parent_task_ids": [], "submit_time": 1716758498.8413157, "received_time": 1716758498.8422945, "execution": {"hostname": "escience-taps", "execution_start_time": 1716758498.841816, "execution_end_time": 1716758498.842118, "task_start_time": 1716758498.8418305, "task_end_time": 1716758498.8419838, "input_transform_start_time": 1716758498.8418221, "input_transform_end_time": 1716758498.8418303, "result_transform_start_time": 1716758498.841984, "result_transform_end_time": 1716758498.842118}}
{"task_id": "f07f4a6f-e91b-4579-886c-244d9693f033", "function_name": "noop_task", "parent_task_ids": [], "submit_time": 1716758498.8425272, "received_time": 1716758498.84343, "execution": {"hostname": "escience-taps", "execution_start_time": 1716758498.8429632, "execution_end_time": 1716758498.8432682, "task_start_time": 1716758498.8429718, "task_end_time": 1716758498.843134, "input_transform_start_time": 1716758498.8429682, "input_transform_end_time": 1716758498.8429716, "result_transform_start_time": 1716758498.843134, "result_transform_end_time": 1716758498.8432682}}
{"task_id": "ecd7fddd-3889-48f0-afd1-7e562d46a2fd", "function_name": "noop_task", "parent_task_ids": [], "submit_time": 1716758498.8436618, "received_time": 1716758498.844573, "execution": {"hostname": "escience-taps", "execution_start_time": 1716758498.844127, "execution_end_time": 1716758498.844419, "task_start_time": 1716758498.8441355, "task_end_time": 1716758498.844282, "input_transform_start_time": 1716758498.8441322, "input_transform_end_time": 1716758498.8441355, "result_transform_start_time": 1716758498.8442822, "result_transform_end_time": 1716758498.844419}}
{"task_id": "383253b8-8a36-487b-908b-f759dc463df8", "function_name": "noop_task", "parent_task_ids": [], "submit_time": 1716758498.8448474, "received_time": 1716758498.8483279, "execution": {"hostname": "escience-taps", "execution_start_time": 1716758498.8477285, "execution_end_time": 1716758498.8481002, "task_start_time": 1716758498.8477402, "task_end_time": 1716758498.84792, "input_transform_start_time": 1716758498.8477356, "input_transform_end_time": 1716758498.84774, "result_transform_start_time": 1716758498.8479202, "result_transform_end_time": 1716758498.8481}}
{"task_id": "6658ba11-31ef-41a7-89f0-2f2c89de0d18", "function_name": "noop_task", "parent_task_ids": [], "submit_time": 1716758498.8486102, "received_time": 1716758498.849584, "execution": {"hostname": "escience-taps", "execution_start_time": 1716758498.8491113, "execution_end_time": 1716758498.8494096, "task_start_time": 1716758498.8491209, "task_end_time": 1716758498.8492706, "input_transform_start_time": 1716758498.849117, "input_transform_end_time": 1716758498.8491209, "result_transform_start_time": 1716758498.8492708, "result_transform_end_time": 1716758498.8494096}}
{"task_id": "880d983e-0ce1-4bf3-addc-bd34bfd9024f", "function_name": "noop_task", "parent_task_ids": [], "submit_time": 1716758498.8498096, "received_time": 1716758498.8508124, "execution": {"hostname": "escience-taps", "execution_start_time": 1716758498.8503504, "execution_end_time": 1716758498.8506584, "task_start_time": 1716758498.85036, "task_end_time": 1716758498.8505275, "input_transform_start_time": 1716758498.8503563, "input_transform_end_time": 1716758498.8503594, "result_transform_start_time": 1716758498.8505278, "result_transform_end_time": 1716758498.8506584}}
{"task_id": "1150bf1e-992b-4616-8023-1968175b292d", "function_name": "noop_task", "parent_task_ids": [], "submit_time": 1716758498.85104, "received_time": 1716758498.8518493, "execution": {"hostname": "escience-taps", "execution_start_time": 1716758498.8514435, "execution_end_time": 1716758498.8517108, "task_start_time": 1716758498.8514514, "task_end_time": 1716758498.851593, "input_transform_start_time": 1716758498.8514483, "input_transform_end_time": 1716758498.8514512, "result_transform_start_time": 1716758498.8515933, "result_transform_end_time": 1716758498.8517108}}
{"task_id": "cb97febc-65b4-4dba-a03e-7c704bffd0c5", "function_name": "noop_task", "parent_task_ids": [], "submit_time": 1716758498.852056, "received_time": 1716758498.852975, "execution": {"hostname": "escience-taps", "execution_start_time": 1716758498.8524876, "execution_end_time": 1716758498.8528166, "task_start_time": 1716758498.8524957, "task_end_time": 1716758498.852635, "input_transform_start_time": 1716758498.8524926, "input_transform_end_time": 1716758498.8524954, "result_transform_start_time": 1716758498.8526351, "result_transform_end_time": 1716758498.8528163}}
