{"task_id": "df47c936-316b-4ad9-9eba-d09a68fd1965", "function_name": "id", "parent_task_ids": [], "submit_time": 1716758438.6471004, "received_time": 1716758438.6552837, "execution": {"hostname": "escience-taps", "execution_start_time": 1716758438.6544273, "execution_end_time": 1716758438.6544929, "task_start_time": 1716758438.654472, "task_end_time": 1716758438.6544733, "input_transform_start_time": 1716758438.6544425, "input_transform_end_time": 1716758438.6544719, "result_transform_start_time": 1716758438.6544735, "result_transform_end_time": 1716758438.6544929}}
{"task_id": "66c480d8-a348-4468-bfeb-352f954c008d", "function_name": "noop_task", "parent_task_ids": [], "submit_time": 1716758438.6560912, "received_time": 1716758438.656997, "execution": {"hostname": "escience-taps", "execution_start_time": 1716758438.6566541, "execution_end_time": 1716758438.656768, "task_start_time": 1716758438.6566625, "task_end_time": 1716758438.6567507, "input_transform_start_time": 1716758438.6566586, "input_transform_end_time": 1716758438.6566625, "result_transform_start_time": 1716758438.656751, "result_transform_end_time": 1716758438.656768}}
{"task_id": "cadf630e-1e0e-4323-9668-e68950ed53d2", "function_name": "noop_task", "parent_task_ids": [], "submit_time": 1716758438.6571798, "received_time": 1716758438.6578135, "execution": {"hostname": "escience-taps", "execution_start_time": 1716758438.6575425, "execution_end_time": 1716758438.657639, "task_start_time": 1716758438.6575508, "task_end_time": 1716758438.6576352, "input_transform_start_time": 1716758438.6575468, "input_transform_end_time": 1716758438.6575506, "result_transform_start_time": 1716758438.6576357, "result_transform_end_time": 1716758438.6576385}}
{"task_id": "292fd9d3-1485-4a26-a670-eb9bd34c9ba8", "function_name": "noop_task", "parent_task_ids": [], "submit_time": 1716758438.657963, "received_time": 1716758438.658567, "execution": {"hostname": "escience-taps", "execution_start_time": 1716758438.6582813, "execution_end_time": 1716758438.658381, "task_start_time": 1716758438.658293, "task_end_time": 1716758438.6583776, "input_transform_start_time": 1716758438.6582882, "input_transform_end_time": 1716758438.658293, "result_transform_start_time": 1716758438.658378, "result_transform_end_time": 1716758438.6583807}}
{"task_id": "c70fd2d8-4530-4fa1-a36b-f35a4f17ae0f", "function_name": "noop_task", "parent_task_ids": [], "submit_time": 1716758438.6587102, "received_time": 1716758438.6592557, "execution": {"hostname": "escience-taps", "execution_start_time": 1716758438.6589901, "execution_end_time": 1716758438.6590893, "task_start_time": 1716758438.6589973, "task_end_time": 1716758438.6590858, "input_transform_start_time": 1716758438.658994, "input_transform_end_time": 1716758438.6589973, "result_transform_start_time": 1716758438.659086, "result_transform_end_time": 1716758438.6590893}}
{"task_id": "e4fa8f7c-ad11-4783-9c58-9fa0a166590b", "function_name": "noop_task", "parent_task_ids": [], "submit_time": 1716758438.6593938, "received_time": 1716758438.6599164, "execution": {"hostname": "escience-taps", "execution_start_time": 1716758438.6596546, "execution_end_time": 1716758438.6597533, "task_start_time": 1716758438.659665, "task_end_time": 1716758438.65975, "input_transform_start_time": 1716758438.6596615, "input_transform_end_time": 1716758438.659665, "result_transform_start_time": 1716758438.65975, "result_transform_end_time": 1716758438.6597533}}
{"task_id": "df57b529-b505-4321-9a09-6333ebedaae1", "function_name": "noop_task", "parent_task_ids": [], "submit_time": 1716758438.6600606, "received_time": 1716758438.6606047, "execution": {"hostname": "escience-taps", "execution_start_time": 1716758438.6603448, "execution_end_time": 1716758438.660442, "task_start_time": 1716758438.660352, "task_end_time": 1716758438.660436, "input_transform_start_time": 1716758438.6603484, "input_transform_end_time": 1716758438.6603518, "result_transform_start_time": 1716758438.6604362, "result_transform_end_time": 1716758438.660442}}
{"task_id": "758fdd1c-949b-4047-99ff-70cd9dd83f90", "function_name": "noop_task", "parent_task_ids": [], "submit_time": 1716758438.6607764, "received_time": 1716758438.6613116, "execution": {"hostname": "escience-taps", "execution_start_time": 1716758438.661054, "execution_end_time": 1716758438.6611474, "task_start_time": 1716758438.6610608, "task_end_time": 1716758438.6611443, "input_transform_start_time": 1716758438.661057, "input_transform_end_time": 1716758438.6610606, "result_transform_start_time": 1716758438.6611443, "result_transform_end_time": 1716758438.661147}}
{"task_id": "d225ac3b-8a0e-46d4-bbab-1185c4cdceb1", "function_name": "noop_task", "parent_task_ids": [], "submit_time": 1716758438.661465, "received_time": 1716758438.6640635, "execution": {"hostname": "escience-taps", "execution_start_time": 1716758438.6637626, "execution_end_time": 1716758438.6638794, "task_start_time": 1716758438.6637704, "task_end_time": 1716758438.6638756, "input_transform_start_time": 1716758438.6637664, "input_transform_end_time": 1716758438.6637704, "result_transform_start_time": 1716758438.6638758, "result_transform_end_time": 1716758438.6638794}}
{"task_id": "8e221833-9e00-47d9-9d0f-ae1ad1d1bbf5", "function_name": "noop_task", "parent_task_ids": [], "submit_time": 1716758438.6642551, "received_time": 1716758438.664787, "execution": {"hostname": "escience-taps", "execution_start_time": 1716758438.6645443, "execution_end_time": 1716758438.6646528, "task_start_time": 1716758438.6645515, "task_end_time": 1716758438.6646497, "input_transform_start_time": 1716758438.6645477, "input_transform_end_time": 1716758438.6645513, "result_transform_start_time": 1716758438.66465, "result_transform_end_time": 1716758438.6646528}}
{"task_id": "95be6036-cd41-47c1-8669-9e9e955a7b0b", "function_name": "noop_task", "parent_task_ids": [], "submit_time": 1716758438.6649065, "received_time": 1716758438.665308, "execution": {"hostname": "escience-taps", "execution_start_time": 1716758438.665115, "execution_end_time": 1716758438.6652002, "task_start_time": 1716758438.6651192, "task_end_time": 1716758438.665198, "input_transform_start_time": 1716758438.665117, "input_transform_end_time": 1716758438.6651192, "result_transform_start_time": 1716758438.665198, "result_transform_end_time": 1716758438.6651998}}
