{"task_id": "1478a0fd-7207-4c8a-9e53-b581393df0e6", "function_name": "id", "parent_task_ids": [], "submit_time": 1716758661.3311188, "received_time": 1716758662.9774888, "execution": {"hostname": "escience-taps", "execution_start_time": 1716758662.9749784, "execution_end_time": 1716758662.9749937, "task_start_time": 1716758662.9749873, "task_end_time": 1716758662.9749877, "input_transform_start_time": 1716758662.974981, "input_transform_end_time": 1716758662.9749873, "result_transform_start_time": 1716758662.974988, "result_transform_end_time": 1716758662.9749935}}
{"task_id": "ba8c0f8e-bffd-4aa1-bbb0-f9392b7dd6cb", "function_name": "noop_task", "parent_task_ids": [], "submit_time": 1716758662.978532, "received_time": 1716758662.993706, "execution": {"hostname": "escience-taps", "execution_start_time": 1716758662.991638, "execution_end_time": 1716758662.9919426, "task_start_time": 1716758662.9916494, "task_end_time": 1716758662.9919364, "input_transform_start_time": 1716758662.9916427, "input_transform_end_time": 1716758662.9916494, "result_transform_start_time": 1716758662.9919367, "result_transform_end_time": 1716758662.9919426}}
{"task_id": "aa94a199-224f-46aa-8c1e-e55eb04651dd", "function_name": "noop_task", "parent_task_ids": [], "submit_time": 1716758662.9940634, "received_time": 1716758663.0063696, "execution": {"hostname": "escience-taps", "execution_start_time": 1716758663.004594, "execution_end_time": 1716758663.0051231, "task_start_time": 1716758663.0046089, "task_end_time": 1716758663.0051193, "input_transform_start_time": 1716758663.004602, "input_transform_end_time": 1716758663.0046086, "result_transform_start_time": 1716758663.0051196, "result_transform_end_time": 1716758663.005123}}
{"task_id": "40d0b21e-b141-407a-9c0b-d468b38994f2", "function_name": "noop_task", "parent_task_ids": [], "submit_time": 1716758663.006722, "received_time": 1716758663.0190103, "execution": {"hostname": "escience-taps", "execution_start_time": 1716758663.017223, "execution_end_time": 1716758663.0177548, "task_start_time": 1716758663.0172384, "task_end_time": 1716758663.0177472, "input_transform_start_time": 1716758663.01723, "input_transform_end_time": 1716758663.017238, "result_transform_start_time": 1716758663.0177474, "result_transform_end_time": 1716758663.0177546}}
{"task_id": "15264de7-decf-4f5b-809f-129516c766d2", "function_name": "noop_task", "parent_task_ids": [], "submit_time": 1716758663.019416, "received_time": 1716758663.0316894, "execution": {"hostname": "escience-taps", "execution_start_time": 1716758663.0298474, "execution_end_time": 1716758663.0302823, "task_start_time": 1716758663.029861, "task_end_time": 1716758663.030279, "input_transform_start_time": 1716758663.0298536, "input_transform_end_time": 1716758663.0298605, "result_transform_start_time": 1716758663.0302792, "result_transform_end_time": 1716758663.0302823}}
{"task_id": "5cf02172-ffbb-4a47-8415-0d528ece3169", "function_name": "noop_task", "parent_task_ids": [], "submit_time": 1716758663.032098, "received_time": 1716758663.0441282, "execution": {"hostname": "escience-taps", "execution_start_time": 1716758663.042472, "execution_end_time": 1716758663.0427947, "task_start_time": 1716758663.042484, "task_end_time": 1716758663.0427914, "input_transform_start_time": 1716758663.0424776, "input_transform_end_time": 1716758663.0424838, "result_transform_start_time": 1716758663.0427914, "result_transform_end_time": 1716758663.0427945}}
{"task_id": "0c3a8e72-5eab-4655-9a57-23e97de99970", "function_name": "noop_task", "parent_task_ids": [], "submit_time": 1716758663.0445597, "received_time": 1716758663.0567262, "execution": {"hostname": "escience-taps", "execution_start_time": 1716758663.0549805, "execution_end_time": 1716758663.0552578, "task_start_time": 1716758663.054993, "task_end_time": 1716758663.0552542, "input_transform_start_time": 1716758663.054987, "input_transform_end_time": 1716758663.054993, "result_transform_start_time": 1716758663.0552545, "result_transform_end_time": 1716758663.0552576}}
{"task_id": "fb2d84b7-aa46-46eb-98b7-03c0241820f7", "function_name": "noop_task", "parent_task_ids": [], "submit_time": 1716758663.0571942, "received_time": 1716758663.0693748, "execution": {"hostname": "escience-taps", "execution_start_time": 1716758663.0673594, "execution_end_time": 1716758663.067892, "task_start_time": 1716758663.0673723, "task_end_time": 1716758663.067881, "input_transform_start_time": 1716758663.0673654, "input_transform_end_time": 1716758663.067372, "result_transform_start_time": 1716758663.0678818, "result_transform_end_time": 1716758663.0678916}}
{"task_id": "e6eeb7d8-da4a-4439-b6ac-5f89734332af", "function_name": "noop_task", "parent_task_ids": [], "submit_time": 1716758663.0698087, "received_time": 1716758663.0819883, "execution": {"hostname": "escience-taps", "execution_start_time": 1716758663.080064, "execution_end_time": 1716758663.0805593, "task_start_time": 1716758663.0800762, "task_end_time": 1716758663.080553, "input_transform_start_time": 1716758663.0800698, "input_transform_end_time": 1716758663.080076, "result_transform_start_time": 1716758663.0805533, "result_transform_end_time": 1716758663.0805593}}
{"task_id": "08383c3f-cd89-4b9b-b306-d30864627a00", "function_name": "noop_task", "parent_task_ids": [], "submit_time": 1716758663.08241, "received_time": 1716758663.094449, "execution": {"hostname": "escience-taps", "execution_start_time": 1716758663.0926204, "execution_end_time": 1716758663.0931003, "task_start_time": 1716758663.0926335, "task_end_time": 1716758663.0930972, "input_transform_start_time": 1716758663.0926273, "input_transform_end_time": 1716758663.0926332, "result_transform_start_time": 1716758663.0930974, "result_transform_end_time": 1716758663.0931003}}
{"task_id": "c504781c-9d61-4b46-84cb-3dae79370952", "function_name": "noop_task", "parent_task_ids": [], "submit_time": 1716758663.094856, "received_time": 1716758663.1070938, "execution": {"hostname": "escience-taps", "execution_start_time": 1716758663.1051874, "execution_end_time": 1716758663.105676, "task_start_time": 1716758663.1052003, "task_end_time": 1716758663.1056702, "input_transform_start_time": 1716758663.1051936, "input_transform_end_time": 1716758663.1052, "result_transform_start_time": 1716758663.1056705, "result_transform_end_time": 1716758663.1056757}}
