{"task_id": "b17f3e09-7880-4f54-8309-4e7cdf8af91b", "function_name": "id", "parent_task_ids": [], "submit_time": 1716758513.4910257, "received_time": 1716758513.4993594, "execution": {"hostname": "escience-taps", "execution_start_time": 1716758513.4985452, "execution_end_time": 1716758513.4986074, "task_start_time": 1716758513.4985912, "task_end_time": 1716758513.4985921, "input_transform_start_time": 1716758513.4985626, "input_transform_end_time": 1716758513.498588, "result_transform_start_time": 1716758513.4985921, "result_transform_end_time": 1716758513.4986074}}
{"task_id": "6da4abf6-0d7e-40a0-9bc3-2604aeb24d27", "function_name": "noop_task", "parent_task_ids": [], "submit_time": 1716758513.5032384, "received_time": 1716758513.5108545, "execution": {"hostname": "escience-taps", "execution_start_time": 1716758513.5053136, "execution_end_time": 1716758513.5105765, "task_start_time": 1716758513.5053368, "task_end_time": 1716758513.509298, "input_transform_start_time": 1716758513.505331, "input_transform_end_time": 1716758513.5053365, "result_transform_start_time": 1716758513.5092983, "result_transform_end_time": 1716758513.5105765}}
{"task_id": "b6481308-9385-4745-8169-069dbb89285f", "function_name": "noop_task", "parent_task_ids": [], "submit_time": 1716758513.5143468, "received_time": 1716758513.519729, "execution": {"hostname": "escience-taps", "execution_start_time": 1716758513.5157576, "execution_end_time": 1716758513.5194979, "task_start_time": 1716758513.515777, "task_end_time": 1716758513.5186865, "input_transform_start_time": 1716758513.5157695, "input_transform_end_time": 1716758513.5157769, "result_transform_start_time": 1716758513.5186868, "result_transform_end_time": 1716758513.5194979}}
{"task_id": "6e048722-0649-4b6c-a4e1-55af56dbfb4b", "function_name": "noop_task", "parent_task_ids": [], "submit_time": 1716758513.5234056, "received_time": 1716758513.528567, "execution": {"hostname": "escience-taps", "execution_start_time": 1716758513.5246968, "execution_end_time": 1716758513.5283453, "task_start_time": 1716758513.5247147, "task_end_time": 1716758513.5275404, "input_transform_start_time": 1716758513.5247056, "input_transform_end_time": 1716758513.5247147, "result_transform_start_time": 1716758513.5275404, "result_transform_end_time": 1716758513.5283453}}
{"task_id": "02449116-260a-430d-b0ab-a770a0122039", "function_name": "noop_task", "parent_task_ids": [], "submit_time": 1716758513.5318146, "received_time": 1716758513.537236, "execution": {"hostname": "escience-taps", "execution_start_time": 1716758513.533085, "execution_end_time": 1716758513.5368297, "task_start_time": 1716758513.533098, "task_end_time": 1716758513.535992, "input_transform_start_time": 1716758513.533093, "input_transform_end_time": 1716758513.533098, "result_transform_start_time": 1716758513.5359921, "result_transform_end_time": 1716758513.5368295}}
{"task_id": "a22127e7-aa10-4642-bcc0-7d5260f97b84", "function_name": "noop_task", "parent_task_ids": [], "submit_time": 1716758513.5405676, "received_time": 1716758513.5455346, "execution": {"hostname": "escience-taps", "execution_start_time": 1716758513.5419736, "execution_end_time": 1716758513.5453453, "task_start_time": 1716758513.541986, "task_end_time": 1716758513.544531, "input_transform_start_time": 1716758513.5419812, "input_transform_end_time": 1716758513.541986, "result_transform_start_time": 1716758513.5445313, "result_transform_end_time": 1716758513.5453453}}
{"task_id": "7d20d60a-f04f-4170-81ce-0394242ead23", "function_name": "noop_task", "parent_task_ids": [], "submit_time": 1716758513.5486193, "received_time": 1716758513.555875, "execution": {"hostname": "escience-taps", "execution_start_time": 1716758513.5521033, "execution_end_time": 1716758513.5556593, "task_start_time": 1716758513.552116, "task_end_time": 1716758513.5548828, "input_transform_start_time": 1716758513.552111, "input_transform_end_time": 1716758513.552116, "result_transform_start_time": 1716758513.5548828, "result_transform_end_time": 1716758513.555659}}
{"task_id": "876e0d9e-0dcf-474d-8fa8-ffe8275b7379", "function_name": "noop_task", "parent_task_ids": [], "submit_time": 1716758513.5584915, "received_time": 1716758513.5644095, "execution": {"hostname": "escience-taps", "execution_start_time": 1716758513.5597956, "execution_end_time": 1716758513.564203, "task_start_time": 1716758513.5598097, "task_end_time": 1716758513.5627184, "input_transform_start_time": 1716758513.5598037, "input_transform_end_time": 1716758513.5598097, "result_transform_start_time": 1716758513.5627186, "result_transform_end_time": 1716758513.5642028}}
{"task_id": "8f21a406-513b-4cfa-bebe-24ae031553b2", "function_name": "noop_task", "parent_task_ids": [], "submit_time": 1716758513.567057, "received_time": 1716758513.5719967, "execution": {"hostname": "escience-taps", "execution_start_time": 1716758513.5683079, "execution_end_time": 1716758513.5718088, "task_start_time": 1716758513.5683215, "task_end_time": 1716758513.571018, "input_transform_start_time": 1716758513.5683162, "input_transform_end_time": 1716758513.5683212, "result_transform_start_time": 1716758513.571018, "result_transform_end_time": 1716758513.5718088}}
{"task_id": "ddae9d15-b96c-4b5e-9216-ea6262c5cf9d", "function_name": "noop_task", "parent_task_ids": [], "submit_time": 1716758513.5752206, "received_time": 1716758513.5801938, "execution": {"hostname": "escience-taps", "execution_start_time": 1716758513.5764928, "execution_end_time": 1716758513.580011, "task_start_time": 1716758513.576505, "task_end_time": 1716758513.5792327, "input_transform_start_time": 1716758513.5765002, "input_transform_end_time": 1716758513.576505, "result_transform_start_time": 1716758513.579233, "result_transform_end_time": 1716758513.580011}}
{"task_id": "3fd181e3-c5f3-46d1-81dd-38e19922c0f3", "function_name": "noop_task", "parent_task_ids": [], "submit_time": 1716758513.5836186, "received_time": 1716758513.5888019, "execution": {"hostname": "escience-taps", "execution_start_time": 1716758513.5848842, "execution_end_time": 1716758513.5885687, "task_start_time": 1716758513.5848954, "task_end_time": 1716758513.5877922, "input_transform_start_time": 1716758513.584891, "input_transform_end_time": 1716758513.5848954, "result_transform_start_time": 1716758513.5877924, "result_transform_end_time": 1716758513.5885687}}
