{"task_id": "df2a4ddd-ed62-4d89-8d76-27d3911dadd6", "function_name": "id", "parent_task_ids": [], "submit_time": 1716758656.4986746, "received_time": 1716758658.1253316, "execution": {"hostname": "escience-taps", "execution_start_time": 1716758658.122834, "execution_end_time": 1716758658.1228483, "task_start_time": 1716758658.1228418, "task_end_time": 1716758658.1228423, "input_transform_start_time": 1716758658.122836, "input_transform_end_time": 1716758658.1228416, "result_transform_start_time": 1716758658.1228423, "result_transform_end_time": 1716758658.1228483}}
{"task_id": "4b666f54-8d05-4782-84fa-bed022b44358", "function_name": "noop_task", "parent_task_ids": [], "submit_time": 1716758658.1261306, "received_time": 1716758658.1417198, "execution": {"hostname": "escience-taps", "execution_start_time": 1716758658.1395245, "execution_end_time": 1716758658.1398337, "task_start_time": 1716758658.139535, "task_end_time": 1716758658.1398256, "input_transform_start_time": 1716758658.1395292, "input_transform_end_time": 1716758658.139535, "result_transform_start_time": 1716758658.1398256, "result_transform_end_time": 1716758658.1398337}}
{"task_id": "a61a62e3-fe17-49c5-9450-a0db9f52177e", "function_name": "noop_task", "parent_task_ids": [], "submit_time": 1716758658.1421304, "received_time": 1716758658.15437, "execution": {"hostname": "escience-taps", "execution_start_time": 1716758658.1525698, "execution_end_time": 1716758658.153153, "task_start_time": 1716758658.1525853, "task_end_time": 1716758658.1531463, "input_transform_start_time": 1716758658.1525779, "input_transform_end_time": 1716758658.152585, "result_transform_start_time": 1716758658.1531465, "result_transform_end_time": 1716758658.153153}}
{"task_id": "7e282b71-a4b4-49d5-91b3-3d353b6b9014", "function_name": "noop_task", "parent_task_ids": [], "submit_time": 1716758658.1550581, "received_time": 1716758658.166906, "execution": {"hostname": "escience-taps", "execution_start_time": 1716758658.1653235, "execution_end_time": 1716758658.1655905, "task_start_time": 1716758658.165332, "task_end_time": 1716758658.165587, "input_transform_start_time": 1716758658.1653275, "input_transform_end_time": 1716758658.165332, "result_transform_start_time": 1716758658.1655872, "result_transform_end_time": 1716758658.1655903}}
{"task_id": "1a0540de-bb98-4a29-9313-f7e6ecae4877", "function_name": "noop_task", "parent_task_ids": [], "submit_time": 1716758658.1675105, "received_time": 1716758658.1796656, "execution": {"hostname": "escience-taps", "execution_start_time": 1716758658.1777074, "execution_end_time": 1716758658.178175, "task_start_time": 1716758658.1777189, "task_end_time": 1716758658.1781685, "input_transform_start_time": 1716758658.1777132, "input_transform_end_time": 1716758658.1777186, "result_transform_start_time": 1716758658.178169, "result_transform_end_time": 1716758658.1781747}}
{"task_id": "817a0345-c21d-49c3-a3ca-8df4ab5c3c76", "function_name": "noop_task", "parent_task_ids": [], "submit_time": 1716758658.180265, "received_time": 1716758658.1924806, "execution": {"hostname": "escience-taps", "execution_start_time": 1716758658.1904068, "execution_end_time": 1716758658.1907895, "task_start_time": 1716758658.1904166, "task_end_time": 1716758658.1907864, "input_transform_start_time": 1716758658.1904118, "input_transform_end_time": 1716758658.1904163, "result_transform_start_time": 1716758658.1907866, "result_transform_end_time": 1716758658.1907895}}
{"task_id": "85d86bf0-130e-4d6e-81e5-9c69491b23dd", "function_name": "noop_task", "parent_task_ids": [], "submit_time": 1716758658.1932642, "received_time": 1716758658.20498, "execution": {"hostname": "escience-taps", "execution_start_time": 1716758658.2029784, "execution_end_time": 1716758658.2034042, "task_start_time": 1716758658.2029874, "task_end_time": 1716758658.203398, "input_transform_start_time": 1716758658.202983, "input_transform_end_time": 1716758658.2029872, "result_transform_start_time": 1716758658.2033982, "result_transform_end_time": 1716758658.203404}}
{"task_id": "a77ec7bc-2e39-44f5-b6ce-c3a78249206a", "function_name": "noop_task", "parent_task_ids": [], "submit_time": 1716758658.2056108, "received_time": 1716758658.2177036, "execution": {"hostname": "escience-taps", "execution_start_time": 1716758658.215652, "execution_end_time": 1716758658.2161088, "task_start_time": 1716758658.2156649, "task_end_time": 1716758658.2161014, "input_transform_start_time": 1716758658.2156577, "input_transform_end_time": 1716758658.2156649, "result_transform_start_time": 1716758658.2161016, "result_transform_end_time": 1716758658.2161086}}
{"task_id": "3a6c7660-b026-43da-b1ab-26c7724b8d62", "function_name": "noop_task", "parent_task_ids": [], "submit_time": 1716758658.218353, "received_time": 1716758658.230504, "execution": {"hostname": "escience-taps", "execution_start_time": 1716758658.22842, "execution_end_time": 1716758658.2290244, "task_start_time": 1716758658.2284336, "task_end_time": 1716758658.229018, "input_transform_start_time": 1716758658.228427, "input_transform_end_time": 1716758658.2284336, "result_transform_start_time": 1716758658.2290184, "result_transform_end_time": 1716758658.2290242}}
{"task_id": "1d9d5b70-ed94-4442-8c95-dd4ec92bb507", "function_name": "noop_task", "parent_task_ids": [], "submit_time": 1716758658.23116, "received_time": 1716758658.2435837, "execution": {"hostname": "escience-taps", "execution_start_time": 1716758658.2413623, "execution_end_time": 1716758658.241955, "task_start_time": 1716758658.2413735, "task_end_time": 1716758658.241949, "input_transform_start_time": 1716758658.2413678, "input_transform_end_time": 1716758658.2413733, "result_transform_start_time": 1716758658.2419496, "result_transform_end_time": 1716758658.241955}}
{"task_id": "95eee20c-b264-4b08-9a88-0e9a863d530c", "function_name": "noop_task", "parent_task_ids": [], "submit_time": 1716758658.2442102, "received_time": 1716758658.2565114, "execution": {"hostname": "escience-taps", "execution_start_time": 1716758658.2543125, "execution_end_time": 1716758658.2548554, "task_start_time": 1716758658.2543237, "task_end_time": 1716758658.254849, "input_transform_start_time": 1716758658.254318, "input_transform_end_time": 1716758658.2543235, "result_transform_start_time": 1716758658.2548492, "result_transform_end_time": 1716758658.2548554}}
