{"task_id": "d3ecc27a-48a9-4f15-a48c-a7244bc54c5f", "function_name": "id", "parent_task_ids": [], "submit_time": 1716758851.3741846, "received_time": 1716758853.021487, "execution": {"hostname": "escience-taps", "execution_start_time": 1716758853.0188468, "execution_end_time": 1716758853.0188615, "task_start_time": 1716758853.018856, "task_end_time": 1716758853.0188563, "input_transform_start_time": 1716758853.0188494, "input_transform_end_time": 1716758853.0188556, "result_transform_start_time": 1716758853.0188565, "result_transform_end_time": 1716758853.0188613}}
{"task_id": "5b692850-a848-4086-adec-f3b002ca4d7b", "function_name": "noop_task", "parent_task_ids": [], "submit_time": 1716758853.0514228, "received_time": 1716758853.2264616, "execution": {"hostname": "escience-taps", "execution_start_time": 1716758853.1772032, "execution_end_time": 1716758853.2250154, "task_start_time": 1716758853.1772206, "task_end_time": 1716758853.216353, "input_transform_start_time": 1716758853.177213, "input_transform_end_time": 1716758853.1772206, "result_transform_start_time": 1716758853.2163532, "result_transform_end_time": 1716758853.225015}}
{"task_id": "fc12ccfc-9ef8-4c26-b7ca-4002e2bac648", "function_name": "noop_task", "parent_task_ids": [], "submit_time": 1716758853.2601042, "received_time": 1716758853.4132483, "execution": {"hostname": "escience-taps", "execution_start_time": 1716758853.3691533, "execution_end_time": 1716758853.4118004, "task_start_time": 1716758853.3691864, "task_end_time": 1716758853.4049137, "input_transform_start_time": 1716758853.3691723, "input_transform_end_time": 1716758853.3691862, "result_transform_start_time": 1716758853.4049141, "result_transform_end_time": 1716758853.4118001}}
{"task_id": "7c107b9e-d682-4521-a292-612f086465d9", "function_name": "noop_task", "parent_task_ids": [], "submit_time": 1716758853.4417598, "received_time": 1716758853.5852156, "execution": {"hostname": "escience-taps", "execution_start_time": 1716758853.5459604, "execution_end_time": 1716758853.5837035, "task_start_time": 1716758853.5459905, "task_end_time": 1716758853.576442, "input_transform_start_time": 1716758853.5459769, "input_transform_end_time": 1716758853.5459902, "result_transform_start_time": 1716758853.5764427, "result_transform_end_time": 1716758853.5837033}}
{"task_id": "0698194e-72c1-48fe-b377-8f2f2d4d849d", "function_name": "noop_task", "parent_task_ids": [], "submit_time": 1716758853.6189435, "received_time": 1716758853.7723532, "execution": {"hostname": "escience-taps", "execution_start_time": 1716758853.727793, "execution_end_time": 1716758853.770431, "task_start_time": 1716758853.727822, "task_end_time": 1716758853.763488, "input_transform_start_time": 1716758853.72781, "input_transform_end_time": 1716758853.7278218, "result_transform_start_time": 1716758853.7634888, "result_transform_end_time": 1716758853.7704308}}
{"task_id": "eee15641-0671-452c-a5bf-de2332e664e3", "function_name": "noop_task", "parent_task_ids": [], "submit_time": 1716758853.800866, "received_time": 1716758853.9447272, "execution": {"hostname": "escience-taps", "execution_start_time": 1716758853.9051986, "execution_end_time": 1716758853.9432893, "task_start_time": 1716758853.9052336, "task_end_time": 1716758853.9364684, "input_transform_start_time": 1716758853.9052188, "input_transform_end_time": 1716758853.9052334, "result_transform_start_time": 1716758853.936469, "result_transform_end_time": 1716758853.943289}}
{"task_id": "25d5efd7-c600-410e-a11c-151f7e7ab5fb", "function_name": "noop_task", "parent_task_ids": [], "submit_time": 1716758853.9780936, "received_time": 1716758854.1259925, "execution": {"hostname": "escience-taps", "execution_start_time": 1716758854.0870183, "execution_end_time": 1716758854.1245883, "task_start_time": 1716758854.0870326, "task_end_time": 1716758854.1174998, "input_transform_start_time": 1716758854.0870264, "input_transform_end_time": 1716758854.0870326, "result_transform_start_time": 1716758854.1175008, "result_transform_end_time": 1716758854.124588}}
{"task_id": "773ebdd0-3884-455c-ac06-8400de0b9c7b", "function_name": "noop_task", "parent_task_ids": [], "submit_time": 1716758854.1543741, "received_time": 1716758854.2978165, "execution": {"hostname": "escience-taps", "execution_start_time": 1716758854.2586493, "execution_end_time": 1716758854.296396, "task_start_time": 1716758854.2586753, "task_end_time": 1716758854.2894096, "input_transform_start_time": 1716758854.2586637, "input_transform_end_time": 1716758854.258675, "result_transform_start_time": 1716758854.2894104, "result_transform_end_time": 1716758854.2963958}}
{"task_id": "17c58ed4-b967-473a-bf78-3884a1ba4a7b", "function_name": "noop_task", "parent_task_ids": [], "submit_time": 1716758854.3313403, "received_time": 1716758854.4788637, "execution": {"hostname": "escience-taps", "execution_start_time": 1716758854.4403968, "execution_end_time": 1716758854.477458, "task_start_time": 1716758854.4404213, "task_end_time": 1716758854.470664, "input_transform_start_time": 1716758854.4404109, "input_transform_end_time": 1716758854.440421, "result_transform_start_time": 1716758854.4706643, "result_transform_end_time": 1716758854.4774578}}
{"task_id": "2189cc99-ab4b-449e-a300-d13734ceca7c", "function_name": "noop_task", "parent_task_ids": [], "submit_time": 1716758854.507051, "received_time": 1716758854.6509597, "execution": {"hostname": "escience-taps", "execution_start_time": 1716758854.6116314, "execution_end_time": 1716758854.649583, "task_start_time": 1716758854.6116543, "task_end_time": 1716758854.6426065, "input_transform_start_time": 1716758854.611645, "input_transform_end_time": 1716758854.6116543, "result_transform_start_time": 1716758854.6426072, "result_transform_end_time": 1716758854.649583}}
{"task_id": "ecfc06b2-df55-4db5-8d7a-91a74a64a55a", "function_name": "noop_task", "parent_task_ids": [], "submit_time": 1716758854.6793091, "received_time": 1716758854.8230197, "execution": {"hostname": "escience-taps", "execution_start_time": 1716758854.7840128, "execution_end_time": 1716758854.8216875, "task_start_time": 1716758854.784024, "task_end_time": 1716758854.8147063, "input_transform_start_time": 1716758854.7840197, "input_transform_end_time": 1716758854.784024, "result_transform_start_time": 1716758854.8147068, "result_transform_end_time": 1716758854.8216872}}
