{"task_id": "2145b7a4-bdd0-48fb-9191-6a4186813880", "function_name": "id", "parent_task_ids": [], "submit_time": 1716758040.7920344, "received_time": 1716758041.4737716, "execution": {"hostname": "escience-taps", "execution_start_time": 1716758041.4626153, "execution_end_time": 1716758041.46266, "task_start_time": 1716758041.4626436, "task_end_time": 1716758041.4626465, "input_transform_start_time": 1716758041.4626307, "input_transform_end_time": 1716758041.4626434, "result_transform_start_time": 1716758041.4626465, "result_transform_end_time": 1716758041.4626598}}
{"task_id": "67580aca-fcd3-4e94-b755-151bfa1e1e7b", "function_name": "noop_task", "parent_task_ids": [], "submit_time": 1716758041.4741952, "received_time": 1716758041.4918633, "execution": {"hostname": "escience-taps", "execution_start_time": 1716758041.4847176, "execution_end_time": 1716758041.485028, "task_start_time": 1716758041.4847462, "task_end_time": 1716758041.4850154, "input_transform_start_time": 1716758041.4847264, "input_transform_end_time": 1716758041.4847457, "result_transform_start_time": 1716758041.4850156, "result_transform_end_time": 1716758041.4850278}}
{"task_id": "a70669e3-4e1c-41c1-a74e-6f255e903348", "function_name": "noop_task", "parent_task_ids": [], "submit_time": 1716758041.4913764, "received_time": 1716758041.5018706, "execution": {"hostname": "escience-taps", "execution_start_time": 1716758041.4956837, "execution_end_time": 1716758041.4960911, "task_start_time": 1716758041.4957159, "task_end_time": 1716758041.496072, "input_transform_start_time": 1716758041.4957001, "input_transform_end_time": 1716758041.4957154, "result_transform_start_time": 1716758041.4960725, "result_transform_end_time": 1716758041.496091}}
{"task_id": "4efd18ab-f915-4eb7-b3b9-73a248dbd087", "function_name": "noop_task", "parent_task_ids": [], "submit_time": 1716758041.5021489, "received_time": 1716758041.5173733, "execution": {"hostname": "escience-taps", "execution_start_time": 1716758041.510718, "execution_end_time": 1716758041.5110338, "task_start_time": 1716758041.510752, "task_end_time": 1716758041.5110242, "input_transform_start_time": 1716758041.5107374, "input_transform_end_time": 1716758041.5107515, "result_transform_start_time": 1716758041.5110245, "result_transform_end_time": 1716758041.5110335}}
{"task_id": "888fd723-84ce-4fe2-90c5-258ac09163d6", "function_name": "noop_task", "parent_task_ids": [], "submit_time": 1716758041.5181324, "received_time": 1716758041.5315187, "execution": {"hostname": "escience-taps", "execution_start_time": 1716758041.5265212, "execution_end_time": 1716758041.5267942, "task_start_time": 1716758041.5265481, "task_end_time": 1716758041.5267782, "input_transform_start_time": 1716758041.5265355, "input_transform_end_time": 1716758041.526548, "result_transform_start_time": 1716758041.5267785, "result_transform_end_time": 1716758041.526794}}
{"task_id": "663ca036-db83-4261-a8e3-3b5cf6ac87b9", "function_name": "noop_task", "parent_task_ids": [], "submit_time": 1716758041.5328305, "received_time": 1716758041.5480628, "execution": {"hostname": "escience-taps", "execution_start_time": 1716758041.5423398, "execution_end_time": 1716758041.5425792, "task_start_time": 1716758041.5423589, "task_end_time": 1716758041.5425682, "input_transform_start_time": 1716758041.5423484, "input_transform_end_time": 1716758041.5423582, "result_transform_start_time": 1716758041.5425687, "result_transform_end_time": 1716758041.542579}}
{"task_id": "552b7cb6-5cbd-4d7d-acf9-6fbb31a27cec", "function_name": "noop_task", "parent_task_ids": [], "submit_time": 1716758041.5492063, "received_time": 1716758041.564185, "execution": {"hostname": "escience-taps", "execution_start_time": 1716758041.5582426, "execution_end_time": 1716758041.5586343, "task_start_time": 1716758041.5582705, "task_end_time": 1716758041.558617, "input_transform_start_time": 1716758041.5582561, "input_transform_end_time": 1716758041.5582702, "result_transform_start_time": 1716758041.5586176, "result_transform_end_time": 1716758041.558634}}
{"task_id": "456875e4-7962-401f-a7a7-61edbfb52a43", "function_name": "noop_task", "parent_task_ids": [], "submit_time": 1716758041.5645018, "received_time": 1716758041.5805478, "execution": {"hostname": "escience-taps", "execution_start_time": 1716758041.5735373, "execution_end_time": 1716758041.573763, "task_start_time": 1716758041.573554, "task_end_time": 1716758041.5737507, "input_transform_start_time": 1716758041.5735445, "input_transform_end_time": 1716758041.5735536, "result_transform_start_time": 1716758041.573751, "result_transform_end_time": 1716758041.5737624}}
{"task_id": "433ef10d-8f43-4204-a640-e95e47242a36", "function_name": "noop_task", "parent_task_ids": [], "submit_time": 1716758041.5808892, "received_time": 1716758041.5953982, "execution": {"hostname": "escience-taps", "execution_start_time": 1716758041.5890098, "execution_end_time": 1716758041.5893085, "task_start_time": 1716758041.5890343, "task_end_time": 1716758041.5892918, "input_transform_start_time": 1716758041.5890212, "input_transform_end_time": 1716758041.5890338, "result_transform_start_time": 1716758041.5892923, "result_transform_end_time": 1716758041.5893083}}
{"task_id": "6362a9fc-938f-4c12-919a-3bd781a124a5", "function_name": "noop_task", "parent_task_ids": [], "submit_time": 1716758041.595, "received_time": 1716758041.6098957, "execution": {"hostname": "escience-taps", "execution_start_time": 1716758041.604681, "execution_end_time": 1716758041.604905, "task_start_time": 1716758041.6046956, "task_end_time": 1716758041.6048942, "input_transform_start_time": 1716758041.6046875, "input_transform_end_time": 1716758041.6046953, "result_transform_start_time": 1716758041.6048944, "result_transform_end_time": 1716758041.6049047}}
{"task_id": "944d6319-cd17-4ae6-bf04-886ed7d4c8ac", "function_name": "noop_task", "parent_task_ids": [], "submit_time": 1716758041.6112468, "received_time": 1716758041.6268396, "execution": {"hostname": "escience-taps", "execution_start_time": 1716758041.6227136, "execution_end_time": 1716758041.622902, "task_start_time": 1716758041.6227221, "task_end_time": 1716758041.622897, "input_transform_start_time": 1716758041.6227174, "input_transform_end_time": 1716758041.622722, "result_transform_start_time": 1716758041.6228971, "result_transform_end_time": 1716758041.622902}}
