{"task_id": "26ef5c01-8b8f-4082-815d-3b72dcf3b3c3", "function_name": "id", "parent_task_ids": [], "submit_time": 1716758453.1644218, "received_time": 1716758453.1728287, "execution": {"hostname": "escience-taps", "execution_start_time": 1716758453.1720004, "execution_end_time": 1716758453.172067, "task_start_time": 1716758453.172044, "task_end_time": 1716758453.1720452, "input_transform_start_time": 1716758453.1720161, "input_transform_end_time": 1716758453.1720438, "result_transform_start_time": 1716758453.1720455, "result_transform_end_time": 1716758453.172067}}
{"task_id": "a16a4d47-b350-40d5-a698-ff9c7c1c8382", "function_name": "noop_task", "parent_task_ids": [], "submit_time": 1716758453.1769454, "received_time": 1716758453.183504, "execution": {"hostname": "escience-taps", "execution_start_time": 1716758453.1793475, "execution_end_time": 1716758453.1820607, "task_start_time": 1716758453.1793559, "task_end_time": 1716758453.1820388, "input_transform_start_time": 1716758453.1793523, "input_transform_end_time": 1716758453.1793559, "result_transform_start_time": 1716758453.1820388, "result_transform_end_time": 1716758453.1820607}}
{"task_id": "c4a856e3-39ee-400c-80d8-83caf7866aca", "function_name": "noop_task", "parent_task_ids": [], "submit_time": 1716758453.1868558, "received_time": 1716758453.1920054, "execution": {"hostname": "escience-taps", "execution_start_time": 1716758453.1881704, "execution_end_time": 1716758453.1911218, "task_start_time": 1716758453.1881785, "task_end_time": 1716758453.1911178, "input_transform_start_time": 1716758453.1881745, "input_transform_end_time": 1716758453.1881785, "result_transform_start_time": 1716758453.1911178, "result_transform_end_time": 1716758453.1911218}}
{"task_id": "65def183-a9eb-4363-867f-ad9051c744cf", "function_name": "noop_task", "parent_task_ids": [], "submit_time": 1716758453.195098, "received_time": 1716758453.199968, "execution": {"hostname": "escience-taps", "execution_start_time": 1716758453.1962717, "execution_end_time": 1716758453.199157, "task_start_time": 1716758453.1962862, "task_end_time": 1716758453.1991537, "input_transform_start_time": 1716758453.1962798, "input_transform_end_time": 1716758453.196286, "result_transform_start_time": 1716758453.1991537, "result_transform_end_time": 1716758453.199157}}
{"task_id": "fb7afcf1-df76-4e97-89a2-0ef30f52fe61", "function_name": "noop_task", "parent_task_ids": [], "submit_time": 1716758453.2031262, "received_time": 1716758453.207908, "execution": {"hostname": "escience-taps", "execution_start_time": 1716758453.204289, "execution_end_time": 1716758453.207134, "task_start_time": 1716758453.2042952, "task_end_time": 1716758453.20713, "input_transform_start_time": 1716758453.204292, "input_transform_end_time": 1716758453.204295, "result_transform_start_time": 1716758453.2071302, "result_transform_end_time": 1716758453.207134}}
{"task_id": "cd6f356a-e0f9-450a-aaeb-8993e8059207", "function_name": "noop_task", "parent_task_ids": [], "submit_time": 1716758453.2107646, "received_time": 1716758453.2155018, "execution": {"hostname": "escience-taps", "execution_start_time": 1716758453.2118897, "execution_end_time": 1716758453.2147968, "task_start_time": 1716758453.2118979, "task_end_time": 1716758453.2147934, "input_transform_start_time": 1716758453.211894, "input_transform_end_time": 1716758453.2118976, "result_transform_start_time": 1716758453.2147937, "result_transform_end_time": 1716758453.2147968}}
{"task_id": "c9e073aa-3554-43e5-8105-867b636cd853", "function_name": "noop_task", "parent_task_ids": [], "submit_time": 1716758453.2182164, "received_time": 1716758453.2225118, "execution": {"hostname": "escience-taps", "execution_start_time": 1716758453.2194288, "execution_end_time": 1716758453.2217963, "task_start_time": 1716758453.2194343, "task_end_time": 1716758453.2217903, "input_transform_start_time": 1716758453.2194316, "input_transform_end_time": 1716758453.219434, "result_transform_start_time": 1716758453.2217903, "result_transform_end_time": 1716758453.2217963}}
{"task_id": "ee72f7f6-1689-4f7d-8225-10e7ce3293a0", "function_name": "noop_task", "parent_task_ids": [], "submit_time": 1716758453.2256901, "received_time": 1716758453.2301867, "execution": {"hostname": "escience-taps", "execution_start_time": 1716758453.227085, "execution_end_time": 1716758453.2295005, "task_start_time": 1716758453.227094, "task_end_time": 1716758453.2294972, "input_transform_start_time": 1716758453.2270894, "input_transform_end_time": 1716758453.2270937, "result_transform_start_time": 1716758453.2294974, "result_transform_end_time": 1716758453.2295005}}
{"task_id": "d69eaa3f-6539-46b3-99b2-799b39684351", "function_name": "noop_task", "parent_task_ids": [], "submit_time": 1716758453.232788, "received_time": 1716758453.2393506, "execution": {"hostname": "escience-taps", "execution_start_time": 1716758453.2365422, "execution_end_time": 1716758453.2388554, "task_start_time": 1716758453.2365475, "task_end_time": 1716758453.2388525, "input_transform_start_time": 1716758453.236545, "input_transform_end_time": 1716758453.2365472, "result_transform_start_time": 1716758453.238853, "result_transform_end_time": 1716758453.2388554}}
{"task_id": "9d3adf59-3e25-436c-af88-319261c0aead", "function_name": "noop_task", "parent_task_ids": [], "submit_time": 1716758453.242433, "received_time": 1716758453.2473125, "execution": {"hostname": "escience-taps", "execution_start_time": 1716758453.243636, "execution_end_time": 1716758453.2462232, "task_start_time": 1716758453.2436416, "task_end_time": 1716758453.2462204, "input_transform_start_time": 1716758453.243639, "input_transform_end_time": 1716758453.2436416, "result_transform_start_time": 1716758453.2462204, "result_transform_end_time": 1716758453.2462232}}
{"task_id": "14087312-1993-4154-b92f-35cd41f608dc", "function_name": "noop_task", "parent_task_ids": [], "submit_time": 1716758453.2498991, "received_time": 1716758453.2541132, "execution": {"hostname": "escience-taps", "execution_start_time": 1716758453.2510717, "execution_end_time": 1716758453.2533972, "task_start_time": 1716758453.2510793, "task_end_time": 1716758453.2533944, "input_transform_start_time": 1716758453.251076, "input_transform_end_time": 1716758453.2510793, "result_transform_start_time": 1716758453.2533944, "result_transform_end_time": 1716758453.2533972}}
