{"task_id": "2a81f94d-2a16-4b51-8798-d76803ed0949", "function_name": "id", "parent_task_ids": [], "submit_time": 1716758832.8036823, "received_time": 1716758834.4412434, "execution": {"hostname": "escience-taps", "execution_start_time": 1716758834.438549, "execution_end_time": 1716758834.4385648, "task_start_time": 1716758834.438559, "task_end_time": 1716758834.4385595, "input_transform_start_time": 1716758834.4385517, "input_transform_end_time": 1716758834.4385588, "result_transform_start_time": 1716758834.4385598, "result_transform_end_time": 1716758834.4385648}}
{"task_id": "c4ef5317-c80a-4458-8684-2bb0d7d8e320", "function_name": "noop_task", "parent_task_ids": [], "submit_time": 1716758834.4448164, "received_time": 1716758834.4929018, "execution": {"hostname": "escience-taps", "execution_start_time": 1716758834.485114, "execution_end_time": 1716758834.4913802, "task_start_time": 1716758834.4851322, "task_end_time": 1716758834.4902565, "input_transform_start_time": 1716758834.4851246, "input_transform_end_time": 1716758834.4851322, "result_transform_start_time": 1716758834.4902568, "result_transform_end_time": 1716758834.49138}}
{"task_id": "26121bf4-12c2-47d6-bb25-8c3f9ee9d7a9", "function_name": "noop_task", "parent_task_ids": [], "submit_time": 1716758834.4991634, "received_time": 1716758834.529173, "execution": {"hostname": "escience-taps", "execution_start_time": 1716758834.5234787, "execution_end_time": 1716758834.5279346, "task_start_time": 1716758834.5235088, "task_end_time": 1716758834.5273204, "input_transform_start_time": 1716758834.5234957, "input_transform_end_time": 1716758834.5235085, "result_transform_start_time": 1716758834.5273206, "result_transform_end_time": 1716758834.5279343}}
{"task_id": "b9e5d1e1-cf9b-41c6-b69b-55cf5cffa6de", "function_name": "noop_task", "parent_task_ids": [], "submit_time": 1716758834.5339856, "received_time": 1716758834.5695949, "execution": {"hostname": "escience-taps", "execution_start_time": 1716758834.5601516, "execution_end_time": 1716758834.5679073, "task_start_time": 1716758834.5601761, "task_end_time": 1716758834.5666509, "input_transform_start_time": 1716758834.5601642, "input_transform_end_time": 1716758834.5601761, "result_transform_start_time": 1716758834.5666513, "result_transform_end_time": 1716758834.5679069}}
{"task_id": "2c6590b0-70f5-4160-a276-dadfba78fe0d", "function_name": "noop_task", "parent_task_ids": [], "submit_time": 1716758834.5767922, "received_time": 1716758834.611788, "execution": {"hostname": "escience-taps", "execution_start_time": 1716758834.60032, "execution_end_time": 1716758834.610158, "task_start_time": 1716758834.6003456, "task_end_time": 1716758834.6088405, "input_transform_start_time": 1716758834.6003346, "input_transform_end_time": 1716758834.6003454, "result_transform_start_time": 1716758834.6088407, "result_transform_end_time": 1716758834.6101577}}
{"task_id": "59a92688-21cf-4a44-af2f-c1e98b1c0961", "function_name": "noop_task", "parent_task_ids": [], "submit_time": 1716758834.6152468, "received_time": 1716758834.6519654, "execution": {"hostname": "escience-taps", "execution_start_time": 1716758834.642517, "execution_end_time": 1716758834.6503263, "task_start_time": 1716758834.6425407, "task_end_time": 1716758834.649126, "input_transform_start_time": 1716758834.642531, "input_transform_end_time": 1716758834.6425405, "result_transform_start_time": 1716758834.6491268, "result_transform_end_time": 1716758834.6503258}}
{"task_id": "af6eec03-8279-45e1-96c2-8eda3610f170", "function_name": "noop_task", "parent_task_ids": [], "submit_time": 1716758834.6581166, "received_time": 1716758834.6936936, "execution": {"hostname": "escience-taps", "execution_start_time": 1716758834.6827276, "execution_end_time": 1716758834.692325, "task_start_time": 1716758834.6827536, "task_end_time": 1716758834.6911294, "input_transform_start_time": 1716758834.6827426, "input_transform_end_time": 1716758834.6827533, "result_transform_start_time": 1716758834.69113, "result_transform_end_time": 1716758834.6923246}}
{"task_id": "1ad86a8f-b302-436b-9836-5fa635ddda17", "function_name": "noop_task", "parent_task_ids": [], "submit_time": 1716758834.6989815, "received_time": 1716758834.7341952, "execution": {"hostname": "escience-taps", "execution_start_time": 1716758834.7245078, "execution_end_time": 1716758834.7324681, "task_start_time": 1716758834.7245302, "task_end_time": 1716758834.7312713, "input_transform_start_time": 1716758834.72452, "input_transform_end_time": 1716758834.72453, "result_transform_start_time": 1716758834.7312717, "result_transform_end_time": 1716758834.732468}}
{"task_id": "c9ad0b27-3923-4bc9-8645-767315e374a6", "function_name": "noop_task", "parent_task_ids": [], "submit_time": 1716758834.7402956, "received_time": 1716758834.7758498, "execution": {"hostname": "escience-taps", "execution_start_time": 1716758834.7648888, "execution_end_time": 1716758834.7744153, "task_start_time": 1716758834.7649157, "task_end_time": 1716758834.7732217, "input_transform_start_time": 1716758834.7649045, "input_transform_end_time": 1716758834.7649155, "result_transform_start_time": 1716758834.7732222, "result_transform_end_time": 1716758834.774415}}
{"task_id": "415d518a-0829-4f7b-9518-2be0ec7d050c", "function_name": "noop_task", "parent_task_ids": [], "submit_time": 1716758834.7794156, "received_time": 1716758834.8159435, "execution": {"hostname": "escience-taps", "execution_start_time": 1716758834.806582, "execution_end_time": 1716758834.8143775, "task_start_time": 1716758834.8066018, "task_end_time": 1716758834.813202, "input_transform_start_time": 1716758834.806593, "input_transform_end_time": 1716758834.8066018, "result_transform_start_time": 1716758834.8132024, "result_transform_end_time": 1716758834.8143773}}
{"task_id": "611d0782-8f26-4db3-a9c0-4cf76d06d231", "function_name": "noop_task", "parent_task_ids": [], "submit_time": 1716758834.8240907, "received_time": 1716758834.8574457, "execution": {"hostname": "escience-taps", "execution_start_time": 1716758834.84667, "execution_end_time": 1716758834.856014, "task_start_time": 1716758834.8466904, "task_end_time": 1716758834.8548152, "input_transform_start_time": 1716758834.8466814, "input_transform_end_time": 1716758834.8466904, "result_transform_start_time": 1716758834.8548155, "result_transform_end_time": 1716758834.8560138}}
