{"task_id": "b962a760-8df0-4f27-9a11-620e227e28a3", "function_name": "id", "parent_task_ids": [], "submit_time": 1716758044.3699303, "received_time": 1716758045.024444, "execution": {"hostname": "escience-taps", "execution_start_time": 1716758045.0135477, "execution_end_time": 1716758045.0135746, "task_start_time": 1716758045.013563, "task_end_time": 1716758045.0135643, "input_transform_start_time": 1716758045.0135539, "input_transform_end_time": 1716758045.013563, "result_transform_start_time": 1716758045.0135646, "result_transform_end_time": 1716758045.0135744}}
{"task_id": "a3788c1e-96a0-46ec-a72c-afaa47a8587f", "function_name": "noop_task", "parent_task_ids": [], "submit_time": 1716758045.0249875, "received_time": 1716758045.0467863, "execution": {"hostname": "escience-taps", "execution_start_time": 1716758045.0405076, "execution_end_time": 1716758045.0407987, "task_start_time": 1716758045.0405269, "task_end_time": 1716758045.040787, "input_transform_start_time": 1716758045.0405164, "input_transform_end_time": 1716758045.0405266, "result_transform_start_time": 1716758045.0407872, "result_transform_end_time": 1716758045.0407984}}
{"task_id": "2ca66a9f-5b07-42a6-b2bb-f50e14585468", "function_name": "noop_task", "parent_task_ids": [], "submit_time": 1716758045.0473652, "received_time": 1716758045.0581343, "execution": {"hostname": "escience-taps", "execution_start_time": 1716758045.0515935, "execution_end_time": 1716758045.0519376, "task_start_time": 1716758045.0516288, "task_end_time": 1716758045.051923, "input_transform_start_time": 1716758045.051612, "input_transform_end_time": 1716758045.0516286, "result_transform_start_time": 1716758045.0519233, "result_transform_end_time": 1716758045.0519376}}
{"task_id": "a5efb40d-be0a-4b66-a7ab-987fb333c53b", "function_name": "noop_task", "parent_task_ids": [], "submit_time": 1716758045.0576751, "received_time": 1716758045.0724382, "execution": {"hostname": "escience-taps", "execution_start_time": 1716758045.0662522, "execution_end_time": 1716758045.0665295, "task_start_time": 1716758045.066276, "task_end_time": 1716758045.0665193, "input_transform_start_time": 1716758045.0662625, "input_transform_end_time": 1716758045.0662758, "result_transform_start_time": 1716758045.0665195, "result_transform_end_time": 1716758045.0665293}}
{"task_id": "3d748bd3-a789-4d33-9ee3-65644252780b", "function_name": "noop_task", "parent_task_ids": [], "submit_time": 1716758045.0733564, "received_time": 1716758045.0879207, "execution": {"hostname": "escience-taps", "execution_start_time": 1716758045.0816648, "execution_end_time": 1716758045.0819726, "task_start_time": 1716758045.0816925, "task_end_time": 1716758045.0819538, "input_transform_start_time": 1716758045.0816777, "input_transform_end_time": 1716758045.0816922, "result_transform_start_time": 1716758045.0819542, "result_transform_end_time": 1716758045.0819721}}
{"task_id": "b38cf0bd-d9b6-43d5-b47b-2865e56f7e5d", "function_name": "noop_task", "parent_task_ids": [], "submit_time": 1716758045.0882242, "received_time": 1716758045.104546, "execution": {"hostname": "escience-taps", "execution_start_time": 1716758045.0978491, "execution_end_time": 1716758045.0980983, "task_start_time": 1716758045.0978813, "task_end_time": 1716758045.0980887, "input_transform_start_time": 1716758045.0978708, "input_transform_end_time": 1716758045.097881, "result_transform_start_time": 1716758045.098089, "result_transform_end_time": 1716758045.0980978}}
{"task_id": "ea8de224-c964-4a0f-b819-1ab5beffa25c", "function_name": "noop_task", "parent_task_ids": [], "submit_time": 1716758045.1048636, "received_time": 1716758045.118892, "execution": {"hostname": "escience-taps", "execution_start_time": 1716758045.113094, "execution_end_time": 1716758045.1138132, "task_start_time": 1716758045.1131275, "task_end_time": 1716758045.1137967, "input_transform_start_time": 1716758045.1131096, "input_transform_end_time": 1716758045.113127, "result_transform_start_time": 1716758045.1137972, "result_transform_end_time": 1716758045.1138127}}
{"task_id": "4d3cb278-edba-4c4d-b731-84b4cc9a7308", "function_name": "noop_task", "parent_task_ids": [], "submit_time": 1716758045.1196492, "received_time": 1716758045.1353662, "execution": {"hostname": "escience-taps", "execution_start_time": 1716758045.1285307, "execution_end_time": 1716758045.128777, "task_start_time": 1716758045.1285493, "task_end_time": 1716758045.1287632, "input_transform_start_time": 1716758045.1285386, "input_transform_end_time": 1716758045.128549, "result_transform_start_time": 1716758045.1287634, "result_transform_end_time": 1716758045.1287768}}
{"task_id": "9cf4424f-269f-452d-941d-c959956326b7", "function_name": "noop_task", "parent_task_ids": [], "submit_time": 1716758045.1356833, "received_time": 1716758045.1498344, "execution": {"hostname": "escience-taps", "execution_start_time": 1716758045.1440077, "execution_end_time": 1716758045.1443086, "task_start_time": 1716758045.1440306, "task_end_time": 1716758045.1442971, "input_transform_start_time": 1716758045.1440175, "input_transform_end_time": 1716758045.14403, "result_transform_start_time": 1716758045.1442974, "result_transform_end_time": 1716758045.1443083}}
{"task_id": "c2707bd5-1d01-4d3c-af00-15613b10f4a7", "function_name": "noop_task", "parent_task_ids": [], "submit_time": 1716758045.1501155, "received_time": 1716758045.1663814, "execution": {"hostname": "escience-taps", "execution_start_time": 1716758045.1595151, "execution_end_time": 1716758045.1597536, "task_start_time": 1716758045.15953, "task_end_time": 1716758045.1597424, "input_transform_start_time": 1716758045.1595218, "input_transform_end_time": 1716758045.15953, "result_transform_start_time": 1716758045.1597428, "result_transform_end_time": 1716758045.1597533}}
{"task_id": "4e9dc2d1-e75d-4fc0-ad42-ae3e68aeec96", "function_name": "noop_task", "parent_task_ids": [], "submit_time": 1716758045.1666656, "received_time": 1716758045.17925, "execution": {"hostname": "escience-taps", "execution_start_time": 1716758045.1747897, "execution_end_time": 1716758045.1750305, "task_start_time": 1716758045.174806, "task_end_time": 1716758045.1750205, "input_transform_start_time": 1716758045.1747968, "input_transform_end_time": 1716758045.1748056, "result_transform_start_time": 1716758045.1750207, "result_transform_end_time": 1716758045.1750305}}
