{"task_id": "89c22032-2bec-441d-ac76-190dceab28e2", "function_name": "id", "parent_task_ids": [], "submit_time": 1716761311.280453, "received_time": 1716761312.8670805, "execution": {"hostname": "escience-taps", "execution_start_time": 1716761311.5751128, "execution_end_time": 1716761311.575148, "task_start_time": 1716761311.575136, "task_end_time": 1716761311.575138, "input_transform_start_time": 1716761311.5751238, "input_transform_end_time": 1716761311.5751357, "result_transform_start_time": 1716761311.5751383, "result_transform_end_time": 1716761311.5751479}}
{"task_id": "4ebf6e44-ea44-4755-9336-95a5bb477288", "function_name": "noop_task", "parent_task_ids": [], "submit_time": 1716761312.9276426, "received_time": 1716761313.8699105, "execution": {"hostname": "escience-taps", "execution_start_time": 1716761313.1058831, "execution_end_time": 1716761313.1796086, "task_start_time": 1716761313.105919, "task_end_time": 1716761313.1696827, "input_transform_start_time": 1716761313.1059048, "input_transform_end_time": 1716761313.1059186, "result_transform_start_time": 1716761313.169683, "result_transform_end_time": 1716761313.1796083}}
{"task_id": "73f234c7-0357-4f33-ae44-e25cde23df1c", "function_name": "noop_task", "parent_task_ids": [], "submit_time": 1716761313.9368842, "received_time": 1716761314.8730783, "execution": {"hostname": "escience-taps", "execution_start_time": 1716761314.0533502, "execution_end_time": 1716761314.126767, "task_start_time": 1716761314.0533795, "task_end_time": 1716761314.1174772, "input_transform_start_time": 1716761314.0533676, "input_transform_end_time": 1716761314.0533793, "result_transform_start_time": 1716761314.1174777, "result_transform_end_time": 1716761314.1267667}}
{"task_id": "1fede181-1917-47aa-b20e-353a57ad14a2", "function_name": "noop_task", "parent_task_ids": [], "submit_time": 1716761314.935205, "received_time": 1716761315.8752108, "execution": {"hostname": "escience-taps", "execution_start_time": 1716761315.4006283, "execution_end_time": 1716761315.4749799, "task_start_time": 1716761315.4006596, "task_end_time": 1716761315.4651544, "input_transform_start_time": 1716761315.400647, "input_transform_end_time": 1716761315.400659, "result_transform_start_time": 1716761315.4651546, "result_transform_end_time": 1716761315.4749796}}
{"task_id": "8efe3b9f-8918-4311-a814-2a8e8323729e", "function_name": "noop_task", "parent_task_ids": [], "submit_time": 1716761315.9308825, "received_time": 1716761316.877849, "execution": {"hostname": "escience-taps", "execution_start_time": 1716761316.0412407, "execution_end_time": 1716761316.1075776, "task_start_time": 1716761316.04128, "task_end_time": 1716761316.0992837, "input_transform_start_time": 1716761316.0412636, "input_transform_end_time": 1716761316.0412798, "result_transform_start_time": 1716761316.099284, "result_transform_end_time": 1716761316.1075776}}
{"task_id": "503d30c3-c1da-4319-a28b-59bc584cdb10", "function_name": "noop_task", "parent_task_ids": [], "submit_time": 1716761316.9451702, "received_time": 1716761317.8801577, "execution": {"hostname": "escience-taps", "execution_start_time": 1716761317.0509171, "execution_end_time": 1716761317.1185129, "task_start_time": 1716761317.050949, "task_end_time": 1716761317.1098034, "input_transform_start_time": 1716761317.050936, "input_transform_end_time": 1716761317.0509489, "result_transform_start_time": 1716761317.1098034, "result_transform_end_time": 1716761317.1185129}}
{"task_id": "96a885a8-233e-4652-8a24-29f777a6cc6f", "function_name": "noop_task", "parent_task_ids": [], "submit_time": 1716761317.938381, "received_time": 1716761318.8819778, "execution": {"hostname": "escience-taps", "execution_start_time": 1716761318.4015489, "execution_end_time": 1716761318.4780688, "task_start_time": 1716761318.4015858, "task_end_time": 1716761318.4675486, "input_transform_start_time": 1716761318.401571, "input_transform_end_time": 1716761318.4015856, "result_transform_start_time": 1716761318.467549, "result_transform_end_time": 1716761318.4780686}}
{"task_id": "bd45a204-50d4-466f-b72f-73e34f64183c", "function_name": "noop_task", "parent_task_ids": [], "submit_time": 1716761318.9430947, "received_time": 1716761319.884892, "execution": {"hostname": "escience-taps", "execution_start_time": 1716761319.0549157, "execution_end_time": 1716761319.122377, "task_start_time": 1716761319.054971, "task_end_time": 1716761319.113895, "input_transform_start_time": 1716761319.0549517, "input_transform_end_time": 1716761319.0549707, "result_transform_start_time": 1716761319.1138954, "result_transform_end_time": 1716761319.1223767}}
{"task_id": "ca4df5e4-5940-423d-81af-7edcab9f21c1", "function_name": "noop_task", "parent_task_ids": [], "submit_time": 1716761319.9461384, "received_time": 1716761320.8876698, "execution": {"hostname": "escience-taps", "execution_start_time": 1716761320.0580268, "execution_end_time": 1716761320.130635, "task_start_time": 1716761320.0580738, "task_end_time": 1716761320.121123, "input_transform_start_time": 1716761320.0580552, "input_transform_end_time": 1716761320.0580735, "result_transform_start_time": 1716761320.1211238, "result_transform_end_time": 1716761320.130635}}
{"task_id": "0046e977-48c8-424f-835f-975688c4b850", "function_name": "noop_task", "parent_task_ids": [], "submit_time": 1716761320.9518557, "received_time": 1716761321.8903537, "execution": {"hostname": "escience-taps", "execution_start_time": 1716761321.0641584, "execution_end_time": 1716761321.108472, "task_start_time": 1716761321.064178, "task_end_time": 1716761321.1003487, "input_transform_start_time": 1716761321.0641694, "input_transform_end_time": 1716761321.0641778, "result_transform_start_time": 1716761321.100349, "result_transform_end_time": 1716761321.1084719}}
{"task_id": "2c65fe83-ce61-4373-99c0-a5d1cc6a315b", "function_name": "noop_task", "parent_task_ids": [], "submit_time": 1716761321.9225538, "received_time": 1716761322.8925474, "execution": {"hostname": "escience-taps", "execution_start_time": 1716761322.0345123, "execution_end_time": 1716761322.0841281, "task_start_time": 1716761322.0345268, "task_end_time": 1716761322.0730147, "input_transform_start_time": 1716761322.0345204, "input_transform_end_time": 1716761322.0345268, "result_transform_start_time": 1716761322.073015, "result_transform_end_time": 1716761322.084128}}
