{"task_id": "c34b72ac-56b1-4969-8992-8993ec9b846b", "function_name": "id", "parent_task_ids": [], "submit_time": 1716763217.5552223, "received_time": 1716763217.5634627, "execution": {"hostname": "escience-taps", "execution_start_time": 1716763217.5626223, "execution_end_time": 1716763217.5626864, "task_start_time": 1716763217.5626674, "task_end_time": 1716763217.562668, "input_transform_start_time": 1716763217.562638, "input_transform_end_time": 1716763217.5626647, "result_transform_start_time": 1716763217.5626683, "result_transform_end_time": 1716763217.5626864}}
{"task_id": "36a55e3d-a02f-48be-a2d4-ffcca94084e7", "function_name": "noop_task", "parent_task_ids": [], "submit_time": 1716763217.5644553, "received_time": 1716763217.5680928, "execution": {"hostname": "escience-taps", "execution_start_time": 1716763217.5664723, "execution_end_time": 1716763217.5678248, "task_start_time": 1716763217.5664937, "task_end_time": 1716763217.5675845, "input_transform_start_time": 1716763217.566489, "input_transform_end_time": 1716763217.5664935, "result_transform_start_time": 1716763217.5675845, "result_transform_end_time": 1716763217.5678248}}
{"task_id": "233de35f-af1f-430f-bdaf-c603cc0b42ba", "function_name": "noop_task", "parent_task_ids": [], "submit_time": 1716763217.5684533, "received_time": 1716763217.5695958, "execution": {"hostname": "escience-taps", "execution_start_time": 1716763217.569032, "execution_end_time": 1716763217.5694306, "task_start_time": 1716763217.5690541, "task_end_time": 1716763217.569264, "input_transform_start_time": 1716763217.5690424, "input_transform_end_time": 1716763217.569054, "result_transform_start_time": 1716763217.569264, "result_transform_end_time": 1716763217.5694304}}
{"task_id": "2c999767-bf13-4f06-bcc6-66de3a9a4fc9", "function_name": "noop_task", "parent_task_ids": [], "submit_time": 1716763217.569856, "received_time": 1716763217.5708442, "execution": {"hostname": "escience-taps", "execution_start_time": 1716763217.5703154, "execution_end_time": 1716763217.5706806, "task_start_time": 1716763217.570329, "task_end_time": 1716763217.570535, "input_transform_start_time": 1716763217.5703213, "input_transform_end_time": 1716763217.5703285, "result_transform_start_time": 1716763217.570535, "result_transform_end_time": 1716763217.5706804}}
{"task_id": "78bc93c9-9de0-4d72-bf6b-61bbd395d538", "function_name": "noop_task", "parent_task_ids": [], "submit_time": 1716763217.5710948, "received_time": 1716763217.572058, "execution": {"hostname": "escience-taps", "execution_start_time": 1716763217.5715134, "execution_end_time": 1716763217.5718896, "task_start_time": 1716763217.5715244, "task_end_time": 1716763217.5717328, "input_transform_start_time": 1716763217.5715184, "input_transform_end_time": 1716763217.5715244, "result_transform_start_time": 1716763217.571733, "result_transform_end_time": 1716763217.5718894}}
{"task_id": "66bb5383-584e-4770-b45e-1949caf58488", "function_name": "noop_task", "parent_task_ids": [], "submit_time": 1716763217.5723128, "received_time": 1716763217.5732536, "execution": {"hostname": "escience-taps", "execution_start_time": 1716763217.5727153, "execution_end_time": 1716763217.573088, "task_start_time": 1716763217.5727253, "task_end_time": 1716763217.5729487, "input_transform_start_time": 1716763217.5727203, "input_transform_end_time": 1716763217.5727246, "result_transform_start_time": 1716763217.5729487, "result_transform_end_time": 1716763217.5730877}}
{"task_id": "977e7913-ce53-48c7-8afd-2fcc1ca00b2a", "function_name": "noop_task", "parent_task_ids": [], "submit_time": 1716763217.5759046, "received_time": 1716763217.5769513, "execution": {"hostname": "escience-taps", "execution_start_time": 1716763217.5763807, "execution_end_time": 1716763217.5767808, "task_start_time": 1716763217.576391, "task_end_time": 1716763217.5765998, "input_transform_start_time": 1716763217.5763865, "input_transform_end_time": 1716763217.5763907, "result_transform_start_time": 1716763217.5765998, "result_transform_end_time": 1716763217.5767808}}
{"task_id": "ea6db13a-69e4-4621-b638-c7d109facf1e", "function_name": "noop_task", "parent_task_ids": [], "submit_time": 1716763217.5772133, "received_time": 1716763217.5781298, "execution": {"hostname": "escience-taps", "execution_start_time": 1716763217.5776618, "execution_end_time": 1716763217.57799, "task_start_time": 1716763217.5776708, "task_end_time": 1716763217.5778522, "input_transform_start_time": 1716763217.5776668, "input_transform_end_time": 1716763217.5776706, "result_transform_start_time": 1716763217.5778522, "result_transform_end_time": 1716763217.5779898}}
{"task_id": "66f3f2ba-39af-4082-a60c-7e77954d2c9a", "function_name": "noop_task", "parent_task_ids": [], "submit_time": 1716763217.5783699, "received_time": 1716763217.579277, "execution": {"hostname": "escience-taps", "execution_start_time": 1716763217.5787973, "execution_end_time": 1716763217.5791507, "task_start_time": 1716763217.5788062, "task_end_time": 1716763217.579005, "input_transform_start_time": 1716763217.5788026, "input_transform_end_time": 1716763217.5788062, "result_transform_start_time": 1716763217.579005, "result_transform_end_time": 1716763217.5791507}}
{"task_id": "94bdea36-a9b4-4198-91b2-5a3bbc45ba17", "function_name": "noop_task", "parent_task_ids": [], "submit_time": 1716763217.5795186, "received_time": 1716763217.5803294, "execution": {"hostname": "escience-taps", "execution_start_time": 1716763217.5798898, "execution_end_time": 1716763217.5802052, "task_start_time": 1716763217.5798976, "task_end_time": 1716763217.5800734, "input_transform_start_time": 1716763217.5798943, "input_transform_end_time": 1716763217.5798976, "result_transform_start_time": 1716763217.5800734, "result_transform_end_time": 1716763217.5802052}}
{"task_id": "9e991e4f-86f5-40ac-bad0-cdb1169e9120", "function_name": "noop_task", "parent_task_ids": [], "submit_time": 1716763217.580549, "received_time": 1716763217.5813653, "execution": {"hostname": "escience-taps", "execution_start_time": 1716763217.5809212, "execution_end_time": 1716763217.5812373, "task_start_time": 1716763217.5809293, "task_end_time": 1716763217.5811071, "input_transform_start_time": 1716763217.580926, "input_transform_end_time": 1716763217.580929, "result_transform_start_time": 1716763217.5811071, "result_transform_end_time": 1716763217.5812373}}
