{"task_id": "7c4bd1f8-65ee-4ce0-b614-e3abeac627a5", "function_name": "id", "parent_task_ids": [], "submit_time": 1716758756.903098, "received_time": 1716758758.5223086, "execution": {"hostname": "escience-taps", "execution_start_time": 1716758758.5188682, "execution_end_time": 1716758758.5188835, "task_start_time": 1716758758.5188782, "task_end_time": 1716758758.5188787, "input_transform_start_time": 1716758758.5188708, "input_transform_end_time": 1716758758.518878, "result_transform_start_time": 1716758758.5188787, "result_transform_end_time": 1716758758.5188835}}
{"task_id": "c3503e79-6038-4155-9999-ab5cc634226b", "function_name": "noop_task", "parent_task_ids": [], "submit_time": 1716758758.5234885, "received_time": 1716758758.5374002, "execution": {"hostname": "escience-taps", "execution_start_time": 1716758758.5351524, "execution_end_time": 1716758758.5358849, "task_start_time": 1716758758.5351732, "task_end_time": 1716758758.535654, "input_transform_start_time": 1716758758.5351639, "input_transform_end_time": 1716758758.535173, "result_transform_start_time": 1716758758.5356543, "result_transform_end_time": 1716758758.5358849}}
{"task_id": "738a6e84-a52c-421e-85eb-5695e344baa4", "function_name": "noop_task", "parent_task_ids": [], "submit_time": 1716758758.5381494, "received_time": 1716758758.5500302, "execution": {"hostname": "escience-taps", "execution_start_time": 1716758758.5479174, "execution_end_time": 1716758758.548748, "task_start_time": 1716758758.5479429, "task_end_time": 1716758758.5485682, "input_transform_start_time": 1716758758.5479321, "input_transform_end_time": 1716758758.5479426, "result_transform_start_time": 1716758758.5485685, "result_transform_end_time": 1716758758.5487478}}
{"task_id": "935e3d7b-babb-4f01-ab69-cf936b4642e4", "function_name": "noop_task", "parent_task_ids": [], "submit_time": 1716758758.5505874, "received_time": 1716758758.5626094, "execution": {"hostname": "escience-taps", "execution_start_time": 1716758758.560611, "execution_end_time": 1716758758.5614405, "task_start_time": 1716758758.5606332, "task_end_time": 1716758758.5612705, "input_transform_start_time": 1716758758.560623, "input_transform_end_time": 1716758758.5606332, "result_transform_start_time": 1716758758.5612707, "result_transform_end_time": 1716758758.5614402}}
{"task_id": "6094dda1-d443-4dd3-8f48-809957a89356", "function_name": "noop_task", "parent_task_ids": [], "submit_time": 1716758758.563413, "received_time": 1716758758.5752003, "execution": {"hostname": "escience-taps", "execution_start_time": 1716758758.5733492, "execution_end_time": 1716758758.5742946, "task_start_time": 1716758758.5733716, "task_end_time": 1716758758.5740216, "input_transform_start_time": 1716758758.5733619, "input_transform_end_time": 1716758758.5733714, "result_transform_start_time": 1716758758.574022, "result_transform_end_time": 1716758758.5742946}}
{"task_id": "a60f9d1b-bcee-4b73-a7c5-6d1308ac7930", "function_name": "noop_task", "parent_task_ids": [], "submit_time": 1716758758.5759246, "received_time": 1716758758.5874927, "execution": {"hostname": "escience-taps", "execution_start_time": 1716758758.585784, "execution_end_time": 1716758758.58632, "task_start_time": 1716758758.5857942, "task_end_time": 1716758758.5861561, "input_transform_start_time": 1716758758.58579, "input_transform_end_time": 1716758758.585794, "result_transform_start_time": 1716758758.5861564, "result_transform_end_time": 1716758758.5863197}}
{"task_id": "612a5a28-bb75-4fad-89f7-10d93d1d94d2", "function_name": "noop_task", "parent_task_ids": [], "submit_time": 1716758758.5883203, "received_time": 1716758758.6000164, "execution": {"hostname": "escience-taps", "execution_start_time": 1716758758.598177, "execution_end_time": 1716758758.5989702, "task_start_time": 1716758758.5981965, "task_end_time": 1716758758.598799, "input_transform_start_time": 1716758758.598188, "input_transform_end_time": 1716758758.5981963, "result_transform_start_time": 1716758758.598799, "result_transform_end_time": 1716758758.59897}}
{"task_id": "191f423f-da28-46f8-927f-fe6d38344acf", "function_name": "noop_task", "parent_task_ids": [], "submit_time": 1716758758.60088, "received_time": 1716758758.6121185, "execution": {"hostname": "escience-taps", "execution_start_time": 1716758758.6105442, "execution_end_time": 1716758758.6110873, "task_start_time": 1716758758.6105547, "task_end_time": 1716758758.610911, "input_transform_start_time": 1716758758.6105497, "input_transform_end_time": 1716758758.6105547, "result_transform_start_time": 1716758758.6109111, "result_transform_end_time": 1716758758.611087}}
{"task_id": "29c06f7e-1799-4ac2-9097-158b1d9083b7", "function_name": "noop_task", "parent_task_ids": [], "submit_time": 1716758758.612979, "received_time": 1716758758.6245594, "execution": {"hostname": "escience-taps", "execution_start_time": 1716758758.6224043, "execution_end_time": 1716758758.6233299, "task_start_time": 1716758758.6224136, "task_end_time": 1716758758.623018, "input_transform_start_time": 1716758758.62241, "input_transform_end_time": 1716758758.6224136, "result_transform_start_time": 1716758758.6230183, "result_transform_end_time": 1716758758.6233296}}
{"task_id": "25850e94-8982-4553-97ee-4ec5fa22af2e", "function_name": "noop_task", "parent_task_ids": [], "submit_time": 1716758758.6254086, "received_time": 1716758758.6368697, "execution": {"hostname": "escience-taps", "execution_start_time": 1716758758.6349685, "execution_end_time": 1716758758.6356099, "task_start_time": 1716758758.6349804, "task_end_time": 1716758758.63542, "input_transform_start_time": 1716758758.6349754, "input_transform_end_time": 1716758758.6349802, "result_transform_start_time": 1716758758.6354203, "result_transform_end_time": 1716758758.6356096}}
{"task_id": "00163a6a-4c49-4b3d-9e59-436ec5f04cb6", "function_name": "noop_task", "parent_task_ids": [], "submit_time": 1716758758.6376576, "received_time": 1716758758.6492808, "execution": {"hostname": "escience-taps", "execution_start_time": 1716758758.6471956, "execution_end_time": 1716758758.6480534, "task_start_time": 1716758758.6472042, "task_end_time": 1716758758.6477606, "input_transform_start_time": 1716758758.6472006, "input_transform_end_time": 1716758758.647204, "result_transform_start_time": 1716758758.6477609, "result_transform_end_time": 1716758758.6480532}}
