{"task_id": "ea2b4e74-4c81-497d-a04d-f9a731371aa6", "function_name": "id", "parent_task_ids": [], "submit_time": 1716761109.511927, "received_time": 1716761111.4583397, "execution": {"hostname": "escience-taps", "execution_start_time": 1716761110.2855325, "execution_end_time": 1716761110.285574, "task_start_time": 1716761110.285558, "task_end_time": 1716761110.2855587, "input_transform_start_time": 1716761110.2855446, "input_transform_end_time": 1716761110.285558, "result_transform_start_time": 1716761110.2855592, "result_transform_end_time": 1716761110.2855735}}
{"task_id": "a395189c-af6a-481b-9dfe-4eeb75941097", "function_name": "noop_task", "parent_task_ids": [], "submit_time": 1716761111.5194478, "received_time": 1716761112.4612753, "execution": {"hostname": "escience-taps", "execution_start_time": 1716761112.0108242, "execution_end_time": 1716761112.073712, "task_start_time": 1716761112.010848, "task_end_time": 1716761112.0618317, "input_transform_start_time": 1716761112.0108392, "input_transform_end_time": 1716761112.0108478, "result_transform_start_time": 1716761112.0618322, "result_transform_end_time": 1716761112.0737119}}
{"task_id": "3b24f176-fa2b-4ffe-9bef-8b81a37cfb75", "function_name": "noop_task", "parent_task_ids": [], "submit_time": 1716761112.517524, "received_time": 1716761113.463261, "execution": {"hostname": "escience-taps", "execution_start_time": 1716761112.629827, "execution_end_time": 1716761112.6916902, "task_start_time": 1716761112.6298492, "task_end_time": 1716761112.6801429, "input_transform_start_time": 1716761112.6298406, "input_transform_end_time": 1716761112.6298487, "result_transform_start_time": 1716761112.680143, "result_transform_end_time": 1716761112.69169}}
{"task_id": "5d05989e-f6f0-417f-b5de-1c1bbdcadc02", "function_name": "noop_task", "parent_task_ids": [], "submit_time": 1716761113.5077755, "received_time": 1716761113.9641354, "execution": {"hostname": "escience-taps", "execution_start_time": 1716761113.6156065, "execution_end_time": 1716761113.646409, "task_start_time": 1716761113.6156251, "task_end_time": 1716761113.6395926, "input_transform_start_time": 1716761113.615618, "input_transform_end_time": 1716761113.615625, "result_transform_start_time": 1716761113.6395926, "result_transform_end_time": 1716761113.6464088}}
{"task_id": "a5a0b00c-d5ea-4b4a-bdc4-2bd0b814670e", "function_name": "noop_task", "parent_task_ids": [], "submit_time": 1716761113.9904578, "received_time": 1716761114.46534, "execution": {"hostname": "escience-taps", "execution_start_time": 1716761114.1073928, "execution_end_time": 1716761114.1705296, "task_start_time": 1716761114.107416, "task_end_time": 1716761114.163504, "input_transform_start_time": 1716761114.1074064, "input_transform_end_time": 1716761114.107416, "result_transform_start_time": 1716761114.163504, "result_transform_end_time": 1716761114.1705296}}
{"task_id": "d42b5caa-e1a5-427d-aab1-acd11be0c140", "function_name": "noop_task", "parent_task_ids": [], "submit_time": 1716761114.491024, "received_time": 1716761114.966269, "execution": {"hostname": "escience-taps", "execution_start_time": 1716761114.6032507, "execution_end_time": 1716761114.665051, "task_start_time": 1716761114.6032736, "task_end_time": 1716761114.6534224, "input_transform_start_time": 1716761114.6032662, "input_transform_end_time": 1716761114.6032736, "result_transform_start_time": 1716761114.6534226, "result_transform_end_time": 1716761114.6650505}}
{"task_id": "1b63c276-9a4c-49ab-8ca1-c3d2f9cdd48a", "function_name": "noop_task", "parent_task_ids": [], "submit_time": 1716761114.9926279, "received_time": 1716761115.9685595, "execution": {"hostname": "escience-taps", "execution_start_time": 1716761115.1290307, "execution_end_time": 1716761115.1922908, "task_start_time": 1716761115.1290488, "task_end_time": 1716761115.1849518, "input_transform_start_time": 1716761115.129042, "input_transform_end_time": 1716761115.1290486, "result_transform_start_time": 1716761115.184952, "result_transform_end_time": 1716761115.1922903}}
{"task_id": "823af229-fc67-4e12-ae53-cd7227e82d3a", "function_name": "noop_task", "parent_task_ids": [], "submit_time": 1716761115.9942174, "received_time": 1716761116.4696667, "execution": {"hostname": "escience-taps", "execution_start_time": 1716761116.1066294, "execution_end_time": 1716761116.1686292, "task_start_time": 1716761116.106649, "task_end_time": 1716761116.156659, "input_transform_start_time": 1716761116.1066408, "input_transform_end_time": 1716761116.1066487, "result_transform_start_time": 1716761116.1566591, "result_transform_end_time": 1716761116.168629}}
{"task_id": "ea863f53-3489-4734-aff7-74f78b925cf4", "function_name": "noop_task", "parent_task_ids": [], "submit_time": 1716761116.495542, "received_time": 1716761116.9706757, "execution": {"hostname": "escience-taps", "execution_start_time": 1716761116.611875, "execution_end_time": 1716761116.6732483, "task_start_time": 1716761116.6119027, "task_end_time": 1716761116.6664338, "input_transform_start_time": 1716761116.6118908, "input_transform_end_time": 1716761116.6119025, "result_transform_start_time": 1716761116.666434, "result_transform_end_time": 1716761116.673248}}
{"task_id": "7593db90-992b-41e2-883d-5f1c90570977", "function_name": "noop_task", "parent_task_ids": [], "submit_time": 1716761116.9961512, "received_time": 1716761117.4724312, "execution": {"hostname": "escience-taps", "execution_start_time": 1716761117.1059632, "execution_end_time": 1716761117.168562, "task_start_time": 1716761117.105993, "task_end_time": 1716761117.1613717, "input_transform_start_time": 1716761117.1059823, "input_transform_end_time": 1716761117.1059928, "result_transform_start_time": 1716761117.161372, "result_transform_end_time": 1716761117.1685617}}
{"task_id": "02d91397-9ffb-4b8a-911a-58781d8d8e5c", "function_name": "noop_task", "parent_task_ids": [], "submit_time": 1716761117.4983807, "received_time": 1716761117.9741046, "execution": {"hostname": "escience-taps", "execution_start_time": 1716761117.6116662, "execution_end_time": 1716761117.6759844, "task_start_time": 1716761117.6116903, "task_end_time": 1716761117.6690593, "input_transform_start_time": 1716761117.6116805, "input_transform_end_time": 1716761117.6116903, "result_transform_start_time": 1716761117.6690595, "result_transform_end_time": 1716761117.6759844}}
