{"task_id": "de7b094c-5c2b-4139-a515-011561485309", "function_name": "id", "parent_task_ids": [], "submit_time": 1716760463.148334, "received_time": 1716760465.0668964, "execution": {"hostname": "escience-taps", "execution_start_time": 1716760463.8497386, "execution_end_time": 1716760463.8497734, "task_start_time": 1716760463.8497617, "task_end_time": 1716760463.849763, "input_transform_start_time": 1716760463.849751, "input_transform_end_time": 1716760463.8497615, "result_transform_start_time": 1716760463.8497632, "result_transform_end_time": 1716760463.8497734}}
{"task_id": "2b0f94b7-c150-4bcc-89dc-f912eca10a1a", "function_name": "noop_task", "parent_task_ids": [], "submit_time": 1716760465.0681658, "received_time": 1716760466.5700223, "execution": {"hostname": "escience-taps", "execution_start_time": 1716760465.8915303, "execution_end_time": 1716760465.892119, "task_start_time": 1716760465.8915555, "task_end_time": 1716760465.892104, "input_transform_start_time": 1716760465.8915431, "input_transform_end_time": 1716760465.8915553, "result_transform_start_time": 1716760465.8921044, "result_transform_end_time": 1716760465.8921187}}
{"task_id": "bdbf1b36-6bd8-43ac-97c9-718c17feca4a", "function_name": "noop_task", "parent_task_ids": [], "submit_time": 1716760466.570776, "received_time": 1716760467.5726259, "execution": {"hostname": "escience-taps", "execution_start_time": 1716760466.9692726, "execution_end_time": 1716760466.969861, "task_start_time": 1716760466.9693, "task_end_time": 1716760466.969848, "input_transform_start_time": 1716760466.9692862, "input_transform_end_time": 1716760466.9692998, "result_transform_start_time": 1716760466.9698484, "result_transform_end_time": 1716760466.9698608}}
{"task_id": "dad1cdf4-1816-43b9-9bb5-ab3826c0c627", "function_name": "noop_task", "parent_task_ids": [], "submit_time": 1716760467.57342, "received_time": 1716760469.5761168, "execution": {"hostname": "escience-taps", "execution_start_time": 1716760468.6019344, "execution_end_time": 1716760468.6022167, "task_start_time": 1716760468.6019413, "task_end_time": 1716760468.6022112, "input_transform_start_time": 1716760468.6019378, "input_transform_end_time": 1716760468.6019413, "result_transform_start_time": 1716760468.6022115, "result_transform_end_time": 1716760468.6022167}}
{"task_id": "a69a61e7-5d3b-4de0-b0ed-f8ac51b68b77", "function_name": "noop_task", "parent_task_ids": [], "submit_time": 1716760469.5767276, "received_time": 1716760471.5794263, "execution": {"hostname": "escience-taps", "execution_start_time": 1716760470.6134996, "execution_end_time": 1716760470.613781, "task_start_time": 1716760470.6135068, "task_end_time": 1716760470.613776, "input_transform_start_time": 1716760470.6135032, "input_transform_end_time": 1716760470.6135068, "result_transform_start_time": 1716760470.6137762, "result_transform_end_time": 1716760470.613781}}
{"task_id": "9a5bd76f-913c-4c91-9e40-046d63362a36", "function_name": "noop_task", "parent_task_ids": [], "submit_time": 1716760471.5802102, "received_time": 1716760473.582851, "execution": {"hostname": "escience-taps", "execution_start_time": 1716760472.6120427, "execution_end_time": 1716760472.612329, "task_start_time": 1716760472.6120508, "task_end_time": 1716760472.612324, "input_transform_start_time": 1716760472.6120465, "input_transform_end_time": 1716760472.6120505, "result_transform_start_time": 1716760472.612324, "result_transform_end_time": 1716760472.612329}}
{"task_id": "3347b69c-7bed-4499-9aeb-6fbc3e8e9cda", "function_name": "noop_task", "parent_task_ids": [], "submit_time": 1716760473.5836995, "received_time": 1716760475.5870197, "execution": {"hostname": "escience-taps", "execution_start_time": 1716760474.60846, "execution_end_time": 1716760474.6087458, "task_start_time": 1716760474.6084678, "task_end_time": 1716760474.6087406, "input_transform_start_time": 1716760474.6084633, "input_transform_end_time": 1716760474.6084678, "result_transform_start_time": 1716760474.6087408, "result_transform_end_time": 1716760474.6087458}}
{"task_id": "1ff87bed-c61a-4424-82a7-75ae558b7342", "function_name": "noop_task", "parent_task_ids": [], "submit_time": 1716760475.5878158, "received_time": 1716760477.5913358, "execution": {"hostname": "escience-taps", "execution_start_time": 1716760476.6161802, "execution_end_time": 1716760476.6164656, "task_start_time": 1716760476.6161878, "task_end_time": 1716760476.61646, "input_transform_start_time": 1716760476.6161842, "input_transform_end_time": 1716760476.6161878, "result_transform_start_time": 1716760476.6164603, "result_transform_end_time": 1716760476.6164653}}
{"task_id": "a9fd7b0c-35c9-4fa9-bc9f-162302c7f29f", "function_name": "noop_task", "parent_task_ids": [], "submit_time": 1716760477.592194, "received_time": 1716760479.094509, "execution": {"hostname": "escience-taps", "execution_start_time": 1716760477.9976928, "execution_end_time": 1716760477.9982855, "task_start_time": 1716760477.9977183, "task_end_time": 1716760477.9982681, "input_transform_start_time": 1716760477.9977045, "input_transform_end_time": 1716760477.9977176, "result_transform_start_time": 1716760477.9982686, "result_transform_end_time": 1716760477.9982853}}
{"task_id": "10024690-15bb-46f7-9e5d-c3dec52a8b17", "function_name": "noop_task", "parent_task_ids": [], "submit_time": 1716760479.0952535, "received_time": 1716760480.5975804, "execution": {"hostname": "escience-taps", "execution_start_time": 1716760479.4975433, "execution_end_time": 1716760479.4978805, "task_start_time": 1716760479.4975584, "task_end_time": 1716760479.4978712, "input_transform_start_time": 1716760479.4975512, "input_transform_end_time": 1716760479.497558, "result_transform_start_time": 1716760479.4978714, "result_transform_end_time": 1716760479.4978802}}
{"task_id": "f70eb46a-fdd9-4bcf-98c7-041196cc2c1a", "function_name": "noop_task", "parent_task_ids": [], "submit_time": 1716760480.5983138, "received_time": 1716760482.1008985, "execution": {"hostname": "escience-taps", "execution_start_time": 1716760481.1277137, "execution_end_time": 1716760481.1280656, "task_start_time": 1716760481.127734, "task_end_time": 1716760481.128056, "input_transform_start_time": 1716760481.1277242, "input_transform_end_time": 1716760481.127734, "result_transform_start_time": 1716760481.1280568, "result_transform_end_time": 1716760481.1280653}}
