{"task_id": "63757000-6867-4a0c-87f8-04f74cacf8ac", "function_name": "id", "parent_task_ids": [], "submit_time": 1716758117.4713137, "received_time": 1716758118.1614656, "execution": {"hostname": "escience-taps", "execution_start_time": 1716758118.1509311, "execution_end_time": 1716758118.1509626, "task_start_time": 1716758118.1509507, "task_end_time": 1716758118.1509519, "input_transform_start_time": 1716758118.150939, "input_transform_end_time": 1716758118.1509504, "result_transform_start_time": 1716758118.150952, "result_transform_end_time": 1716758118.1509624}}
{"task_id": "07b4c429-abb3-42ca-a4cd-4fcdf3a09ecb", "function_name": "noop_task", "parent_task_ids": [], "submit_time": 1716758118.1624045, "received_time": 1716758118.1858616, "execution": {"hostname": "escience-taps", "execution_start_time": 1716758118.1782985, "execution_end_time": 1716758118.179672, "task_start_time": 1716758118.178329, "task_end_time": 1716758118.1791658, "input_transform_start_time": 1716758118.1783152, "input_transform_end_time": 1716758118.1783288, "result_transform_start_time": 1716758118.1791663, "result_transform_end_time": 1716758118.179672}}
{"task_id": "b39e1e9f-ba02-4c16-b793-da0cf3168948", "function_name": "noop_task", "parent_task_ids": [], "submit_time": 1716758118.186273, "received_time": 1716758118.1966095, "execution": {"hostname": "escience-taps", "execution_start_time": 1716758118.1906924, "execution_end_time": 1716758118.1916032, "task_start_time": 1716758118.1907375, "task_end_time": 1716758118.1912968, "input_transform_start_time": 1716758118.190717, "input_transform_end_time": 1716758118.1907372, "result_transform_start_time": 1716758118.191297, "result_transform_end_time": 1716758118.191603}}
{"task_id": "6f3419f3-a607-415f-93fe-d66f1a5bfc36", "function_name": "noop_task", "parent_task_ids": [], "submit_time": 1716758118.1977658, "received_time": 1716758118.218132, "execution": {"hostname": "escience-taps", "execution_start_time": 1716758118.2119849, "execution_end_time": 1716758118.2125344, "task_start_time": 1716758118.212005, "task_end_time": 1716758118.2124035, "input_transform_start_time": 1716758118.211995, "input_transform_end_time": 1716758118.2120047, "result_transform_start_time": 1716758118.2124035, "result_transform_end_time": 1716758118.2125342}}
{"task_id": "78f162b6-a1a3-48e7-8c04-026897bdbb27", "function_name": "noop_task", "parent_task_ids": [], "submit_time": 1716758118.2186444, "received_time": 1716758118.235094, "execution": {"hostname": "escience-taps", "execution_start_time": 1716758118.2279055, "execution_end_time": 1716758118.2288947, "task_start_time": 1716758118.227955, "task_end_time": 1716758118.228538, "input_transform_start_time": 1716758118.2279341, "input_transform_end_time": 1716758118.2279549, "result_transform_start_time": 1716758118.2285385, "result_transform_end_time": 1716758118.2288945}}
{"task_id": "b4894a59-601d-4eeb-a557-92fd2245c940", "function_name": "noop_task", "parent_task_ids": [], "submit_time": 1716758118.236054, "received_time": 1716758118.2496068, "execution": {"hostname": "escience-taps", "execution_start_time": 1716758118.2437317, "execution_end_time": 1716758118.2446554, "task_start_time": 1716758118.2437687, "task_end_time": 1716758118.2443118, "input_transform_start_time": 1716758118.2437525, "input_transform_end_time": 1716758118.2437682, "result_transform_start_time": 1716758118.244312, "result_transform_end_time": 1716758118.244655}}
{"task_id": "b132f6dd-39bc-4cc3-9309-de7cb7bbed47", "function_name": "noop_task", "parent_task_ids": [], "submit_time": 1716758118.2506914, "received_time": 1716758118.270793, "execution": {"hostname": "escience-taps", "execution_start_time": 1716758118.264462, "execution_end_time": 1716758118.2657871, "task_start_time": 1716758118.264504, "task_end_time": 1716758118.2654438, "input_transform_start_time": 1716758118.2644866, "input_transform_end_time": 1716758118.2645037, "result_transform_start_time": 1716758118.265444, "result_transform_end_time": 1716758118.265787}}
{"task_id": "76e934e8-156f-431c-b891-35e08f858c38", "function_name": "noop_task", "parent_task_ids": [], "submit_time": 1716758118.271895, "received_time": 1716758118.2919242, "execution": {"hostname": "escience-taps", "execution_start_time": 1716758118.2857401, "execution_end_time": 1716758118.286586, "task_start_time": 1716758118.2857776, "task_end_time": 1716758118.2863271, "input_transform_start_time": 1716758118.2857609, "input_transform_end_time": 1716758118.285777, "result_transform_start_time": 1716758118.2863276, "result_transform_end_time": 1716758118.2865858}}
{"task_id": "5ba57676-33af-42c1-a83e-47e372479970", "function_name": "noop_task", "parent_task_ids": [], "submit_time": 1716758118.2930326, "received_time": 1716758118.313765, "execution": {"hostname": "escience-taps", "execution_start_time": 1716758118.3072996, "execution_end_time": 1716758118.308431, "task_start_time": 1716758118.3073356, "task_end_time": 1716758118.3082066, "input_transform_start_time": 1716758118.3073196, "input_transform_end_time": 1716758118.3073354, "result_transform_start_time": 1716758118.3082068, "result_transform_end_time": 1716758118.308431}}
{"task_id": "df20f899-9aa0-4b09-9b21-768290142afd", "function_name": "noop_task", "parent_task_ids": [], "submit_time": 1716758118.3140569, "received_time": 1716758118.3293111, "execution": {"hostname": "escience-taps", "execution_start_time": 1716758118.3225613, "execution_end_time": 1716758118.323225, "task_start_time": 1716758118.3225853, "task_end_time": 1716758118.323019, "input_transform_start_time": 1716758118.322575, "input_transform_end_time": 1716758118.322585, "result_transform_start_time": 1716758118.3230195, "result_transform_end_time": 1716758118.3232248}}
{"task_id": "d372e795-ba49-412a-97d6-a72e3fd1c6e5", "function_name": "noop_task", "parent_task_ids": [], "submit_time": 1716758118.3301978, "received_time": 1716758118.3431485, "execution": {"hostname": "escience-taps", "execution_start_time": 1716758118.3385928, "execution_end_time": 1716758118.339246, "task_start_time": 1716758118.338619, "task_end_time": 1716758118.3390443, "input_transform_start_time": 1716758118.3386073, "input_transform_end_time": 1716758118.3386185, "result_transform_start_time": 1716758118.3390446, "result_transform_end_time": 1716758118.3392458}}
