{"task_id": "b945d3b4-1d06-4096-8370-e52036d99481", "function_name": "id", "parent_task_ids": [], "submit_time": 1716758171.6823227, "received_time": 1716758172.388532, "execution": {"hostname": "escience-taps", "execution_start_time": 1716758172.3485553, "execution_end_time": 1716758172.3485885, "task_start_time": 1716758172.3485765, "task_end_time": 1716758172.348578, "input_transform_start_time": 1716758172.3485622, "input_transform_end_time": 1716758172.3485763, "result_transform_start_time": 1716758172.3485782, "result_transform_end_time": 1716758172.3485882}}
{"task_id": "206e55de-cb5f-453f-a38e-d04c294ff439", "function_name": "noop_task", "parent_task_ids": [], "submit_time": 1716758172.3889368, "received_time": 1716758172.6454914, "execution": {"hostname": "escience-taps", "execution_start_time": 1716758172.5948303, "execution_end_time": 1716758172.6381135, "task_start_time": 1716758172.5950687, "task_end_time": 1716758172.629141, "input_transform_start_time": 1716758172.5950615, "input_transform_end_time": 1716758172.5950685, "result_transform_start_time": 1716758172.6291413, "result_transform_end_time": 1716758172.6381135}}
{"task_id": "9aa15092-4aee-4182-8a0e-4970bb57396e", "function_name": "noop_task", "parent_task_ids": [], "submit_time": 1716758172.667777, "received_time": 1716758172.8806975, "execution": {"hostname": "escience-taps", "execution_start_time": 1716758172.8295832, "execution_end_time": 1716758172.8732896, "task_start_time": 1716758172.8296416, "task_end_time": 1716758172.8644257, "input_transform_start_time": 1716758172.8296208, "input_transform_end_time": 1716758172.8296416, "result_transform_start_time": 1716758172.864426, "result_transform_end_time": 1716758172.873289}}
{"task_id": "bc18f0a1-b19c-4a19-81c3-042e7de775bf", "function_name": "noop_task", "parent_task_ids": [], "submit_time": 1716758172.9040554, "received_time": 1716758173.1317093, "execution": {"hostname": "escience-taps", "execution_start_time": 1716758173.0812697, "execution_end_time": 1716758173.1238973, "task_start_time": 1716758173.081293, "task_end_time": 1716758173.1152837, "input_transform_start_time": 1716758173.0812812, "input_transform_end_time": 1716758173.0812929, "result_transform_start_time": 1716758173.1152844, "result_transform_end_time": 1716758173.1238966}}
{"task_id": "f5f94dae-dc92-4a6c-af85-e50a0f417d19", "function_name": "noop_task", "parent_task_ids": [], "submit_time": 1716758173.1569722, "received_time": 1716758173.3716538, "execution": {"hostname": "escience-taps", "execution_start_time": 1716758173.3206441, "execution_end_time": 1716758173.3644314, "task_start_time": 1716758173.3206909, "task_end_time": 1716758173.3556151, "input_transform_start_time": 1716758173.3206694, "input_transform_end_time": 1716758173.3206904, "result_transform_start_time": 1716758173.3556154, "result_transform_end_time": 1716758173.3644311}}
{"task_id": "9ceb84fd-7624-486c-b2a2-bb1fbe66a112", "function_name": "noop_task", "parent_task_ids": [], "submit_time": 1716758173.3944883, "received_time": 1716758173.6091423, "execution": {"hostname": "escience-taps", "execution_start_time": 1716758173.5559614, "execution_end_time": 1716758173.6014512, "task_start_time": 1716758173.5559962, "task_end_time": 1716758173.5925493, "input_transform_start_time": 1716758173.5559807, "input_transform_end_time": 1716758173.555996, "result_transform_start_time": 1716758173.5925496, "result_transform_end_time": 1716758173.6014512}}
{"task_id": "9031036c-b0e8-4ce6-bd5c-15acb65af181", "function_name": "noop_task", "parent_task_ids": [], "submit_time": 1716758173.6321156, "received_time": 1716758173.8832383, "execution": {"hostname": "escience-taps", "execution_start_time": 1716758173.7971735, "execution_end_time": 1716758173.875254, "task_start_time": 1716758173.79722, "task_end_time": 1716758173.8604338, "input_transform_start_time": 1716758173.7972023, "input_transform_end_time": 1716758173.7972195, "result_transform_start_time": 1716758173.8604343, "result_transform_end_time": 1716758173.8752534}}
{"task_id": "99c60c57-d7f3-402e-a3f7-9c439b690ba8", "function_name": "noop_task", "parent_task_ids": [], "submit_time": 1716758173.9064286, "received_time": 1716758174.115868, "execution": {"hostname": "escience-taps", "execution_start_time": 1716758174.0669978, "execution_end_time": 1716758174.1082747, "task_start_time": 1716758174.0670257, "task_end_time": 1716758174.0988698, "input_transform_start_time": 1716758174.067012, "input_transform_end_time": 1716758174.0670257, "result_transform_start_time": 1716758174.09887, "result_transform_end_time": 1716758174.1082747}}
{"task_id": "76cb8247-2f51-4527-b21f-8f2954cad5df", "function_name": "noop_task", "parent_task_ids": [], "submit_time": 1716758174.1392546, "received_time": 1716758174.3826447, "execution": {"hostname": "escience-taps", "execution_start_time": 1716758174.3085833, "execution_end_time": 1716758174.375381, "task_start_time": 1716758174.3086143, "task_end_time": 1716758174.3660069, "input_transform_start_time": 1716758174.3085995, "input_transform_end_time": 1716758174.3086135, "result_transform_start_time": 1716758174.3660078, "result_transform_end_time": 1716758174.3753808}}
{"task_id": "d27c7ab5-6ff3-4391-a355-f28987af8c12", "function_name": "noop_task", "parent_task_ids": [], "submit_time": 1716758174.405886, "received_time": 1716758174.6188889, "execution": {"hostname": "escience-taps", "execution_start_time": 1716758174.5680122, "execution_end_time": 1716758174.6116114, "task_start_time": 1716758174.5680408, "task_end_time": 1716758174.6027744, "input_transform_start_time": 1716758174.5680282, "input_transform_end_time": 1716758174.5680406, "result_transform_start_time": 1716758174.6027746, "result_transform_end_time": 1716758174.6116111}}
{"task_id": "2518e923-fea1-431a-bcb6-8216e98c0d38", "function_name": "noop_task", "parent_task_ids": [], "submit_time": 1716758174.6421828, "received_time": 1716758174.8673973, "execution": {"hostname": "escience-taps", "execution_start_time": 1716758174.8172915, "execution_end_time": 1716758174.860731, "task_start_time": 1716758174.8173237, "task_end_time": 1716758174.8521025, "input_transform_start_time": 1716758174.817309, "input_transform_end_time": 1716758174.8173232, "result_transform_start_time": 1716758174.8521028, "result_transform_end_time": 1716758174.8607306}}
