{"task_id": "2adaa3d3-cc93-4f3b-9528-fdd724a6e219", "function_name": "id", "parent_task_ids": [], "submit_time": 1716760586.3662865, "received_time": 1716760588.2637377, "execution": {"hostname": "escience-taps", "execution_start_time": 1716760587.0248578, "execution_end_time": 1716760587.024891, "task_start_time": 1716760587.0248775, "task_end_time": 1716760587.0248797, "input_transform_start_time": 1716760587.0248673, "input_transform_end_time": 1716760587.0248773, "result_transform_start_time": 1716760587.02488, "result_transform_end_time": 1716760587.0248904}}
{"task_id": "faabb6ae-902f-4360-8a38-140a9123bc16", "function_name": "noop_task", "parent_task_ids": [], "submit_time": 1716760588.271409, "received_time": 1716760590.7713854, "execution": {"hostname": "escience-taps", "execution_start_time": 1716760589.5557091, "execution_end_time": 1716760589.5604086, "task_start_time": 1716760589.5557323, "task_end_time": 1716760589.560395, "input_transform_start_time": 1716760589.5557208, "input_transform_end_time": 1716760589.5557323, "result_transform_start_time": 1716760589.5603955, "result_transform_end_time": 1716760589.5604084}}
{"task_id": "b35c4e50-7664-4e74-a973-474ece96523b", "function_name": "noop_task", "parent_task_ids": [], "submit_time": 1716760590.7781212, "received_time": 1716760593.2781155, "execution": {"hostname": "escience-taps", "execution_start_time": 1716760591.6343675, "execution_end_time": 1716760591.6390643, "task_start_time": 1716760591.6343899, "task_end_time": 1716760591.6390495, "input_transform_start_time": 1716760591.6343791, "input_transform_end_time": 1716760591.6343894, "result_transform_start_time": 1716760591.63905, "result_transform_end_time": 1716760591.639064}}
{"task_id": "d3c08bfa-acdb-4736-970b-45e317eb86e1", "function_name": "noop_task", "parent_task_ids": [], "submit_time": 1716760593.2840676, "received_time": 1716760595.7860215, "execution": {"hostname": "escience-taps", "execution_start_time": 1716760594.1795316, "execution_end_time": 1716760594.1842275, "task_start_time": 1716760594.179551, "task_end_time": 1716760594.1842127, "input_transform_start_time": 1716760594.1795413, "input_transform_end_time": 1716760594.1795504, "result_transform_start_time": 1716760594.184213, "result_transform_end_time": 1716760594.1842272}}
{"task_id": "95a90e4d-326b-44f7-bc84-e8611423b567", "function_name": "noop_task", "parent_task_ids": [], "submit_time": 1716760595.7918818, "received_time": 1716760598.7939632, "execution": {"hostname": "escience-taps", "execution_start_time": 1716760597.2782555, "execution_end_time": 1716760597.2802765, "task_start_time": 1716760597.278263, "task_end_time": 1716760597.2802708, "input_transform_start_time": 1716760597.2782593, "input_transform_end_time": 1716760597.2782629, "result_transform_start_time": 1716760597.2802708, "result_transform_end_time": 1716760597.2802763}}
{"task_id": "5f6ea85d-4e47-4722-9e86-322a3a7ecbe9", "function_name": "noop_task", "parent_task_ids": [], "submit_time": 1716760598.7999742, "received_time": 1716760601.301962, "execution": {"hostname": "escience-taps", "execution_start_time": 1716760599.6880162, "execution_end_time": 1716760599.692886, "task_start_time": 1716760599.688063, "task_end_time": 1716760599.692844, "input_transform_start_time": 1716760599.6880357, "input_transform_end_time": 1716760599.6880627, "result_transform_start_time": 1716760599.6928446, "result_transform_end_time": 1716760599.6928859}}
{"task_id": "8db7d1a4-336b-4d8c-8ada-bc278b3a3072", "function_name": "noop_task", "parent_task_ids": [], "submit_time": 1716760601.3079288, "received_time": 1716760603.810664, "execution": {"hostname": "escience-taps", "execution_start_time": 1716760602.1347136, "execution_end_time": 1716760602.1395764, "task_start_time": 1716760602.1347377, "task_end_time": 1716760602.139565, "input_transform_start_time": 1716760602.134726, "input_transform_end_time": 1716760602.1347375, "result_transform_start_time": 1716760602.1395655, "result_transform_end_time": 1716760602.139576}}
{"task_id": "d24a2899-31bf-4a2e-8170-c756c0752baa", "function_name": "noop_task", "parent_task_ids": [], "submit_time": 1716760603.8164327, "received_time": 1716760606.3188813, "execution": {"hostname": "escience-taps", "execution_start_time": 1716760604.649388, "execution_end_time": 1716760604.6540813, "task_start_time": 1716760604.6494055, "task_end_time": 1716760604.6540704, "input_transform_start_time": 1716760604.6493964, "input_transform_end_time": 1716760604.6494055, "result_transform_start_time": 1716760604.6540709, "result_transform_end_time": 1716760604.654081}}
{"task_id": "e11dc345-b269-4630-a02c-94d369d8cb7b", "function_name": "noop_task", "parent_task_ids": [], "submit_time": 1716760606.3246415, "received_time": 1716760608.8274608, "execution": {"hostname": "escience-taps", "execution_start_time": 1716760607.13725, "execution_end_time": 1716760607.1419628, "task_start_time": 1716760607.1372705, "task_end_time": 1716760607.1419513, "input_transform_start_time": 1716760607.1372602, "input_transform_end_time": 1716760607.1372702, "result_transform_start_time": 1716760607.1419518, "result_transform_end_time": 1716760607.1419625}}
{"task_id": "033877e5-68a7-40b0-afe2-150da8c6cc92", "function_name": "noop_task", "parent_task_ids": [], "submit_time": 1716760608.8360853, "received_time": 1716760611.3363698, "execution": {"hostname": "escience-taps", "execution_start_time": 1716760609.6609182, "execution_end_time": 1716760609.665581, "task_start_time": 1716760609.6609373, "task_end_time": 1716760609.6655676, "input_transform_start_time": 1716760609.6609273, "input_transform_end_time": 1716760609.660937, "result_transform_start_time": 1716760609.665568, "result_transform_end_time": 1716760609.6655805}}
{"task_id": "007c2a94-ab58-41cc-bd81-357c5905de9f", "function_name": "noop_task", "parent_task_ids": [], "submit_time": 1716760611.342791, "received_time": 1716760613.8435106, "execution": {"hostname": "escience-taps", "execution_start_time": 1716760612.1497836, "execution_end_time": 1716760612.1544847, "task_start_time": 1716760612.1498027, "task_end_time": 1716760612.1544702, "input_transform_start_time": 1716760612.1497934, "input_transform_end_time": 1716760612.1498022, "result_transform_start_time": 1716760612.1544707, "result_transform_end_time": 1716760612.1544845}}
