{"task_id": "2d7d8e5e-f990-4589-9588-5b2db7522f44", "function_name": "id", "parent_task_ids": [], "submit_time": 1716758764.843598, "received_time": 1716758766.4837012, "execution": {"hostname": "escience-taps", "execution_start_time": 1716758766.4810293, "execution_end_time": 1716758766.4810455, "task_start_time": 1716758766.4810398, "task_end_time": 1716758766.4810405, "input_transform_start_time": 1716758766.481032, "input_transform_end_time": 1716758766.4810398, "result_transform_start_time": 1716758766.4810405, "result_transform_end_time": 1716758766.4810455}}
{"task_id": "fbca3c0b-4c61-4249-869e-d45069844bc4", "function_name": "noop_task", "parent_task_ids": [], "submit_time": 1716758766.4874327, "received_time": 1716758766.5130122, "execution": {"hostname": "escience-taps", "execution_start_time": 1716758766.5070508, "execution_end_time": 1716758766.511563, "task_start_time": 1716758766.5070689, "task_end_time": 1716758766.5104563, "input_transform_start_time": 1716758766.5070615, "input_transform_end_time": 1716758766.5070686, "result_transform_start_time": 1716758766.5104563, "result_transform_end_time": 1716758766.511563}}
{"task_id": "1e5c1527-f2a0-4cfa-b442-11bbe5ec0982", "function_name": "noop_task", "parent_task_ids": [], "submit_time": 1716758766.5161242, "received_time": 1716758766.5385456, "execution": {"hostname": "escience-taps", "execution_start_time": 1716758766.5338132, "execution_end_time": 1716758766.5375874, "task_start_time": 1716758766.5338342, "task_end_time": 1716758766.536744, "input_transform_start_time": 1716758766.5338256, "input_transform_end_time": 1716758766.533834, "result_transform_start_time": 1716758766.5367444, "result_transform_end_time": 1716758766.5375872}}
{"task_id": "77f9ea9a-6179-46ed-9f2c-9811c51697ce", "function_name": "noop_task", "parent_task_ids": [], "submit_time": 1716758766.5419018, "received_time": 1716758766.5645063, "execution": {"hostname": "escience-taps", "execution_start_time": 1716758766.5593774, "execution_end_time": 1716758766.563309, "task_start_time": 1716758766.559399, "task_end_time": 1716758766.5624988, "input_transform_start_time": 1716758766.5593884, "input_transform_end_time": 1716758766.5593987, "result_transform_start_time": 1716758766.5624988, "result_transform_end_time": 1716758766.563309}}
{"task_id": "90911e74-bd98-42a3-9d9e-b0611e3e5096", "function_name": "noop_task", "parent_task_ids": [], "submit_time": 1716758766.5679524, "received_time": 1716758766.5902119, "execution": {"hostname": "escience-taps", "execution_start_time": 1716758766.5854108, "execution_end_time": 1716758766.5891676, "task_start_time": 1716758766.5854313, "task_end_time": 1716758766.5882742, "input_transform_start_time": 1716758766.5854225, "input_transform_end_time": 1716758766.585431, "result_transform_start_time": 1716758766.5882745, "result_transform_end_time": 1716758766.5891674}}
{"task_id": "c3bd3dab-8b51-4a8c-be26-415cf1e4abe7", "function_name": "noop_task", "parent_task_ids": [], "submit_time": 1716758766.5930972, "received_time": 1716758766.6159027, "execution": {"hostname": "escience-taps", "execution_start_time": 1716758766.611139, "execution_end_time": 1716758766.6146681, "task_start_time": 1716758766.6111562, "task_end_time": 1716758766.613783, "input_transform_start_time": 1716758766.6111488, "input_transform_end_time": 1716758766.611156, "result_transform_start_time": 1716758766.6137831, "result_transform_end_time": 1716758766.614668}}
{"task_id": "c258ba18-6140-4419-9623-43382a001376", "function_name": "noop_task", "parent_task_ids": [], "submit_time": 1716758766.6192403, "received_time": 1716758766.641519, "execution": {"hostname": "escience-taps", "execution_start_time": 1716758766.6366124, "execution_end_time": 1716758766.6402097, "task_start_time": 1716758766.6366296, "task_end_time": 1716758766.6393247, "input_transform_start_time": 1716758766.6366224, "input_transform_end_time": 1716758766.6366296, "result_transform_start_time": 1716758766.6393247, "result_transform_end_time": 1716758766.6402097}}
{"task_id": "a597b59e-859b-4698-aa97-61c973ba7965", "function_name": "noop_task", "parent_task_ids": [], "submit_time": 1716758766.6448736, "received_time": 1716758766.6714947, "execution": {"hostname": "escience-taps", "execution_start_time": 1716758766.662456, "execution_end_time": 1716758766.6701136, "task_start_time": 1716758766.6624749, "task_end_time": 1716758766.6681936, "input_transform_start_time": 1716758766.662466, "input_transform_end_time": 1716758766.6624744, "result_transform_start_time": 1716758766.668194, "result_transform_end_time": 1716758766.6701133}}
{"task_id": "91c91970-dff6-452c-97ab-7a60b6791dce", "function_name": "noop_task", "parent_task_ids": [], "submit_time": 1716758766.6745725, "received_time": 1716758766.700128, "execution": {"hostname": "escience-taps", "execution_start_time": 1716758766.6924365, "execution_end_time": 1716758766.6989708, "task_start_time": 1716758766.692461, "task_end_time": 1716758766.6980157, "input_transform_start_time": 1716758766.6924505, "input_transform_end_time": 1716758766.6924608, "result_transform_start_time": 1716758766.6980157, "result_transform_end_time": 1716758766.6989706}}
{"task_id": "a3dbc151-15d0-4c1f-800a-f6b06a16fe29", "function_name": "noop_task", "parent_task_ids": [], "submit_time": 1716758766.7036242, "received_time": 1716758766.7298176, "execution": {"hostname": "escience-taps", "execution_start_time": 1716758766.721015, "execution_end_time": 1716758766.7285452, "task_start_time": 1716758766.721034, "task_end_time": 1716758766.7267811, "input_transform_start_time": 1716758766.721026, "input_transform_end_time": 1716758766.7210338, "result_transform_start_time": 1716758766.7267814, "result_transform_end_time": 1716758766.728545}}
{"task_id": "063d68e2-748a-42e0-a496-7081b77249ac", "function_name": "noop_task", "parent_task_ids": [], "submit_time": 1716758766.7326229, "received_time": 1716758766.7594733, "execution": {"hostname": "escience-taps", "execution_start_time": 1716758766.7507646, "execution_end_time": 1716758766.7582712, "task_start_time": 1716758766.750783, "task_end_time": 1716758766.7564697, "input_transform_start_time": 1716758766.750775, "input_transform_end_time": 1716758766.7507827, "result_transform_start_time": 1716758766.75647, "result_transform_end_time": 1716758766.758271}}
