{"task_id": "38890ce0-0f5b-4309-b9c5-1a0940aa84bd", "function_name": "id", "parent_task_ids": [], "submit_time": 1716758502.432469, "received_time": 1716758502.4406433, "execution": {"hostname": "escience-taps", "execution_start_time": 1716758502.4398158, "execution_end_time": 1716758502.4398806, "task_start_time": 1716758502.4398613, "task_end_time": 1716758502.439862, "input_transform_start_time": 1716758502.4398298, "input_transform_end_time": 1716758502.4398587, "result_transform_start_time": 1716758502.4398623, "result_transform_end_time": 1716758502.4398806}}
{"task_id": "22a7db9d-d930-48ab-b7b8-c81d92d2d708", "function_name": "noop_task", "parent_task_ids": [], "submit_time": 1716758502.4417999, "received_time": 1716758502.4452448, "execution": {"hostname": "escience-taps", "execution_start_time": 1716758502.4438257, "execution_end_time": 1716758502.4449902, "task_start_time": 1716758502.4438615, "task_end_time": 1716758502.4446566, "input_transform_start_time": 1716758502.443854, "input_transform_end_time": 1716758502.4438612, "result_transform_start_time": 1716758502.4446566, "result_transform_end_time": 1716758502.4449902}}
{"task_id": "a5d1ce74-78ba-4554-a7c3-1cecb2900c46", "function_name": "noop_task", "parent_task_ids": [], "submit_time": 1716758502.4460375, "received_time": 1716758502.4475296, "execution": {"hostname": "escience-taps", "execution_start_time": 1716758502.4466987, "execution_end_time": 1716758502.447332, "task_start_time": 1716758502.4467118, "task_end_time": 1716758502.447113, "input_transform_start_time": 1716758502.4467072, "input_transform_end_time": 1716758502.4467118, "result_transform_start_time": 1716758502.447113, "result_transform_end_time": 1716758502.447332}}
{"task_id": "0ad16859-302f-4913-af01-240534e70de8", "function_name": "noop_task", "parent_task_ids": [], "submit_time": 1716758502.4480293, "received_time": 1716758502.449477, "execution": {"hostname": "escience-taps", "execution_start_time": 1716758502.4486482, "execution_end_time": 1716758502.449298, "task_start_time": 1716758502.4486654, "task_end_time": 1716758502.4490924, "input_transform_start_time": 1716758502.4486554, "input_transform_end_time": 1716758502.4486654, "result_transform_start_time": 1716758502.4490924, "result_transform_end_time": 1716758502.449298}}
{"task_id": "6c228935-4327-49da-b933-1b4130285e28", "function_name": "noop_task", "parent_task_ids": [], "submit_time": 1716758502.4499667, "received_time": 1716758502.4513063, "execution": {"hostname": "escience-taps", "execution_start_time": 1716758502.4504952, "execution_end_time": 1716758502.4511392, "task_start_time": 1716758502.4505057, "task_end_time": 1716758502.4509225, "input_transform_start_time": 1716758502.4505017, "input_transform_end_time": 1716758502.4505057, "result_transform_start_time": 1716758502.4509227, "result_transform_end_time": 1716758502.4511392}}
{"task_id": "5e319432-2dc3-4c81-92aa-10a46bb3e3c0", "function_name": "noop_task", "parent_task_ids": [], "submit_time": 1716758502.4517877, "received_time": 1716758502.453126, "execution": {"hostname": "escience-taps", "execution_start_time": 1716758502.4523346, "execution_end_time": 1716758502.4529681, "task_start_time": 1716758502.4523454, "task_end_time": 1716758502.4527543, "input_transform_start_time": 1716758502.4523413, "input_transform_end_time": 1716758502.4523451, "result_transform_start_time": 1716758502.4527545, "result_transform_end_time": 1716758502.4529681}}
{"task_id": "f3fa5281-3e34-4aee-9b53-9d33292c0de0", "function_name": "noop_task", "parent_task_ids": [], "submit_time": 1716758502.453607, "received_time": 1716758502.4575205, "execution": {"hostname": "escience-taps", "execution_start_time": 1716758502.4564528, "execution_end_time": 1716758502.4573393, "task_start_time": 1716758502.4564705, "task_end_time": 1716758502.4570956, "input_transform_start_time": 1716758502.4564638, "input_transform_end_time": 1716758502.4564705, "result_transform_start_time": 1716758502.4570959, "result_transform_end_time": 1716758502.4573393}}
{"task_id": "45e0721b-d1c2-49cd-a269-7b5fbff44a98", "function_name": "noop_task", "parent_task_ids": [], "submit_time": 1716758502.4579718, "received_time": 1716758502.459348, "execution": {"hostname": "escience-taps", "execution_start_time": 1716758502.458548, "execution_end_time": 1716758502.4591694, "task_start_time": 1716758502.4585593, "task_end_time": 1716758502.458955, "input_transform_start_time": 1716758502.458555, "input_transform_end_time": 1716758502.4585593, "result_transform_start_time": 1716758502.4589553, "result_transform_end_time": 1716758502.4591694}}
{"task_id": "9a976d56-30cd-4c64-8d59-1e13aebdf6e4", "function_name": "noop_task", "parent_task_ids": [], "submit_time": 1716758502.4597828, "received_time": 1716758502.4610794, "execution": {"hostname": "escience-taps", "execution_start_time": 1716758502.4603248, "execution_end_time": 1716758502.4609282, "task_start_time": 1716758502.4603338, "task_end_time": 1716758502.4607213, "input_transform_start_time": 1716758502.4603305, "input_transform_end_time": 1716758502.4603338, "result_transform_start_time": 1716758502.4607215, "result_transform_end_time": 1716758502.4609282}}
{"task_id": "5c471838-0c69-4dd2-859c-9ae826aa3544", "function_name": "noop_task", "parent_task_ids": [], "submit_time": 1716758502.461538, "received_time": 1716758502.4627025, "execution": {"hostname": "escience-taps", "execution_start_time": 1716758502.4620125, "execution_end_time": 1716758502.4625714, "task_start_time": 1716758502.462021, "task_end_time": 1716758502.4623978, "input_transform_start_time": 1716758502.4620178, "input_transform_end_time": 1716758502.4620209, "result_transform_start_time": 1716758502.462398, "result_transform_end_time": 1716758502.4625714}}
{"task_id": "a269e5ac-c242-4836-a455-56beff28a5f5", "function_name": "noop_task", "parent_task_ids": [], "submit_time": 1716758502.4631295, "received_time": 1716758502.4643016, "execution": {"hostname": "escience-taps", "execution_start_time": 1716758502.463606, "execution_end_time": 1716758502.464153, "task_start_time": 1716758502.4636137, "task_end_time": 1716758502.4639711, "input_transform_start_time": 1716758502.463611, "input_transform_end_time": 1716758502.4636137, "result_transform_start_time": 1716758502.4639714, "result_transform_end_time": 1716758502.464153}}
