{"task_id": "40d2671e-a39d-4c9a-8636-7d35779d0fba", "function_name": "id", "parent_task_ids": [], "submit_time": 1716760445.3487165, "received_time": 1716760447.3442738, "execution": {"hostname": "escience-taps", "execution_start_time": 1716760446.7981665, "execution_end_time": 1716760446.7981758, "task_start_time": 1716760446.7981722, "task_end_time": 1716760446.7981727, "input_transform_start_time": 1716760446.798169, "input_transform_end_time": 1716760446.7981722, "result_transform_start_time": 1716760446.798173, "result_transform_end_time": 1716760446.7981758}}
{"task_id": "954580f6-5c9f-4e97-82bb-dc674f1c0119", "function_name": "noop_task", "parent_task_ids": [], "submit_time": 1716760447.3458035, "received_time": 1716760448.3464966, "execution": {"hostname": "escience-taps", "execution_start_time": 1716760447.905461, "execution_end_time": 1716760447.9057593, "task_start_time": 1716760447.9054775, "task_end_time": 1716760447.905749, "input_transform_start_time": 1716760447.90547, "input_transform_end_time": 1716760447.9054775, "result_transform_start_time": 1716760447.905749, "result_transform_end_time": 1716760447.9057589}}
{"task_id": "42b410eb-84ee-48c5-b751-73abef730a02", "function_name": "noop_task", "parent_task_ids": [], "submit_time": 1716760448.346943, "received_time": 1716760449.8503737, "execution": {"hostname": "escience-taps", "execution_start_time": 1716760448.806742, "execution_end_time": 1716760448.8073354, "task_start_time": 1716760448.8067703, "task_end_time": 1716760448.807324, "input_transform_start_time": 1716760448.8067563, "input_transform_end_time": 1716760448.80677, "result_transform_start_time": 1716760448.8073244, "result_transform_end_time": 1716760448.8073351}}
{"task_id": "040bfe0c-3bcb-4573-a01f-af967c50a303", "function_name": "noop_task", "parent_task_ids": [], "submit_time": 1716760449.8511682, "received_time": 1716760450.8519876, "execution": {"hostname": "escience-taps", "execution_start_time": 1716760450.3613548, "execution_end_time": 1716760450.362169, "task_start_time": 1716760450.3614495, "task_end_time": 1716760450.3621316, "input_transform_start_time": 1716760450.3614082, "input_transform_end_time": 1716760450.3614492, "result_transform_start_time": 1716760450.3621323, "result_transform_end_time": 1716760450.3621688}}
{"task_id": "62c0a700-8e2b-4f9a-abe2-0cc8f3d495af", "function_name": "noop_task", "parent_task_ids": [], "submit_time": 1716760450.8528879, "received_time": 1716760452.3556385, "execution": {"hostname": "escience-taps", "execution_start_time": 1716760451.3394372, "execution_end_time": 1716760451.3399265, "task_start_time": 1716760451.3394613, "task_end_time": 1716760451.339913, "input_transform_start_time": 1716760451.3394504, "input_transform_end_time": 1716760451.339461, "result_transform_start_time": 1716760451.3399131, "result_transform_end_time": 1716760451.3399262}}
{"task_id": "ec7366f5-4415-4fd5-a9e0-6e17a9633906", "function_name": "noop_task", "parent_task_ids": [], "submit_time": 1716760452.3564918, "received_time": 1716760453.8584983, "execution": {"hostname": "escience-taps", "execution_start_time": 1716760452.797517, "execution_end_time": 1716760452.798077, "task_start_time": 1716760452.7975414, "task_end_time": 1716760452.7980635, "input_transform_start_time": 1716760452.797529, "input_transform_end_time": 1716760452.797541, "result_transform_start_time": 1716760452.7980642, "result_transform_end_time": 1716760452.7980769}}
{"task_id": "d7ae6be1-b68c-41c6-b1ce-52a9b7f1ccbb", "function_name": "noop_task", "parent_task_ids": [], "submit_time": 1716760453.8593805, "received_time": 1716760454.8603706, "execution": {"hostname": "escience-taps", "execution_start_time": 1716760454.3047001, "execution_end_time": 1716760454.3052878, "task_start_time": 1716760454.3047264, "task_end_time": 1716760454.3052764, "input_transform_start_time": 1716760454.304714, "input_transform_end_time": 1716760454.3047261, "result_transform_start_time": 1716760454.3052766, "result_transform_end_time": 1716760454.3052878}}
{"task_id": "0c099759-68e1-44c5-be4d-0f78fd8f14dd", "function_name": "noop_task", "parent_task_ids": [], "submit_time": 1716760454.8612947, "received_time": 1716760455.8620746, "execution": {"hostname": "escience-taps", "execution_start_time": 1716760455.3270524, "execution_end_time": 1716760455.3278809, "task_start_time": 1716760455.3271363, "task_end_time": 1716760455.3278418, "input_transform_start_time": 1716760455.327102, "input_transform_end_time": 1716760455.327136, "result_transform_start_time": 1716760455.327842, "result_transform_end_time": 1716760455.3278806}}
{"task_id": "93dbf99b-b5ca-482d-80e4-47cd66a82b91", "function_name": "noop_task", "parent_task_ids": [], "submit_time": 1716760455.8628752, "received_time": 1716760457.3653622, "execution": {"hostname": "escience-taps", "execution_start_time": 1716760456.2686403, "execution_end_time": 1716760456.269645, "task_start_time": 1716760456.268807, "task_end_time": 1716760456.2695682, "input_transform_start_time": 1716760456.2687192, "input_transform_end_time": 1716760456.268807, "result_transform_start_time": 1716760456.2695684, "result_transform_end_time": 1716760456.269645}}
{"task_id": "a404c6fc-5b07-41f8-963f-e6ad04533504", "function_name": "noop_task", "parent_task_ids": [], "submit_time": 1716760457.3660028, "received_time": 1716760458.8691053, "execution": {"hostname": "escience-taps", "execution_start_time": 1716760458.0602224, "execution_end_time": 1716760458.0608568, "task_start_time": 1716760458.0602489, "task_end_time": 1716760458.060843, "input_transform_start_time": 1716760458.060236, "input_transform_end_time": 1716760458.0602486, "result_transform_start_time": 1716760458.0608435, "result_transform_end_time": 1716760458.0608566}}
{"task_id": "cdc8fd23-0734-4e74-9a63-7effe3c01a74", "function_name": "noop_task", "parent_task_ids": [], "submit_time": 1716760458.8699603, "received_time": 1716760460.372001, "execution": {"hostname": "escience-taps", "execution_start_time": 1716760459.271862, "execution_end_time": 1716760459.2724504, "task_start_time": 1716760459.2718892, "task_end_time": 1716760459.2724378, "input_transform_start_time": 1716760459.271877, "input_transform_end_time": 1716760459.271889, "result_transform_start_time": 1716760459.2724383, "result_transform_end_time": 1716760459.27245}}
