{"task_id": "61fc6968-84e2-4f18-9649-173e501ad654", "function_name": "id", "parent_task_ids": [], "submit_time": 1716758760.9032032, "received_time": 1716758762.529703, "execution": {"hostname": "escience-taps", "execution_start_time": 1716758762.5274413, "execution_end_time": 1716758762.5274568, "task_start_time": 1716758762.5274508, "task_end_time": 1716758762.5274513, "input_transform_start_time": 1716758762.5274434, "input_transform_end_time": 1716758762.5274508, "result_transform_start_time": 1716758762.5274518, "result_transform_end_time": 1716758762.5274568}}
{"task_id": "18a3632f-8cfe-49ff-9c6e-f69b0ef69fa6", "function_name": "noop_task", "parent_task_ids": [], "submit_time": 1716758762.5328343, "received_time": 1716758762.560363, "execution": {"hostname": "escience-taps", "execution_start_time": 1716758762.5538037, "execution_end_time": 1716758762.5591352, "task_start_time": 1716758762.5538204, "task_end_time": 1716758762.5579686, "input_transform_start_time": 1716758762.5538137, "input_transform_end_time": 1716758762.5538201, "result_transform_start_time": 1716758762.5579686, "result_transform_end_time": 1716758762.559135}}
{"task_id": "543d2541-80a5-4744-8c2d-897001e833c3", "function_name": "noop_task", "parent_task_ids": [], "submit_time": 1716758762.563546, "received_time": 1716758762.586045, "execution": {"hostname": "escience-taps", "execution_start_time": 1716758762.5810766, "execution_end_time": 1716758762.5848832, "task_start_time": 1716758762.5810988, "task_end_time": 1716758762.584084, "input_transform_start_time": 1716758762.5810893, "input_transform_end_time": 1716758762.5810986, "result_transform_start_time": 1716758762.5840843, "result_transform_end_time": 1716758762.584883}}
{"task_id": "4ee2399e-e50f-437f-929e-e2c147b004bd", "function_name": "noop_task", "parent_task_ids": [], "submit_time": 1716758762.588948, "received_time": 1716758762.6117325, "execution": {"hostname": "escience-taps", "execution_start_time": 1716758762.606687, "execution_end_time": 1716758762.6105304, "task_start_time": 1716758762.6066983, "task_end_time": 1716758762.6096265, "input_transform_start_time": 1716758762.6066928, "input_transform_end_time": 1716758762.6066983, "result_transform_start_time": 1716758762.6096268, "result_transform_end_time": 1716758762.6105301}}
{"task_id": "5379dd43-776f-4beb-952f-d9cb7a9244a7", "function_name": "noop_task", "parent_task_ids": [], "submit_time": 1716758762.6148846, "received_time": 1716758762.6377392, "execution": {"hostname": "escience-taps", "execution_start_time": 1716758762.6325958, "execution_end_time": 1716758762.6366303, "task_start_time": 1716758762.6326175, "task_end_time": 1716758762.635731, "input_transform_start_time": 1716758762.632608, "input_transform_end_time": 1716758762.6326172, "result_transform_start_time": 1716758762.6357312, "result_transform_end_time": 1716758762.6366303}}
{"task_id": "fc4e9e2f-914e-468d-a292-d4235263f67a", "function_name": "noop_task", "parent_task_ids": [], "submit_time": 1716758762.640604, "received_time": 1716758762.6628559, "execution": {"hostname": "escience-taps", "execution_start_time": 1716758762.658319, "execution_end_time": 1716758762.6617982, "task_start_time": 1716758762.6583283, "task_end_time": 1716758762.6609375, "input_transform_start_time": 1716758762.6583242, "input_transform_end_time": 1716758762.6583283, "result_transform_start_time": 1716758762.6609378, "result_transform_end_time": 1716758762.6617982}}
{"task_id": "7fbcca20-70d2-4f40-934f-e7c196308350", "function_name": "noop_task", "parent_task_ids": [], "submit_time": 1716758762.6660185, "received_time": 1716758762.6883821, "execution": {"hostname": "escience-taps", "execution_start_time": 1716758762.683587, "execution_end_time": 1716758762.6872995, "task_start_time": 1716758762.6836083, "task_end_time": 1716758762.6864395, "input_transform_start_time": 1716758762.6835988, "input_transform_end_time": 1716758762.683608, "result_transform_start_time": 1716758762.6864398, "result_transform_end_time": 1716758762.6872995}}
{"task_id": "60bbe075-d47c-4dac-975c-8e02b8ab9e5f", "function_name": "noop_task", "parent_task_ids": [], "submit_time": 1716758762.6919498, "received_time": 1716758762.713896, "execution": {"hostname": "escience-taps", "execution_start_time": 1716758762.709233, "execution_end_time": 1716758762.7128053, "task_start_time": 1716758762.709253, "task_end_time": 1716758762.711944, "input_transform_start_time": 1716758762.709244, "input_transform_end_time": 1716758762.7092528, "result_transform_start_time": 1716758762.7119443, "result_transform_end_time": 1716758762.712805}}
{"task_id": "a5a8ec50-8572-45c6-905f-edb805df2a46", "function_name": "noop_task", "parent_task_ids": [], "submit_time": 1716758762.7166958, "received_time": 1716758762.738848, "execution": {"hostname": "escience-taps", "execution_start_time": 1716758762.7345119, "execution_end_time": 1716758762.7379837, "task_start_time": 1716758762.7345212, "task_end_time": 1716758762.737123, "input_transform_start_time": 1716758762.7345173, "input_transform_end_time": 1716758762.7345212, "result_transform_start_time": 1716758762.737123, "result_transform_end_time": 1716758762.7379837}}
{"task_id": "436df882-791f-4e0e-bd56-d200674c06d9", "function_name": "noop_task", "parent_task_ids": [], "submit_time": 1716758762.7421207, "received_time": 1716758762.7643814, "execution": {"hostname": "escience-taps", "execution_start_time": 1716758762.759631, "execution_end_time": 1716758762.763291, "task_start_time": 1716758762.7596478, "task_end_time": 1716758762.7623363, "input_transform_start_time": 1716758762.7596407, "input_transform_end_time": 1716758762.7596474, "result_transform_start_time": 1716758762.7623365, "result_transform_end_time": 1716758762.763291}}
{"task_id": "26069451-736b-4f36-a50d-748ca415b057", "function_name": "noop_task", "parent_task_ids": [], "submit_time": 1716758762.7678797, "received_time": 1716758762.7900608, "execution": {"hostname": "escience-taps", "execution_start_time": 1716758762.7851944, "execution_end_time": 1716758762.7891347, "task_start_time": 1716758762.7852144, "task_end_time": 1716758762.7882805, "input_transform_start_time": 1716758762.7852066, "input_transform_end_time": 1716758762.7852142, "result_transform_start_time": 1716758762.7882805, "result_transform_end_time": 1716758762.7891345}}
