{"task_id": "e6608d2f-8683-4b2a-84c0-9c8f31dffe74", "function_name": "id", "parent_task_ids": [], "submit_time": 1716758652.1683815, "received_time": 1716758653.8002737, "execution": {"hostname": "escience-taps", "execution_start_time": 1716758653.7979522, "execution_end_time": 1716758653.7979672, "task_start_time": 1716758653.7979608, "task_end_time": 1716758653.7979612, "input_transform_start_time": 1716758653.7979548, "input_transform_end_time": 1716758653.7979605, "result_transform_start_time": 1716758653.7979612, "result_transform_end_time": 1716758653.797967}}
{"task_id": "ea639ec4-e86b-499c-852b-4d630cb46624", "function_name": "noop_task", "parent_task_ids": [], "submit_time": 1716758653.800816, "received_time": 1716758653.8152523, "execution": {"hostname": "escience-taps", "execution_start_time": 1716758653.814068, "execution_end_time": 1716758653.8141794, "task_start_time": 1716758653.8140788, "task_end_time": 1716758653.8141716, "input_transform_start_time": 1716758653.8140726, "input_transform_end_time": 1716758653.8140788, "result_transform_start_time": 1716758653.8141718, "result_transform_end_time": 1716758653.8141794}}
{"task_id": "41530e10-f8da-4b03-9699-9d6cf748444b", "function_name": "noop_task", "parent_task_ids": [], "submit_time": 1716758653.8155668, "received_time": 1716758653.8271792, "execution": {"hostname": "escience-taps", "execution_start_time": 1716758653.8261423, "execution_end_time": 1716758653.8262346, "task_start_time": 1716758653.8261495, "task_end_time": 1716758653.8262312, "input_transform_start_time": 1716758653.8261461, "input_transform_end_time": 1716758653.8261495, "result_transform_start_time": 1716758653.8262312, "result_transform_end_time": 1716758653.8262346}}
{"task_id": "a6b346f6-3aee-417f-b2a2-a36a7f8d18e3", "function_name": "noop_task", "parent_task_ids": [], "submit_time": 1716758653.8274546, "received_time": 1716758653.8387744, "execution": {"hostname": "escience-taps", "execution_start_time": 1716758653.8377635, "execution_end_time": 1716758653.8378558, "task_start_time": 1716758653.8377714, "task_end_time": 1716758653.8378527, "input_transform_start_time": 1716758653.837767, "input_transform_end_time": 1716758653.8377712, "result_transform_start_time": 1716758653.837853, "result_transform_end_time": 1716758653.8378558}}
{"task_id": "8d3524b6-5b19-4562-8f87-21b84bd5498a", "function_name": "noop_task", "parent_task_ids": [], "submit_time": 1716758653.8390727, "received_time": 1716758653.8504627, "execution": {"hostname": "escience-taps", "execution_start_time": 1716758653.8495355, "execution_end_time": 1716758653.8496537, "task_start_time": 1716758653.849545, "task_end_time": 1716758653.8496482, "input_transform_start_time": 1716758653.84954, "input_transform_end_time": 1716758653.849545, "result_transform_start_time": 1716758653.8496485, "result_transform_end_time": 1716758653.8496535}}
{"task_id": "9311ed40-749a-42f5-a6c7-ed09432f36c4", "function_name": "noop_task", "parent_task_ids": [], "submit_time": 1716758653.8506262, "received_time": 1716758653.8622956, "execution": {"hostname": "escience-taps", "execution_start_time": 1716758653.8612697, "execution_end_time": 1716758653.861388, "task_start_time": 1716758653.861279, "task_end_time": 1716758653.861383, "input_transform_start_time": 1716758653.861274, "input_transform_end_time": 1716758653.861279, "result_transform_start_time": 1716758653.8613832, "result_transform_end_time": 1716758653.8613877}}
{"task_id": "328aca06-e8c7-403f-a143-be285cb49f0a", "function_name": "noop_task", "parent_task_ids": [], "submit_time": 1716758653.8625581, "received_time": 1716758653.8739946, "execution": {"hostname": "escience-taps", "execution_start_time": 1716758653.8731441, "execution_end_time": 1716758653.8732498, "task_start_time": 1716758653.8731515, "task_end_time": 1716758653.8732457, "input_transform_start_time": 1716758653.8731477, "input_transform_end_time": 1716758653.8731515, "result_transform_start_time": 1716758653.873246, "result_transform_end_time": 1716758653.8732498}}
{"task_id": "1b993366-b088-479b-8ed0-7f09ccc00657", "function_name": "noop_task", "parent_task_ids": [], "submit_time": 1716758653.874169, "received_time": 1716758653.8858492, "execution": {"hostname": "escience-taps", "execution_start_time": 1716758653.8849149, "execution_end_time": 1716758653.8850448, "task_start_time": 1716758653.8849273, "task_end_time": 1716758653.8850365, "input_transform_start_time": 1716758653.8849204, "input_transform_end_time": 1716758653.884927, "result_transform_start_time": 1716758653.885037, "result_transform_end_time": 1716758653.8850446}}
{"task_id": "b933c272-6113-420d-86ee-7b849f0cdd21", "function_name": "noop_task", "parent_task_ids": [], "submit_time": 1716758653.8860097, "received_time": 1716758653.8976753, "execution": {"hostname": "escience-taps", "execution_start_time": 1716758653.8967905, "execution_end_time": 1716758653.8968906, "task_start_time": 1716758653.8967993, "task_end_time": 1716758653.8968875, "input_transform_start_time": 1716758653.8967953, "input_transform_end_time": 1716758653.8967993, "result_transform_start_time": 1716758653.8968878, "result_transform_end_time": 1716758653.8968906}}
{"task_id": "aca9a0f6-ce03-433b-b9fc-71159c812957", "function_name": "noop_task", "parent_task_ids": [], "submit_time": 1716758653.897811, "received_time": 1716758653.909685, "execution": {"hostname": "escience-taps", "execution_start_time": 1716758653.9084914, "execution_end_time": 1716758653.9086146, "task_start_time": 1716758653.9085011, "task_end_time": 1716758653.9086096, "input_transform_start_time": 1716758653.9084961, "input_transform_end_time": 1716758653.908501, "result_transform_start_time": 1716758653.9086099, "result_transform_end_time": 1716758653.9086146}}
{"task_id": "c43f4c47-057a-4412-bb28-50859209c9e6", "function_name": "noop_task", "parent_task_ids": [], "submit_time": 1716758653.9099329, "received_time": 1716758653.9213667, "execution": {"hostname": "escience-taps", "execution_start_time": 1716758653.9203205, "execution_end_time": 1716758653.9204354, "task_start_time": 1716758653.9203293, "task_end_time": 1716758653.9204307, "input_transform_start_time": 1716758653.9203243, "input_transform_end_time": 1716758653.9203289, "result_transform_start_time": 1716758653.920431, "result_transform_end_time": 1716758653.9204352}}
