{"task_id": "6ee61451-13c2-487f-b64e-99dd5a22ae87", "function_name": "_map_function_for_enron_run_mode", "parent_task_ids": [], "submit_time": 1716647690.5215876, "received_time": 1716647690.846905, "execution": {"hostname": "escience-taps", "execution_start_time": 1716647690.52663, "execution_end_time": 1716647690.800641, "task_start_time": 1716647690.526679, "task_end_time": 1716647690.8006067, "input_transform_start_time": 1716647690.5266452, "input_transform_end_time": 1716647690.5266767, "result_transform_start_time": 1716647690.8006074, "result_transform_end_time": 1716647690.800641}}
{"task_id": "f9d89bd8-c0bc-497c-9758-98489e4de50c", "function_name": "_map_function_for_enron_run_mode", "parent_task_ids": [], "submit_time": 1716647690.5208147, "received_time": 1716647690.9640737, "execution": {"hostname": "escience-taps", "execution_start_time": 1716647690.5246477, "execution_end_time": 1716647690.9425101, "task_start_time": 1716647690.5247142, "task_end_time": 1716647690.9424884, "input_transform_start_time": 1716647690.52467, "input_transform_end_time": 1716647690.5247111, "result_transform_start_time": 1716647690.9424887, "result_transform_end_time": 1716647690.9425101}}
{"task_id": "201fcb72-75c4-4cf0-b9dc-29c19db5b875", "function_name": "_map_function_for_enron_run_mode", "parent_task_ids": [], "submit_time": 1716647690.5218313, "received_time": 1716647690.9897928, "execution": {"hostname": "escience-taps", "execution_start_time": 1716647690.5278823, "execution_end_time": 1716647690.9578357, "task_start_time": 1716647690.5279226, "task_end_time": 1716647690.957791, "input_transform_start_time": 1716647690.527895, "input_transform_end_time": 1716647690.5279212, "result_transform_start_time": 1716647690.957792, "result_transform_end_time": 1716647690.9578357}}
{"task_id": "33b0a938-721e-4c73-b8d9-a3772811c406", "function_name": "_map_function_for_enron_run_mode", "parent_task_ids": [], "submit_time": 1716647690.5214126, "received_time": 1716647691.0576973, "execution": {"hostname": "escience-taps", "execution_start_time": 1716647690.5263531, "execution_end_time": 1716647691.0238664, "task_start_time": 1716647690.5263975, "task_end_time": 1716647691.0238333, "input_transform_start_time": 1716647690.5263667, "input_transform_end_time": 1716647690.5263948, "result_transform_start_time": 1716647691.0238335, "result_transform_end_time": 1716647691.0238664}}
{"task_id": "5f3f2df2-aac0-4d2b-a776-7d59bce5013a", "function_name": "_map_function_for_enron_run_mode", "parent_task_ids": [], "submit_time": 1716647690.521185, "received_time": 1716647691.1384103, "execution": {"hostname": "escience-taps", "execution_start_time": 1716647690.5259016, "execution_end_time": 1716647691.1026523, "task_start_time": 1716647690.5259478, "task_end_time": 1716647691.102615, "input_transform_start_time": 1716647690.5259163, "input_transform_end_time": 1716647690.525946, "result_transform_start_time": 1716647691.1026163, "result_transform_end_time": 1716647691.1026523}}
{"task_id": "4ec28887-5ec4-44e8-b53c-2fcd6c31d793", "function_name": "_map_function_for_enron_run_mode", "parent_task_ids": [], "submit_time": 1716647690.5210412, "received_time": 1716647691.3507264, "execution": {"hostname": "escience-taps", "execution_start_time": 1716647690.5253544, "execution_end_time": 1716647691.284726, "task_start_time": 1716647690.5254009, "task_end_time": 1716647691.2846866, "input_transform_start_time": 1716647690.5253706, "input_transform_end_time": 1716647690.5253975, "result_transform_start_time": 1716647691.2846882, "result_transform_end_time": 1716647691.284726}}
{"task_id": "c652946a-2e6b-40e4-99aa-a0d7f33a484a", "function_name": "_map_function_for_enron_run_mode", "parent_task_ids": [], "submit_time": 1716647690.5210724, "received_time": 1716647691.3924248, "execution": {"hostname": "escience-taps", "execution_start_time": 1716647690.52548, "execution_end_time": 1716647691.3373647, "task_start_time": 1716647690.5255356, "task_end_time": 1716647691.3373241, "input_transform_start_time": 1716647690.5254962, "input_transform_end_time": 1716647690.5255332, "result_transform_start_time": 1716647691.3373256, "result_transform_end_time": 1716647691.3373647}}
{"task_id": "3170ff3e-a812-46da-81a6-f813a849e49d", "function_name": "_map_function_for_enron_run_mode", "parent_task_ids": [], "submit_time": 1716647690.4771597, "received_time": 1716647691.425075, "execution": {"hostname": "escience-taps", "execution_start_time": 1716647690.523324, "execution_end_time": 1716647691.353731, "task_start_time": 1716647690.523376, "task_end_time": 1716647691.3537023, "input_transform_start_time": 1716647690.523338, "input_transform_end_time": 1716647690.5233717, "result_transform_start_time": 1716647691.3537035, "result_transform_end_time": 1716647691.353731}}
{"task_id": "d7305ad6-924f-4228-955a-79d546329ca7", "function_name": "_map_function_for_enron_run_mode", "parent_task_ids": [], "submit_time": 1716647690.5208602, "received_time": 1716647691.4484165, "execution": {"hostname": "escience-taps", "execution_start_time": 1716647690.5246484, "execution_end_time": 1716647691.380629, "task_start_time": 1716647690.5246987, "task_end_time": 1716647691.3805976, "input_transform_start_time": 1716647690.5246649, "input_transform_end_time": 1716647690.5246966, "result_transform_start_time": 1716647691.3805988, "result_transform_end_time": 1716647691.380629}}
{"task_id": "e8dc0339-ddfc-45b5-be86-eca8d1fc6e67", "function_name": "_map_function_for_enron_run_mode", "parent_task_ids": [], "submit_time": 1716647690.5218058, "received_time": 1716647691.4665246, "execution": {"hostname": "escience-taps", "execution_start_time": 1716647690.5278482, "execution_end_time": 1716647691.3986516, "task_start_time": 1716647690.5279012, "task_end_time": 1716647691.3986125, "input_transform_start_time": 1716647690.5278642, "input_transform_end_time": 1716647690.5278988, "result_transform_start_time": 1716647691.3986137, "result_transform_end_time": 1716647691.3986516}}
{"task_id": "464349c1-696b-4a31-905b-c8250e461b31", "function_name": "_map_function_for_enron_run_mode", "parent_task_ids": [], "submit_time": 1716647690.5206668, "received_time": 1716647691.4912417, "execution": {"hostname": "escience-taps", "execution_start_time": 1716647690.5238495, "execution_end_time": 1716647691.4185743, "task_start_time": 1716647690.5239177, "task_end_time": 1716647691.4185364, "input_transform_start_time": 1716647690.5238705, "input_transform_end_time": 1716647690.5239148, "result_transform_start_time": 1716647691.4185371, "result_transform_end_time": 1716647691.4185743}}
{"task_id": "85788078-83ac-4702-9e7a-ac3c8f3e99e8", "function_name": "_map_function_for_enron_run_mode", "parent_task_ids": [], "submit_time": 1716647690.5209208, "received_time": 1716647691.5151951, "execution": {"hostname": "escience-taps", "execution_start_time": 1716647690.5248284, "execution_end_time": 1716647691.4556725, "task_start_time": 1716647690.5248814, "task_end_time": 1716647691.4556475, "input_transform_start_time": 1716647690.5248446, "input_transform_end_time": 1716647690.5248792, "result_transform_start_time": 1716647691.4556477, "result_transform_end_time": 1716647691.4556725}}
{"task_id": "4bf72fa7-093f-4704-b291-9d8f8ab5069d", "function_name": "_map_function_for_enron_run_mode", "parent_task_ids": [], "submit_time": 1716647690.5217357, "received_time": 1716647691.5641878, "execution": {"hostname": "escience-taps", "execution_start_time": 1716647690.5272005, "execution_end_time": 1716647691.5169806, "task_start_time": 1716647690.5272653, "task_end_time": 1716647691.5169456, "input_transform_start_time": 1716647690.5272193, "input_transform_end_time": 1716647690.5272627, "result_transform_start_time": 1716647691.5169463, "result_transform_end_time": 1716647691.5169804}}
{"task_id": "e244c531-eda2-487a-b235-3cc76a8a7ed1", "function_name": "_map_function_for_enron_run_mode", "parent_task_ids": [], "submit_time": 1716647690.5216439,