{"task_id": "f8130fb0-2d1a-4c75-bc38-1ef919be11a8", "function_name": "id", "parent_task_ids": [], "submit_time": 1716758070.6329184, "received_time": 1716758071.3212416, "execution": {"hostname": "escience-taps", "execution_start_time": 1716758071.310856, "execution_end_time": 1716758071.310882, "task_start_time": 1716758071.3108716, "task_end_time": 1716758071.3108726, "input_transform_start_time": 1716758071.310862, "input_transform_end_time": 1716758071.3108716, "result_transform_start_time": 1716758071.310873, "result_transform_end_time": 1716758071.310882}}
{"task_id": "62e92bfb-eed2-4ca2-af53-6a7977982f86", "function_name": "noop_task", "parent_task_ids": [], "submit_time": 1716758071.3241198, "received_time": 1716758071.371489, "execution": {"hostname": "escience-taps", "execution_start_time": 1716758071.3575115, "execution_end_time": 1716758071.363705, "task_start_time": 1716758071.3575318, "task_end_time": 1716758071.363692, "input_transform_start_time": 1716758071.357521, "input_transform_end_time": 1716758071.3575315, "result_transform_start_time": 1716758071.3636923, "result_transform_end_time": 1716758071.3637047}}
{"task_id": "e9d672e9-5a62-472b-91e2-d526e9e94f46", "function_name": "noop_task", "parent_task_ids": [], "submit_time": 1716758071.3764648, "received_time": 1716758071.4272294, "execution": {"hostname": "escience-taps", "execution_start_time": 1716758071.4156415, "execution_end_time": 1716758071.4198308, "task_start_time": 1716758071.4156756, "task_end_time": 1716758071.4198163, "input_transform_start_time": 1716758071.4156606, "input_transform_end_time": 1716758071.4156754, "result_transform_start_time": 1716758071.4198165, "result_transform_end_time": 1716758071.4198306}}
{"task_id": "8674c370-d19e-4b0a-ab09-40a81da04f8c", "function_name": "noop_task", "parent_task_ids": [], "submit_time": 1716758071.4354274, "received_time": 1716758071.4971952, "execution": {"hostname": "escience-taps", "execution_start_time": 1716758071.4806707, "execution_end_time": 1716758071.4875176, "task_start_time": 1716758071.4806948, "task_end_time": 1716758071.4875014, "input_transform_start_time": 1716758071.4806814, "input_transform_end_time": 1716758071.4806945, "result_transform_start_time": 1716758071.4875019, "result_transform_end_time": 1716758071.4875174}}
{"task_id": "d00ffed2-99c0-4204-bda8-c8069893be53", "function_name": "noop_task", "parent_task_ids": [], "submit_time": 1716758071.5056005, "received_time": 1716758071.5593908, "execution": {"hostname": "escience-taps", "execution_start_time": 1716758071.5424726, "execution_end_time": 1716758071.5495608, "task_start_time": 1716758071.5424986, "task_end_time": 1716758071.5495415, "input_transform_start_time": 1716758071.5424852, "input_transform_end_time": 1716758071.5424984, "result_transform_start_time": 1716758071.5495422, "result_transform_end_time": 1716758071.5495605}}
{"task_id": "0a09dce8-5149-46fe-ad71-1500d9c11cb9", "function_name": "noop_task", "parent_task_ids": [], "submit_time": 1716758071.5674536, "received_time": 1716758071.61915, "execution": {"hostname": "escience-taps", "execution_start_time": 1716758071.6069624, "execution_end_time": 1716758071.6104515, "task_start_time": 1716758071.6069808, "task_end_time": 1716758071.6104438, "input_transform_start_time": 1716758071.6069708, "input_transform_end_time": 1716758071.6069803, "result_transform_start_time": 1716758071.6104438, "result_transform_end_time": 1716758071.6104512}}
{"task_id": "16360358-3f0f-438b-b660-2a987f85438f", "function_name": "noop_task", "parent_task_ids": [], "submit_time": 1716758071.6277988, "received_time": 1716758071.6763499, "execution": {"hostname": "escience-taps", "execution_start_time": 1716758071.6640785, "execution_end_time": 1716758071.6680617, "task_start_time": 1716758071.6640968, "task_end_time": 1716758071.6680543, "input_transform_start_time": 1716758071.6640873, "input_transform_end_time": 1716758071.6640966, "result_transform_start_time": 1716758071.6680543, "result_transform_end_time": 1716758071.6680615}}
{"task_id": "00bd78ea-8df4-4daf-9a14-2e10cb543e63", "function_name": "noop_task", "parent_task_ids": [], "submit_time": 1716758071.684086, "received_time": 1716758071.7319725, "execution": {"hostname": "escience-taps", "execution_start_time": 1716758071.7169185, "execution_end_time": 1716758071.7237005, "task_start_time": 1716758071.7169373, "task_end_time": 1716758071.7236845, "input_transform_start_time": 1716758071.7169275, "input_transform_end_time": 1716758071.716937, "result_transform_start_time": 1716758071.723685, "result_transform_end_time": 1716758071.7237003}}
{"task_id": "3915a615-d7e7-4011-86f0-9116449bdb96", "function_name": "noop_task", "parent_task_ids": [], "submit_time": 1716758071.7397099, "received_time": 1716758071.784118, "execution": {"hostname": "escience-taps", "execution_start_time": 1716758071.7719462, "execution_end_time": 1716758071.7758949, "task_start_time": 1716758071.771967, "task_end_time": 1716758071.7758844, "input_transform_start_time": 1716758071.7719557, "input_transform_end_time": 1716758071.7719667, "result_transform_start_time": 1716758071.7758844, "result_transform_end_time": 1716758071.7758949}}
{"task_id": "ed04339e-95ba-4c22-bff3-7caeef3a5210", "function_name": "noop_task", "parent_task_ids": [], "submit_time": 1716758071.7918322, "received_time": 1716758071.838872, "execution": {"hostname": "escience-taps", "execution_start_time": 1716758071.8239844, "execution_end_time": 1716758071.8305986, "task_start_time": 1716758071.8240023, "task_end_time": 1716758071.830587, "input_transform_start_time": 1716758071.8239923, "input_transform_end_time": 1716758071.8240023, "result_transform_start_time": 1716758071.8305871, "result_transform_end_time": 1716758071.8305984}}
{"task_id": "9b2a28b3-6a84-4ce1-b535-d56999c6c406", "function_name": "noop_task", "parent_task_ids": [], "submit_time": 1716758071.846352, "received_time": 1716758071.89271, "execution": {"hostname": "escience-taps", "execution_start_time": 1716758071.8787699, "execution_end_time": 1716758071.8852677, "task_start_time": 1716758071.8787856, "task_end_time": 1716758071.885258, "input_transform_start_time": 1716758071.8787773, "input_transform_end_time": 1716758071.8787854, "result_transform_start_time": 1716758071.8852584, "result_transform_end_time": 1716758071.8852675}}
