{"task_id": "b7b6d114-4467-4d4c-a167-5d3095155727", "function_name": "id", "parent_task_ids": [], "submit_time": 1716758778.9313843, "received_time": 1716758780.5488894, "execution": {"hostname": "escience-taps", "execution_start_time": 1716758780.546261, "execution_end_time": 1716758780.5462775, "task_start_time": 1716758780.5462718, "task_end_time": 1716758780.546272, "input_transform_start_time": 1716758780.5462635, "input_transform_end_time": 1716758780.5462718, "result_transform_start_time": 1716758780.5462723, "result_transform_end_time": 1716758780.5462775}}
{"task_id": "0e4a2a10-205e-4455-85c9-73292271df28", "function_name": "noop_task", "parent_task_ids": [], "submit_time": 1716758780.5780396, "received_time": 1716758780.7451692, "execution": {"hostname": "escience-taps", "execution_start_time": 1716758780.7030866, "execution_end_time": 1716758780.7435756, "task_start_time": 1716758780.7031002, "task_end_time": 1716758780.734606, "input_transform_start_time": 1716758780.7030952, "input_transform_end_time": 1716758780.7031002, "result_transform_start_time": 1716758780.7346063, "result_transform_end_time": 1716758780.7435753}}
{"task_id": "20622a70-cdf6-4f2c-9420-7b26a5542220", "function_name": "noop_task", "parent_task_ids": [], "submit_time": 1716758780.7709734, "received_time": 1716758780.911589, "execution": {"hostname": "escience-taps", "execution_start_time": 1716758780.8773086, "execution_end_time": 1716758780.910044, "task_start_time": 1716758780.8773391, "task_end_time": 1716758780.903015, "input_transform_start_time": 1716758780.877326, "input_transform_end_time": 1716758780.877339, "result_transform_start_time": 1716758780.903015, "result_transform_end_time": 1716758780.9100437}}
{"task_id": "2589ec27-7e5f-449d-ad21-ea1efeb633d0", "function_name": "noop_task", "parent_task_ids": [], "submit_time": 1716758780.93898, "received_time": 1716758781.0773113, "execution": {"hostname": "escience-taps", "execution_start_time": 1716758781.0438344, "execution_end_time": 1716758781.0757952, "task_start_time": 1716758781.0438535, "task_end_time": 1716758781.0688782, "input_transform_start_time": 1716758781.043844, "input_transform_end_time": 1716758781.0438533, "result_transform_start_time": 1716758781.068879, "result_transform_end_time": 1716758781.0757952}}
{"task_id": "56574805-aadf-4262-8303-d11e8d999b50", "function_name": "noop_task", "parent_task_ids": [], "submit_time": 1716758781.1046386, "received_time": 1716758781.2457886, "execution": {"hostname": "escience-taps", "execution_start_time": 1716758781.209505, "execution_end_time": 1716758781.2438488, "task_start_time": 1716758781.2095337, "task_end_time": 1716758781.2333622, "input_transform_start_time": 1716758781.2095208, "input_transform_end_time": 1716758781.2095335, "result_transform_start_time": 1716758781.2333624, "result_transform_end_time": 1716758781.2438488}}
{"task_id": "30d08f71-b062-4496-9b61-fa5f6e40d4f0", "function_name": "noop_task", "parent_task_ids": [], "submit_time": 1716758781.2738833, "received_time": 1716758781.4232848, "execution": {"hostname": "escience-taps", "execution_start_time": 1716758781.388284, "execution_end_time": 1716758781.4218247, "task_start_time": 1716758781.3883364, "task_end_time": 1716758781.415025, "input_transform_start_time": 1716758781.38831, "input_transform_end_time": 1716758781.3883362, "result_transform_start_time": 1716758781.415025, "result_transform_end_time": 1716758781.4218245}}
{"task_id": "15d1565c-3726-4862-94b9-eb1689e536ec", "function_name": "noop_task", "parent_task_ids": [], "submit_time": 1716758781.4510403, "received_time": 1716758781.5881402, "execution": {"hostname": "escience-taps", "execution_start_time": 1716758781.5557306, "execution_end_time": 1716758781.5867593, "task_start_time": 1716758781.5557578, "task_end_time": 1716758781.5798924, "input_transform_start_time": 1716758781.5557463, "input_transform_end_time": 1716758781.5557575, "result_transform_start_time": 1716758781.5798926, "result_transform_end_time": 1716758781.5867593}}
{"task_id": "66533501-f875-47db-b778-e9fd20573c9f", "function_name": "noop_task", "parent_task_ids": [], "submit_time": 1716758781.615411, "received_time": 1716758781.751981, "execution": {"hostname": "escience-taps", "execution_start_time": 1716758781.7204995, "execution_end_time": 1716758781.7505329, "task_start_time": 1716758781.720531, "task_end_time": 1716758781.7438023, "input_transform_start_time": 1716758781.7205162, "input_transform_end_time": 1716758781.7205307, "result_transform_start_time": 1716758781.7438028, "result_transform_end_time": 1716758781.7505326}}
{"task_id": "03e776aa-5a70-47e0-9e59-87105573b5aa", "function_name": "noop_task", "parent_task_ids": [], "submit_time": 1716758781.7795205, "received_time": 1716758781.9163356, "execution": {"hostname": "escience-taps", "execution_start_time": 1716758781.884317, "execution_end_time": 1716758781.9150028, "task_start_time": 1716758781.8843474, "task_end_time": 1716758781.9082522, "input_transform_start_time": 1716758781.8843334, "input_transform_end_time": 1716758781.8843472, "result_transform_start_time": 1716758781.908253, "result_transform_end_time": 1716758781.9150028}}
{"task_id": "88a12fb1-689e-4064-a3a8-d6fac7f2959b", "function_name": "noop_task", "parent_task_ids": [], "submit_time": 1716758781.9437375, "received_time": 1716758782.0905929, "execution": {"hostname": "escience-taps", "execution_start_time": 1716758782.058596, "execution_end_time": 1716758782.089333, "task_start_time": 1716758782.0586195, "task_end_time": 1716758782.0825648, "input_transform_start_time": 1716758782.0586085, "input_transform_end_time": 1716758782.0586195, "result_transform_start_time": 1716758782.082565, "result_transform_end_time": 1716758782.0893328}}
{"task_id": "508a7a2c-9623-4a35-81af-522bce54edd5", "function_name": "noop_task", "parent_task_ids": [], "submit_time": 1716758782.1180782, "received_time": 1716758782.2651713, "execution": {"hostname": "escience-taps", "execution_start_time": 1716758782.233063, "execution_end_time": 1716758782.2638166, "task_start_time": 1716758782.233085, "task_end_time": 1716758782.2570765, "input_transform_start_time": 1716758782.2330751, "input_transform_end_time": 1716758782.2330847, "result_transform_start_time": 1716758782.2570765, "result_transform_end_time": 1716758782.263816}}
