{"task_id": "0b597a66-f2b3-40fb-a551-224a3e04d792", "function_name": "id", "parent_task_ids": [], "submit_time": 1716760887.5583265, "received_time": 1716760893.5445936, "execution": {"hostname": "escience-taps", "execution_start_time": 1716760892.8420177, "execution_end_time": 1716760892.8420265, "task_start_time": 1716760892.8420231, "task_end_time": 1716760892.8420236, "input_transform_start_time": 1716760892.8420198, "input_transform_end_time": 1716760892.842023, "result_transform_start_time": 1716760892.8420236, "result_transform_end_time": 1716760892.8420265}}
{"task_id": "dae0279c-287a-45b5-b65b-298069a8cc88", "function_name": "noop_task", "parent_task_ids": [], "submit_time": 1716760893.5457985, "received_time": 1716760894.546996, "execution": {"hostname": "escience-taps", "execution_start_time": 1716760894.2586148, "execution_end_time": 1716760894.2590187, "task_start_time": 1716760894.258626, "task_end_time": 1716760894.258806, "input_transform_start_time": 1716760894.2586207, "input_transform_end_time": 1716760894.2586257, "result_transform_start_time": 1716760894.258806, "result_transform_end_time": 1716760894.2590187}}
{"task_id": "1026de6f-c036-4c8b-a7d8-c812b0626bfd", "function_name": "noop_task", "parent_task_ids": [], "submit_time": 1716760894.5478308, "received_time": 1716760896.0501053, "execution": {"hostname": "escience-taps", "execution_start_time": 1716760895.549998, "execution_end_time": 1716760895.5503955, "task_start_time": 1716760895.550009, "task_end_time": 1716760895.5501888, "input_transform_start_time": 1716760895.5500042, "input_transform_end_time": 1716760895.5500088, "result_transform_start_time": 1716760895.550189, "result_transform_end_time": 1716760895.5503955}}
{"task_id": "dfd63229-2677-475c-9dc3-ea2b747d8e8c", "function_name": "noop_task", "parent_task_ids": [], "submit_time": 1716760896.0509264, "received_time": 1716760897.0524292, "execution": {"hostname": "escience-taps", "execution_start_time": 1716760896.7026987, "execution_end_time": 1716760896.7030935, "task_start_time": 1716760896.7027097, "task_end_time": 1716760896.7028892, "input_transform_start_time": 1716760896.7027047, "input_transform_end_time": 1716760896.7027094, "result_transform_start_time": 1716760896.7028892, "result_transform_end_time": 1716760896.7030935}}
{"task_id": "7f04f17b-1627-4ab7-97bb-718b0bd3bf83", "function_name": "noop_task", "parent_task_ids": [], "submit_time": 1716760897.0532446, "received_time": 1716760898.0545213, "execution": {"hostname": "escience-taps", "execution_start_time": 1716760897.696957, "execution_end_time": 1716760897.697352, "task_start_time": 1716760897.6969676, "task_end_time": 1716760897.6971478, "input_transform_start_time": 1716760897.696963, "input_transform_end_time": 1716760897.6969674, "result_transform_start_time": 1716760897.697148, "result_transform_end_time": 1716760897.697352}}
{"task_id": "618c0539-1da6-482f-8c82-2ba0ae5051c0", "function_name": "noop_task", "parent_task_ids": [], "submit_time": 1716760898.0553036, "received_time": 1716760899.0564852, "execution": {"hostname": "escience-taps", "execution_start_time": 1716760898.6934395, "execution_end_time": 1716760898.6945236, "task_start_time": 1716760898.69345, "task_end_time": 1716760898.693637, "input_transform_start_time": 1716760898.6934454, "input_transform_end_time": 1716760898.69345, "result_transform_start_time": 1716760898.6936371, "result_transform_end_time": 1716760898.6945233}}
{"task_id": "99aaf67d-635e-45f7-a1d6-72b64f905796", "function_name": "noop_task", "parent_task_ids": [], "submit_time": 1716760899.0572844, "received_time": 1716760900.0584698, "execution": {"hostname": "escience-taps", "execution_start_time": 1716760899.7779763, "execution_end_time": 1716760899.7783375, "task_start_time": 1716760899.7779872, "task_end_time": 1716760899.7781646, "input_transform_start_time": 1716760899.7779822, "input_transform_end_time": 1716760899.7779872, "result_transform_start_time": 1716760899.778165, "result_transform_end_time": 1716760899.7783372}}
{"task_id": "b81b542d-3c13-47bf-a7bf-342be18b3f7b", "function_name": "noop_task", "parent_task_ids": [], "submit_time": 1716760900.0593011, "received_time": 1716760901.0610592, "execution": {"hostname": "escience-taps", "execution_start_time": 1716760900.8041651, "execution_end_time": 1716760900.804514, "task_start_time": 1716760900.804176, "task_end_time": 1716760900.804348, "input_transform_start_time": 1716760900.8041713, "input_transform_end_time": 1716760900.8041759, "result_transform_start_time": 1716760900.8043482, "result_transform_end_time": 1716760900.8045137}}
{"task_id": "f7212e11-b069-4764-9c7c-4722588876a0", "function_name": "noop_task", "parent_task_ids": [], "submit_time": 1716760901.0617807, "received_time": 1716760902.0636973, "execution": {"hostname": "escience-taps", "execution_start_time": 1716760901.7692235, "execution_end_time": 1716760901.7695858, "task_start_time": 1716760901.7692342, "task_end_time": 1716760901.769411, "input_transform_start_time": 1716760901.7692294, "input_transform_end_time": 1716760901.7692342, "result_transform_start_time": 1716760901.769411, "result_transform_end_time": 1716760901.7695858}}
{"task_id": "efc5a897-4684-41de-b2d0-10ff0efb6a93", "function_name": "noop_task", "parent_task_ids": [], "submit_time": 1716760902.0644052, "received_time": 1716760903.0656013, "execution": {"hostname": "escience-taps", "execution_start_time": 1716760902.8065467, "execution_end_time": 1716760902.8073075, "task_start_time": 1716760902.8065584, "task_end_time": 1716760902.8067334, "input_transform_start_time": 1716760902.8065531, "input_transform_end_time": 1716760902.8065584, "result_transform_start_time": 1716760902.8067334, "result_transform_end_time": 1716760902.8073072}}
{"task_id": "9b78d269-33e9-4e39-ad37-7b75d365d400", "function_name": "noop_task", "parent_task_ids": [], "submit_time": 1716760903.066271, "received_time": 1716760904.0678806, "execution": {"hostname": "escience-taps", "execution_start_time": 1716760903.781344, "execution_end_time": 1716760903.7816923, "task_start_time": 1716760903.7813559, "task_end_time": 1716760903.7815292, "input_transform_start_time": 1716760903.7813506, "input_transform_end_time": 1716760903.7813556, "result_transform_start_time": 1716760903.7815292, "result_transform_end_time": 1716760903.7816923}}
