{"task_id": "2e977256-00a1-4a33-9242-505d9fe7c278", "function_name": "id", "parent_task_ids": [], "submit_time": 1716760952.510347, "received_time": 1716760954.4239838, "execution": {"hostname": "escience-taps", "execution_start_time": 1716760953.4191024, "execution_end_time": 1716760953.419112, "task_start_time": 1716760953.4191084, "task_end_time": 1716760953.4191089, "input_transform_start_time": 1716760953.4191048, "input_transform_end_time": 1716760953.4191082, "result_transform_start_time": 1716760953.4191089, "result_transform_end_time": 1716760953.419112}}
{"task_id": "142f261d-f278-44fb-b5cf-d5dd99b74c55", "function_name": "noop_task", "parent_task_ids": [], "submit_time": 1716760954.4253712, "received_time": 1716760955.426934, "execution": {"hostname": "escience-taps", "execution_start_time": 1716760954.917801, "execution_end_time": 1716760954.918864, "task_start_time": 1716760954.9178417, "task_end_time": 1716760954.9185064, "input_transform_start_time": 1716760954.9178264, "input_transform_end_time": 1716760954.9178414, "result_transform_start_time": 1716760954.918507, "result_transform_end_time": 1716760954.9188638}}
{"task_id": "a564d901-1b98-42f9-ad2d-895744cd6634", "function_name": "noop_task", "parent_task_ids": [], "submit_time": 1716760955.4281988, "received_time": 1716760956.429598, "execution": {"hostname": "escience-taps", "execution_start_time": 1716760955.5315864, "execution_end_time": 1716760955.532766, "task_start_time": 1716760955.5316248, "task_end_time": 1716760955.532174, "input_transform_start_time": 1716760955.5316072, "input_transform_end_time": 1716760955.5316248, "result_transform_start_time": 1716760955.5321743, "result_transform_end_time": 1716760955.5327656}}
{"task_id": "f63a35d1-b2f2-4b96-812c-69291784f978", "function_name": "noop_task", "parent_task_ids": [], "submit_time": 1716760956.4308596, "received_time": 1716760957.4322803, "execution": {"hostname": "escience-taps", "execution_start_time": 1716760956.5344055, "execution_end_time": 1716760956.5356023, "task_start_time": 1716760956.5344446, "task_end_time": 1716760956.5349793, "input_transform_start_time": 1716760956.5344272, "input_transform_end_time": 1716760956.5344443, "result_transform_start_time": 1716760956.5349796, "result_transform_end_time": 1716760956.535602}}
{"task_id": "d7b392e8-9acc-412b-8180-2208d84a57af", "function_name": "noop_task", "parent_task_ids": [], "submit_time": 1716760957.4335575, "received_time": 1716760958.4344878, "execution": {"hostname": "escience-taps", "execution_start_time": 1716760957.541224, "execution_end_time": 1716760957.5427039, "task_start_time": 1716760957.541279, "task_end_time": 1716760957.5421877, "input_transform_start_time": 1716760957.5412562, "input_transform_end_time": 1716760957.5412788, "result_transform_start_time": 1716760957.5421884, "result_transform_end_time": 1716760957.5427034}}
{"task_id": "7d77cba7-8604-4c7e-b7f3-4f4f924d9ba0", "function_name": "noop_task", "parent_task_ids": [], "submit_time": 1716760958.435727, "received_time": 1716760959.4375849, "execution": {"hostname": "escience-taps", "execution_start_time": 1716760958.5367327, "execution_end_time": 1716760958.5376315, "task_start_time": 1716760958.536778, "task_end_time": 1716760958.5373194, "input_transform_start_time": 1716760958.5367682, "input_transform_end_time": 1716760958.5367777, "result_transform_start_time": 1716760958.53732, "result_transform_end_time": 1716760958.5376315}}
{"task_id": "d0d8e979-cd52-4b38-b615-3e3fc1bb5b98", "function_name": "noop_task", "parent_task_ids": [], "submit_time": 1716760959.438824, "received_time": 1716760960.4406662, "execution": {"hostname": "escience-taps", "execution_start_time": 1716760959.5385404, "execution_end_time": 1716760959.5395863, "task_start_time": 1716760959.5385664, "task_end_time": 1716760959.5390275, "input_transform_start_time": 1716760959.5385559, "input_transform_end_time": 1716760959.538566, "result_transform_start_time": 1716760959.5390277, "result_transform_end_time": 1716760959.5395863}}
{"task_id": "04f5a81a-126f-4702-a74b-455d6d7cf3c0", "function_name": "noop_task", "parent_task_ids": [], "submit_time": 1716760960.4419124, "received_time": 1716760961.4438167, "execution": {"hostname": "escience-taps", "execution_start_time": 1716760960.551382, "execution_end_time": 1716760960.552284, "task_start_time": 1716760960.5514102, "task_end_time": 1716760960.5518758, "input_transform_start_time": 1716760960.5513995, "input_transform_end_time": 1716760960.55141, "result_transform_start_time": 1716760960.551876, "result_transform_end_time": 1716760960.5522838}}
{"task_id": "936d935d-baba-4efe-9186-2590b1f8d763", "function_name": "noop_task", "parent_task_ids": [], "submit_time": 1716760961.4451199, "received_time": 1716760962.4458992, "execution": {"hostname": "escience-taps", "execution_start_time": 1716760961.5529954, "execution_end_time": 1716760961.5541413, "task_start_time": 1716760961.5530393, "task_end_time": 1716760961.5535674, "input_transform_start_time": 1716760961.5530221, "input_transform_end_time": 1716760961.553039, "result_transform_start_time": 1716760961.5535676, "result_transform_end_time": 1716760961.554141}}
{"task_id": "977d8d96-c4a8-4c48-934d-061e513a0289", "function_name": "noop_task", "parent_task_ids": [], "submit_time": 1716760962.4471009, "received_time": 1716760963.449074, "execution": {"hostname": "escience-taps", "execution_start_time": 1716760962.552178, "execution_end_time": 1716760962.5531106, "task_start_time": 1716760962.5521963, "task_end_time": 1716760962.552678, "input_transform_start_time": 1716760962.5521884, "input_transform_end_time": 1716760962.552196, "result_transform_start_time": 1716760962.5526783, "result_transform_end_time": 1716760962.5531104}}
{"task_id": "b5c4a66c-ab58-44e4-ac8f-6a49018ef674", "function_name": "noop_task", "parent_task_ids": [], "submit_time": 1716760963.450229, "received_time": 1716760964.4514601, "execution": {"hostname": "escience-taps", "execution_start_time": 1716760963.913331, "execution_end_time": 1716760963.9145243, "task_start_time": 1716760963.9133763, "task_end_time": 1716760963.9139462, "input_transform_start_time": 1716760963.9133568, "input_transform_end_time": 1716760963.913376, "result_transform_start_time": 1716760963.9139464, "result_transform_end_time": 1716760963.914524}}
