{"task_id": "e29c5142-bcd2-43b8-a461-69c431e4ebd5", "function_name": "id", "parent_task_ids": [], "submit_time": 1716761296.5726695, "received_time": 1716761298.3546014, "execution": {"hostname": "escience-taps", "execution_start_time": 1716761297.787276, "execution_end_time": 1716761297.7872858, "task_start_time": 1716761297.7872818, "task_end_time": 1716761297.7872822, "input_transform_start_time": 1716761297.7872784, "input_transform_end_time": 1716761297.7872818, "result_transform_start_time": 1716761297.7872825, "result_transform_end_time": 1716761297.7872856}}
{"task_id": "33e1b0f5-3bea-4754-b83f-8a200a1e8ba2", "function_name": "noop_task", "parent_task_ids": [], "submit_time": 1716761298.3628042, "received_time": 1716761299.8579164, "execution": {"hostname": "escience-taps", "execution_start_time": 1716761299.1028519, "execution_end_time": 1716761299.1085598, "task_start_time": 1716761299.1028628, "task_end_time": 1716761299.1075385, "input_transform_start_time": 1716761299.102858, "input_transform_end_time": 1716761299.1028626, "result_transform_start_time": 1716761299.1075387, "result_transform_end_time": 1716761299.1085596}}
{"task_id": "5a98e3cc-8fa9-412c-80e1-42d1b25c8cc4", "function_name": "noop_task", "parent_task_ids": [], "submit_time": 1716761299.8664935, "received_time": 1716761301.361519, "execution": {"hostname": "escience-taps", "execution_start_time": 1716761300.529723, "execution_end_time": 1716761300.5353014, "task_start_time": 1716761300.5297344, "task_end_time": 1716761300.534281, "input_transform_start_time": 1716761300.5297296, "input_transform_end_time": 1716761300.5297341, "result_transform_start_time": 1716761300.5342813, "result_transform_end_time": 1716761300.5353012}}
{"task_id": "14c56e82-f300-46c9-9354-fd861cc427d2", "function_name": "noop_task", "parent_task_ids": [], "submit_time": 1716761301.368826, "received_time": 1716761302.8644726, "execution": {"hostname": "escience-taps", "execution_start_time": 1716761302.04957, "execution_end_time": 1716761302.0552223, "task_start_time": 1716761302.0495808, "task_end_time": 1716761302.0541945, "input_transform_start_time": 1716761302.049576, "input_transform_end_time": 1716761302.0495808, "result_transform_start_time": 1716761302.0541947, "result_transform_end_time": 1716761302.0552223}}
{"task_id": "371671b0-1c29-4ef4-985d-e8865fc3bc66", "function_name": "noop_task", "parent_task_ids": [], "submit_time": 1716761302.8722892, "received_time": 1716761303.3660557, "execution": {"hostname": "escience-taps", "execution_start_time": 1716761302.9717805, "execution_end_time": 1716761302.9787438, "task_start_time": 1716761302.9718032, "task_end_time": 1716761302.9771338, "input_transform_start_time": 1716761302.9717948, "input_transform_end_time": 1716761302.9718032, "result_transform_start_time": 1716761302.9771342, "result_transform_end_time": 1716761302.9787433}}
{"task_id": "c4a94ffd-4834-4d1d-b96e-6559b733307b", "function_name": "noop_task", "parent_task_ids": [], "submit_time": 1716761303.3734612, "received_time": 1716761303.8678923, "execution": {"hostname": "escience-taps", "execution_start_time": 1716761303.476893, "execution_end_time": 1716761303.4859233, "task_start_time": 1716761303.4769275, "task_end_time": 1716761303.483864, "input_transform_start_time": 1716761303.4769144, "input_transform_end_time": 1716761303.4769273, "result_transform_start_time": 1716761303.4838648, "result_transform_end_time": 1716761303.4859228}}
{"task_id": "65aaf693-49e7-4b0b-9af9-011e86dbadfd", "function_name": "noop_task", "parent_task_ids": [], "submit_time": 1716761303.8760636, "received_time": 1716761304.3688745, "execution": {"hostname": "escience-taps", "execution_start_time": 1716761303.9835145, "execution_end_time": 1716761303.9933817, "task_start_time": 1716761303.9835532, "task_end_time": 1716761303.9913495, "input_transform_start_time": 1716761303.9835355, "input_transform_end_time": 1716761303.983553, "result_transform_start_time": 1716761303.99135, "result_transform_end_time": 1716761303.993381}}
{"task_id": "294ef800-e218-484d-a12a-8f9b166b34a4", "function_name": "noop_task", "parent_task_ids": [], "submit_time": 1716761304.3790538, "received_time": 1716761304.8706925, "execution": {"hostname": "escience-taps", "execution_start_time": 1716761304.481661, "execution_end_time": 1716761304.4906113, "task_start_time": 1716761304.481692, "task_end_time": 1716761304.4887147, "input_transform_start_time": 1716761304.4816809, "input_transform_end_time": 1716761304.4816918, "result_transform_start_time": 1716761304.4887152, "result_transform_end_time": 1716761304.4906104}}
{"task_id": "eca4f9b9-5837-40e5-9992-c4e78c8340a7", "function_name": "noop_task", "parent_task_ids": [], "submit_time": 1716761304.8789973, "received_time": 1716761305.3723228, "execution": {"hostname": "escience-taps", "execution_start_time": 1716761304.9777899, "execution_end_time": 1716761304.9865074, "task_start_time": 1716761304.9778173, "task_end_time": 1716761304.984639, "input_transform_start_time": 1716761304.977807, "input_transform_end_time": 1716761304.977817, "result_transform_start_time": 1716761304.9846394, "result_transform_end_time": 1716761304.986507}}
{"task_id": "37cbc5e2-dbbc-411e-8f55-ced74834c2cb", "function_name": "noop_task", "parent_task_ids": [], "submit_time": 1716761305.3797266, "received_time": 1716761305.8736641, "execution": {"hostname": "escience-taps", "execution_start_time": 1716761305.4942894, "execution_end_time": 1716761305.5031433, "task_start_time": 1716761305.4943185, "task_end_time": 1716761305.5012145, "input_transform_start_time": 1716761305.4943068, "input_transform_end_time": 1716761305.4943182, "result_transform_start_time": 1716761305.501215, "result_transform_end_time": 1716761305.5031428}}
{"task_id": "ccbafdd0-5f69-4078-8981-20a37b7ac550", "function_name": "noop_task", "parent_task_ids": [], "submit_time": 1716761305.8818228, "received_time": 1716761306.3753765, "execution": {"hostname": "escience-taps", "execution_start_time": 1716761305.9804204, "execution_end_time": 1716761305.9892333, "task_start_time": 1716761305.980446, "task_end_time": 1716761305.9873867, "input_transform_start_time": 1716761305.9804366, "input_transform_end_time": 1716761305.9804456, "result_transform_start_time": 1716761305.9873874, "result_transform_end_time": 1716761305.9892325}}
