{"task_id": "9a21a146-8d13-48ec-9c39-57c622fe8b5e", "function_name": "id", "parent_task_ids": [], "submit_time": 1716758047.9426372, "received_time": 1716758048.6342633, "execution": {"hostname": "escience-taps", "execution_start_time": 1716758048.6230774, "execution_end_time": 1716758048.6231143, "task_start_time": 1716758048.6230993, "task_end_time": 1716758048.6231012, "input_transform_start_time": 1716758048.6230855, "input_transform_end_time": 1716758048.623099, "result_transform_start_time": 1716758048.6231017, "result_transform_end_time": 1716758048.6231139}}
{"task_id": "b3dc13c7-1fc4-4230-83bf-d9fd307ab172", "function_name": "noop_task", "parent_task_ids": [], "submit_time": 1716758048.6332998, "received_time": 1716758048.6454957, "execution": {"hostname": "escience-taps", "execution_start_time": 1716758048.639218, "execution_end_time": 1716758048.639508, "task_start_time": 1716758048.6392374, "task_end_time": 1716758048.6394958, "input_transform_start_time": 1716758048.6392272, "input_transform_end_time": 1716758048.639237, "result_transform_start_time": 1716758048.639496, "result_transform_end_time": 1716758048.639508}}
{"task_id": "32a3c419-d543-4818-89c6-4a61e2d4f801", "function_name": "noop_task", "parent_task_ids": [], "submit_time": 1716758048.6465552, "received_time": 1716758048.664722, "execution": {"hostname": "escience-taps", "execution_start_time": 1716758048.65869, "execution_end_time": 1716758048.6589773, "task_start_time": 1716758048.658717, "task_end_time": 1716758048.6589627, "input_transform_start_time": 1716758048.6587033, "input_transform_end_time": 1716758048.6587167, "result_transform_start_time": 1716758048.6589632, "result_transform_end_time": 1716758048.6589768}}
{"task_id": "fa0efac0-2145-40e2-9087-bf9da0a78f69", "function_name": "noop_task", "parent_task_ids": [], "submit_time": 1716758048.6650527, "received_time": 1716758048.6798174, "execution": {"hostname": "escience-taps", "execution_start_time": 1716758048.673766, "execution_end_time": 1716758048.6740317, "task_start_time": 1716758048.6737897, "task_end_time": 1716758048.674021, "input_transform_start_time": 1716758048.6737769, "input_transform_end_time": 1716758048.6737895, "result_transform_start_time": 1716758048.6740217, "result_transform_end_time": 1716758048.6740313}}
{"task_id": "18462da3-fddf-4410-b115-fa5e04984ed1", "function_name": "noop_task", "parent_task_ids": [], "submit_time": 1716758048.6807761, "received_time": 1716758048.6947608, "execution": {"hostname": "escience-taps", "execution_start_time": 1716758048.6898947, "execution_end_time": 1716758048.6901844, "task_start_time": 1716758048.6899166, "task_end_time": 1716758048.6901693, "input_transform_start_time": 1716758048.6899045, "input_transform_end_time": 1716758048.6899161, "result_transform_start_time": 1716758048.6901698, "result_transform_end_time": 1716758048.6901839}}
{"task_id": "bf403d11-2657-40be-bd60-5b4cd49c0f12", "function_name": "noop_task", "parent_task_ids": [], "submit_time": 1716758048.6954722, "received_time": 1716758048.7122962, "execution": {"hostname": "escience-taps", "execution_start_time": 1716758048.7057767, "execution_end_time": 1716758048.7060072, "task_start_time": 1716758048.7057953, "task_end_time": 1716758048.705997, "input_transform_start_time": 1716758048.7057853, "input_transform_end_time": 1716758048.705795, "result_transform_start_time": 1716758048.7059972, "result_transform_end_time": 1716758048.706007}}
{"task_id": "77fd8cb6-e708-4104-b9d2-0893a9ec0fa7", "function_name": "noop_task", "parent_task_ids": [], "submit_time": 1716758048.7125952, "received_time": 1716758048.727729, "execution": {"hostname": "escience-taps", "execution_start_time": 1716758048.7224348, "execution_end_time": 1716758048.722685, "task_start_time": 1716758048.7224584, "task_end_time": 1716758048.7226706, "input_transform_start_time": 1716758048.722447, "input_transform_end_time": 1716758048.7224581, "result_transform_start_time": 1716758048.7226708, "result_transform_end_time": 1716758048.7226849}}
{"task_id": "50713e72-e304-422a-bd81-c21936cf75c7", "function_name": "noop_task", "parent_task_ids": [], "submit_time": 1716758048.7285016, "received_time": 1716758048.7444835, "execution": {"hostname": "escience-taps", "execution_start_time": 1716758048.7375407, "execution_end_time": 1716758048.7378352, "task_start_time": 1716758048.7375634, "task_end_time": 1716758048.7378201, "input_transform_start_time": 1716758048.7375512, "input_transform_end_time": 1716758048.7375631, "result_transform_start_time": 1716758048.7378206, "result_transform_end_time": 1716758048.737835}}
{"task_id": "74204728-69c4-42f4-9685-be369174bc5d", "function_name": "noop_task", "parent_task_ids": [], "submit_time": 1716758048.7454991, "received_time": 1716758048.7597604, "execution": {"hostname": "escience-taps", "execution_start_time": 1716758048.7535117, "execution_end_time": 1716758048.7537987, "task_start_time": 1716758048.7535362, "task_end_time": 1716758048.7537818, "input_transform_start_time": 1716758048.753523, "input_transform_end_time": 1716758048.753536, "result_transform_start_time": 1716758048.7537823, "result_transform_end_time": 1716758048.7537982}}
{"task_id": "51069686-08b6-4abd-a3b7-04775c03c677", "function_name": "noop_task", "parent_task_ids": [], "submit_time": 1716758048.759348, "received_time": 1716758048.7750833, "execution": {"hostname": "escience-taps", "execution_start_time": 1716758048.7690399, "execution_end_time": 1716758048.7692456, "task_start_time": 1716758048.7690542, "task_end_time": 1716758048.7692366, "input_transform_start_time": 1716758048.7690463, "input_transform_end_time": 1716758048.769054, "result_transform_start_time": 1716758048.7692368, "result_transform_end_time": 1716758048.7692454}}
{"task_id": "a0827b1e-de40-4f17-a24e-f1c917cae78d", "function_name": "noop_task", "parent_task_ids": [], "submit_time": 1716758048.775945, "received_time": 1716758048.78899, "execution": {"hostname": "escience-taps", "execution_start_time": 1716758048.7848384, "execution_end_time": 1716758048.785016, "task_start_time": 1716758048.7848554, "task_end_time": 1716758048.7850065, "input_transform_start_time": 1716758048.7848463, "input_transform_end_time": 1716758048.7848551, "result_transform_start_time": 1716758048.7850068, "result_transform_end_time": 1716758048.7850156}}
