{"task_id": "82aca258-63ba-4e70-bc9b-b65b488f3634", "function_name": "id", "parent_task_ids": [], "submit_time": 1716760425.0795105, "received_time": 1716760427.0597637, "execution": {"hostname": "escience-taps", "execution_start_time": 1716760425.839135, "execution_end_time": 1716760425.83916, "task_start_time": 1716760425.8391514, "task_end_time": 1716760425.8391523, "input_transform_start_time": 1716760425.8391438, "input_transform_end_time": 1716760425.8391514, "result_transform_start_time": 1716760425.8391526, "result_transform_end_time": 1716760425.8391597}}
{"task_id": "476e4e25-6a7a-4f25-af4b-5bf196a854ed", "function_name": "noop_task", "parent_task_ids": [], "submit_time": 1716760427.0605218, "received_time": 1716760428.0616765, "execution": {"hostname": "escience-taps", "execution_start_time": 1716760427.3311017, "execution_end_time": 1716760427.3312256, "task_start_time": 1716760427.3311176, "task_end_time": 1716760427.331216, "input_transform_start_time": 1716760427.3311095, "input_transform_end_time": 1716760427.3311174, "result_transform_start_time": 1716760427.3312163, "result_transform_end_time": 1716760427.3312254}}
{"task_id": "2b746663-730f-4189-9fe3-134da120c418", "function_name": "noop_task", "parent_task_ids": [], "submit_time": 1716760428.0620358, "received_time": 1716760429.064297, "execution": {"hostname": "escience-taps", "execution_start_time": 1716760428.270899, "execution_end_time": 1716760428.2710192, "task_start_time": 1716760428.2709134, "task_end_time": 1716760428.2710109, "input_transform_start_time": 1716760428.2709067, "input_transform_end_time": 1716760428.2709134, "result_transform_start_time": 1716760428.271011, "result_transform_end_time": 1716760428.2710192}}
{"task_id": "582d6d6c-6dea-4982-850c-be1220a7d602", "function_name": "noop_task", "parent_task_ids": [], "submit_time": 1716760429.0646746, "received_time": 1716760430.0669992, "execution": {"hostname": "escience-taps", "execution_start_time": 1716760429.2818553, "execution_end_time": 1716760429.2819757, "task_start_time": 1716760429.2818727, "task_end_time": 1716760429.2819674, "input_transform_start_time": 1716760429.281864, "input_transform_end_time": 1716760429.2818723, "result_transform_start_time": 1716760429.2819674, "result_transform_end_time": 1716760429.2819755}}
{"task_id": "e421dc2e-1fb4-42d6-910a-516c2887719a", "function_name": "noop_task", "parent_task_ids": [], "submit_time": 1716760430.0673165, "received_time": 1716760431.069798, "execution": {"hostname": "escience-taps", "execution_start_time": 1716760430.275074, "execution_end_time": 1716760430.2752156, "task_start_time": 1716760430.2750885, "task_end_time": 1716760430.2752068, "input_transform_start_time": 1716760430.2750814, "input_transform_end_time": 1716760430.2750883, "result_transform_start_time": 1716760430.2752073, "result_transform_end_time": 1716760430.2752154}}
{"task_id": "a0658771-e2c8-4965-bc2b-6a5e0bc060e5", "function_name": "noop_task", "parent_task_ids": [], "submit_time": 1716760431.0701768, "received_time": 1716760432.0731146, "execution": {"hostname": "escience-taps", "execution_start_time": 1716760431.2758906, "execution_end_time": 1716760431.2760146, "task_start_time": 1716760431.2759073, "task_end_time": 1716760431.276006, "input_transform_start_time": 1716760431.2758996, "input_transform_end_time": 1716760431.275907, "result_transform_start_time": 1716760431.276006, "result_transform_end_time": 1716760431.2760143}}
{"task_id": "c72c0819-b063-4eb9-9390-95c3b75628f1", "function_name": "noop_task", "parent_task_ids": [], "submit_time": 1716760432.0734785, "received_time": 1716760433.075928, "execution": {"hostname": "escience-taps", "execution_start_time": 1716760432.2739484, "execution_end_time": 1716760432.274068, "task_start_time": 1716760432.273965, "task_end_time": 1716760432.2740605, "input_transform_start_time": 1716760432.2739563, "input_transform_end_time": 1716760432.273965, "result_transform_start_time": 1716760432.2740607, "result_transform_end_time": 1716760432.274068}}
{"task_id": "93f60bb4-c534-4acf-a4e0-15cdb3cff5f4", "function_name": "noop_task", "parent_task_ids": [], "submit_time": 1716760433.0762844, "received_time": 1716760434.079305, "execution": {"hostname": "escience-taps", "execution_start_time": 1716760433.288724, "execution_end_time": 1716760433.288993, "task_start_time": 1716760433.2888174, "task_end_time": 1716760433.2889676, "input_transform_start_time": 1716760433.2887912, "input_transform_end_time": 1716760433.2888174, "result_transform_start_time": 1716760433.2889678, "result_transform_end_time": 1716760433.2889922}}
{"task_id": "d1ce7dbc-3824-4426-ad2d-196a86d969fa", "function_name": "noop_task", "parent_task_ids": [], "submit_time": 1716760434.0796247, "received_time": 1716760435.0821452, "execution": {"hostname": "escience-taps", "execution_start_time": 1716760434.2817395, "execution_end_time": 1716760434.28186, "task_start_time": 1716760434.2817538, "task_end_time": 1716760434.2818532, "input_transform_start_time": 1716760434.2817469, "input_transform_end_time": 1716760434.2817538, "result_transform_start_time": 1716760434.2818534, "result_transform_end_time": 1716760434.2818599}}
{"task_id": "559af743-5278-4011-9bea-121be6b33623", "function_name": "noop_task", "parent_task_ids": [], "submit_time": 1716760435.0824564, "received_time": 1716760436.5852122, "execution": {"hostname": "escience-taps", "execution_start_time": 1716760435.923165, "execution_end_time": 1716760435.9232736, "task_start_time": 1716760435.923173, "task_end_time": 1716760435.923268, "input_transform_start_time": 1716760435.9231687, "input_transform_end_time": 1716760435.923173, "result_transform_start_time": 1716760435.9232683, "result_transform_end_time": 1716760435.9232736}}
{"task_id": "614c1b12-fb68-4a9a-aba2-f2a7ed107bd9", "function_name": "noop_task", "parent_task_ids": [], "submit_time": 1716760436.585645, "received_time": 1716760437.5881422, "execution": {"hostname": "escience-taps", "execution_start_time": 1716760436.7887917, "execution_end_time": 1716760436.7889473, "task_start_time": 1716760436.7888188, "task_end_time": 1716760436.7889361, "input_transform_start_time": 1716760436.7888062, "input_transform_end_time": 1716760436.7888186, "result_transform_start_time": 1716760436.7889361, "result_transform_end_time": 1716760436.788947}}
