{"task_id": "611f6146-5a66-48bf-b146-2b45f131a681", "function_name": "id", "parent_task_ids": [], "submit_time": 1716758529.4284713, "received_time": 1716758529.4369454, "execution": {"hostname": "escience-taps", "execution_start_time": 1716758529.4360354, "execution_end_time": 1716758529.4361122, "task_start_time": 1716758529.436091, "task_end_time": 1716758529.4360921, "input_transform_start_time": 1716758529.4360514, "input_transform_end_time": 1716758529.4360878, "result_transform_start_time": 1716758529.4360924, "result_transform_end_time": 1716758529.436112}}
{"task_id": "1cad215f-47ac-4186-9a8f-da2bb225a065", "function_name": "noop_task", "parent_task_ids": [], "submit_time": 1716758529.4677112, "received_time": 1716758529.5459344, "execution": {"hostname": "escience-taps", "execution_start_time": 1716758529.4816942, "execution_end_time": 1716758529.545374, "task_start_time": 1716758529.4817328, "task_end_time": 1716758529.5344458, "input_transform_start_time": 1716758529.4817245, "input_transform_end_time": 1716758529.4817326, "result_transform_start_time": 1716758529.534446, "result_transform_end_time": 1716758529.5453737}}
{"task_id": "9e91664d-9aae-4d00-9cb9-4418c9aced12", "function_name": "noop_task", "parent_task_ids": [], "submit_time": 1716758529.5846548, "received_time": 1716758529.6402183, "execution": {"hostname": "escience-taps", "execution_start_time": 1716758529.5943627, "execution_end_time": 1716758529.639752, "task_start_time": 1716758529.5943873, "task_end_time": 1716758529.630513, "input_transform_start_time": 1716758529.594377, "input_transform_end_time": 1716758529.594387, "result_transform_start_time": 1716758529.6305132, "result_transform_end_time": 1716758529.6397517}}
{"task_id": "74766eb1-0dcd-4e44-9c0b-fad4f166267e", "function_name": "noop_task", "parent_task_ids": [], "submit_time": 1716758529.6701403, "received_time": 1716758529.7274246, "execution": {"hostname": "escience-taps", "execution_start_time": 1716758529.680376, "execution_end_time": 1716758529.726964, "task_start_time": 1716758529.6804101, "task_end_time": 1716758529.7180364, "input_transform_start_time": 1716758529.680392, "input_transform_end_time": 1716758529.68041, "result_transform_start_time": 1716758529.7180364, "result_transform_end_time": 1716758529.726964}}
{"task_id": "e1dcad06-eebb-4391-8234-e4a047b73e25", "function_name": "noop_task", "parent_task_ids": [], "submit_time": 1716758529.772908, "received_time": 1716758529.8305044, "execution": {"hostname": "escience-taps", "execution_start_time": 1716758529.7829578, "execution_end_time": 1716758529.8300524, "task_start_time": 1716758529.7829819, "task_end_time": 1716758529.8210704, "input_transform_start_time": 1716758529.7829719, "input_transform_end_time": 1716758529.7829814, "result_transform_start_time": 1716758529.8210707, "result_transform_end_time": 1716758529.8300521}}
{"task_id": "bce0409b-ca4b-42bb-8380-627f11d31a02", "function_name": "noop_task", "parent_task_ids": [], "submit_time": 1716758529.8738146, "received_time": 1716758529.9286613, "execution": {"hostname": "escience-taps", "execution_start_time": 1716758529.883115, "execution_end_time": 1716758529.9281898, "task_start_time": 1716758529.883139, "task_end_time": 1716758529.9196196, "input_transform_start_time": 1716758529.8831294, "input_transform_end_time": 1716758529.8831387, "result_transform_start_time": 1716758529.91962, "result_transform_end_time": 1716758529.9281895}}
{"task_id": "0888c06a-08fd-425d-a306-a81916015040", "function_name": "noop_task", "parent_task_ids": [], "submit_time": 1716758529.9754148, "received_time": 1716758530.0307388, "execution": {"hostname": "escience-taps", "execution_start_time": 1716758529.9846668, "execution_end_time": 1716758530.0303094, "task_start_time": 1716758529.98469, "task_end_time": 1716758530.0214121, "input_transform_start_time": 1716758529.9846807, "input_transform_end_time": 1716758529.9846897, "result_transform_start_time": 1716758530.0214124, "result_transform_end_time": 1716758530.0303092}}
{"task_id": "00b6a109-641a-44e0-a677-a6c1779a1089", "function_name": "noop_task", "parent_task_ids": [], "submit_time": 1716758530.0776336, "received_time": 1716758530.134189, "execution": {"hostname": "escience-taps", "execution_start_time": 1716758530.0872757, "execution_end_time": 1716758530.13371, "task_start_time": 1716758530.0873027, "task_end_time": 1716758530.1246967, "input_transform_start_time": 1716758530.0872915, "input_transform_end_time": 1716758530.0873022, "result_transform_start_time": 1716758530.124697, "result_transform_end_time": 1716758530.1337097}}
{"task_id": "6848a7a0-ecf2-4a29-8d7c-c88a2e32a82d", "function_name": "noop_task", "parent_task_ids": [], "submit_time": 1716758530.1885204, "received_time": 1716758530.2452216, "execution": {"hostname": "escience-taps", "execution_start_time": 1716758530.1983018, "execution_end_time": 1716758530.2448075, "task_start_time": 1716758530.198326, "task_end_time": 1716758530.235328, "input_transform_start_time": 1716758530.198317, "input_transform_end_time": 1716758530.1983259, "result_transform_start_time": 1716758530.2353282, "result_transform_end_time": 1716758530.2448072}}
{"task_id": "ffd99bda-581f-4748-a8de-3763ee73ca2d", "function_name": "noop_task", "parent_task_ids": [], "submit_time": 1716758530.2891567, "received_time": 1716758530.344332, "execution": {"hostname": "escience-taps", "execution_start_time": 1716758530.2986033, "execution_end_time": 1716758530.343896, "task_start_time": 1716758530.298625, "task_end_time": 1716758530.335298, "input_transform_start_time": 1716758530.2986174, "input_transform_end_time": 1716758530.2986248, "result_transform_start_time": 1716758530.335298, "result_transform_end_time": 1716758530.3438952}}
{"task_id": "ca55d2f1-b4f2-4f39-bce0-0e4b8636d712", "function_name": "noop_task", "parent_task_ids": [], "submit_time": 1716758530.3903425, "received_time": 1716758530.4473155, "execution": {"hostname": "escience-taps", "execution_start_time": 1716758530.3998847, "execution_end_time": 1716758530.4468877, "task_start_time": 1716758530.3999066, "task_end_time": 1716758530.4375894, "input_transform_start_time": 1716758530.3998983, "input_transform_end_time": 1716758530.3999064, "result_transform_start_time": 1716758530.4375894, "result_transform_end_time": 1716758530.4468875}}
