{"task_id": "aa678b01-de27-48ad-b3a4-04939e5e9fb8", "function_name": "id", "parent_task_ids": [], "submit_time": 1716758784.048405, "received_time": 1716758785.6837811, "execution": {"hostname": "escience-taps", "execution_start_time": 1716758785.6813793, "execution_end_time": 1716758785.681394, "task_start_time": 1716758785.6813896, "task_end_time": 1716758785.68139, "input_transform_start_time": 1716758785.681382, "input_transform_end_time": 1716758785.6813896, "result_transform_start_time": 1716758785.68139, "result_transform_end_time": 1716758785.681394}}
{"task_id": "295b2417-3799-4aa2-a8d4-80e6641f91f7", "function_name": "noop_task", "parent_task_ids": [], "submit_time": 1716758785.7148466, "received_time": 1716758785.8911428, "execution": {"hostname": "escience-taps", "execution_start_time": 1716758785.849469, "execution_end_time": 1716758785.8896654, "task_start_time": 1716758785.849487, "task_end_time": 1716758785.8807487, "input_transform_start_time": 1716758785.8494794, "input_transform_end_time": 1716758785.849487, "result_transform_start_time": 1716758785.880749, "result_transform_end_time": 1716758785.8896651}}
{"task_id": "3cf36ea3-3c19-496b-8c4f-8e94c7c25f48", "function_name": "noop_task", "parent_task_ids": [], "submit_time": 1716758785.9171934, "received_time": 1716758786.0775745, "execution": {"hostname": "escience-taps", "execution_start_time": 1716758786.043717, "execution_end_time": 1716758786.076081, "task_start_time": 1716758786.043744, "task_end_time": 1716758786.069105, "input_transform_start_time": 1716758786.043732, "input_transform_end_time": 1716758786.0437438, "result_transform_start_time": 1716758786.0691054, "result_transform_end_time": 1716758786.0760806}}
{"task_id": "6e531a1d-b465-4775-acec-2f7a34dd83aa", "function_name": "noop_task", "parent_task_ids": [], "submit_time": 1716758786.105566, "received_time": 1716758786.2727983, "execution": {"hostname": "escience-taps", "execution_start_time": 1716758786.2202442, "execution_end_time": 1716758786.2712567, "task_start_time": 1716758786.2202804, "task_end_time": 1716758786.2637732, "input_transform_start_time": 1716758786.2202623, "input_transform_end_time": 1716758786.2202802, "result_transform_start_time": 1716758786.2637734, "result_transform_end_time": 1716758786.2712567}}
{"task_id": "6edd034e-b584-4e22-9098-7748305ca1f7", "function_name": "noop_task", "parent_task_ids": [], "submit_time": 1716758786.298621, "received_time": 1716758786.4562197, "execution": {"hostname": "escience-taps", "execution_start_time": 1716758786.4051523, "execution_end_time": 1716758786.454272, "task_start_time": 1716758786.40518, "task_end_time": 1716758786.4474187, "input_transform_start_time": 1716758786.4051664, "input_transform_end_time": 1716758786.40518, "result_transform_start_time": 1716758786.4474187, "result_transform_end_time": 1716758786.4542713}}
{"task_id": "282e1784-41b8-479f-bbe8-9b9e72f550e2", "function_name": "noop_task", "parent_task_ids": [], "submit_time": 1716758786.4843347, "received_time": 1716758786.6397324, "execution": {"hostname": "escience-taps", "execution_start_time": 1716758786.5886524, "execution_end_time": 1716758786.6383808, "task_start_time": 1716758786.5886853, "task_end_time": 1716758786.6314266, "input_transform_start_time": 1716758786.588671, "input_transform_end_time": 1716758786.588685, "result_transform_start_time": 1716758786.6314268, "result_transform_end_time": 1716758786.6383805}}
{"task_id": "a4473465-80ca-47c7-9ba8-90d5297b7239", "function_name": "noop_task", "parent_task_ids": [], "submit_time": 1716758786.6673813, "received_time": 1716758786.8258266, "execution": {"hostname": "escience-taps", "execution_start_time": 1716758786.7720962, "execution_end_time": 1716758786.8243387, "task_start_time": 1716758786.7721288, "task_end_time": 1716758786.8127542, "input_transform_start_time": 1716758786.772113, "input_transform_end_time": 1716758786.7721286, "result_transform_start_time": 1716758786.8127546, "result_transform_end_time": 1716758786.8243384}}
{"task_id": "64b620cb-e6eb-4dae-9cf2-6624c5e987a6", "function_name": "noop_task", "parent_task_ids": [], "submit_time": 1716758786.853737, "received_time": 1716758787.021731, "execution": {"hostname": "escience-taps", "execution_start_time": 1716758786.9581048, "execution_end_time": 1716758787.0199203, "task_start_time": 1716758786.9581313, "task_end_time": 1716758787.0083153, "input_transform_start_time": 1716758786.9581187, "input_transform_end_time": 1716758786.9581313, "result_transform_start_time": 1716758787.0083158, "result_transform_end_time": 1716758787.01992}}
{"task_id": "d321a1e5-0992-4804-8a2b-0292f99b110b", "function_name": "noop_task", "parent_task_ids": [], "submit_time": 1716758787.049527, "received_time": 1716758787.216939, "execution": {"hostname": "escience-taps", "execution_start_time": 1716758787.153826, "execution_end_time": 1716758787.2154684, "task_start_time": 1716758787.1538553, "task_end_time": 1716758787.203767, "input_transform_start_time": 1716758787.1538424, "input_transform_end_time": 1716758787.153855, "result_transform_start_time": 1716758787.2037673, "result_transform_end_time": 1716758787.215468}}
{"task_id": "c0ae4378-5426-49b9-a321-d05994815d8a", "function_name": "noop_task", "parent_task_ids": [], "submit_time": 1716758787.2449307, "received_time": 1716758787.4118304, "execution": {"hostname": "escience-taps", "execution_start_time": 1716758787.3491325, "execution_end_time": 1716758787.4104788, "task_start_time": 1716758787.3491607, "task_end_time": 1716758787.3988495, "input_transform_start_time": 1716758787.3491483, "input_transform_end_time": 1716758787.3491604, "result_transform_start_time": 1716758787.3988497, "result_transform_end_time": 1716758787.4104788}}
{"task_id": "d136f81c-143d-41cd-9722-312f5c948e83", "function_name": "noop_task", "parent_task_ids": [], "submit_time": 1716758787.439408, "received_time": 1716758787.607895, "execution": {"hostname": "escience-taps", "execution_start_time": 1716758787.5440812, "execution_end_time": 1716758787.6064272, "task_start_time": 1716758787.5441086, "task_end_time": 1716758787.5945137, "input_transform_start_time": 1716758787.5440967, "input_transform_end_time": 1716758787.5441084, "result_transform_start_time": 1716758787.594514, "result_transform_end_time": 1716758787.606427}}
