{"task_id": "60f8d5f9-0556-4a60-97aa-55d4288d9b4c", "function_name": "id", "parent_task_ids": [], "submit_time": 1716761044.3248568, "received_time": 1716761046.4631507, "execution": {"hostname": "escience-taps", "execution_start_time": 1716761045.9658446, "execution_end_time": 1716761045.9658558, "task_start_time": 1716761045.9658515, "task_end_time": 1716761045.9658523, "input_transform_start_time": 1716761045.9658475, "input_transform_end_time": 1716761045.9658513, "result_transform_start_time": 1716761045.9658525, "result_transform_end_time": 1716761045.9658556}}
{"task_id": "76013bd1-9a8f-4106-af4a-0be3ffb1f6f0", "function_name": "noop_task", "parent_task_ids": [], "submit_time": 1716761046.46972, "received_time": 1716761047.465728, "execution": {"hostname": "escience-taps", "execution_start_time": 1716761047.0052452, "execution_end_time": 1716761047.013378, "task_start_time": 1716761047.0052876, "task_end_time": 1716761047.0116122, "input_transform_start_time": 1716761047.00527, "input_transform_end_time": 1716761047.0052876, "result_transform_start_time": 1716761047.0116124, "result_transform_end_time": 1716761047.0133772}}
{"task_id": "d64d2aa3-1def-439e-be96-ab4e598f495a", "function_name": "noop_task", "parent_task_ids": [], "submit_time": 1716761047.4721792, "received_time": 1716761048.4679327, "execution": {"hostname": "escience-taps", "execution_start_time": 1716761047.572926, "execution_end_time": 1716761047.5801108, "task_start_time": 1716761047.5729537, "task_end_time": 1716761047.578429, "input_transform_start_time": 1716761047.572942, "input_transform_end_time": 1716761047.5729535, "result_transform_start_time": 1716761047.5784292, "result_transform_end_time": 1716761047.5801105}}
{"task_id": "78b72405-d870-4852-94a3-e9a3e250cd4f", "function_name": "noop_task", "parent_task_ids": [], "submit_time": 1716761048.4742424, "received_time": 1716761049.4703736, "execution": {"hostname": "escience-taps", "execution_start_time": 1716761048.5788395, "execution_end_time": 1716761048.5866456, "task_start_time": 1716761048.5788808, "task_end_time": 1716761048.584861, "input_transform_start_time": 1716761048.5788636, "input_transform_end_time": 1716761048.5788805, "result_transform_start_time": 1716761048.5848615, "result_transform_end_time": 1716761048.5866454}}
{"task_id": "e72234df-c7b5-4fd4-9bc2-afe2423c94db", "function_name": "noop_task", "parent_task_ids": [], "submit_time": 1716761049.4767218, "received_time": 1716761050.472818, "execution": {"hostname": "escience-taps", "execution_start_time": 1716761049.5771255, "execution_end_time": 1716761049.5840824, "task_start_time": 1716761049.577156, "task_end_time": 1716761049.5823443, "input_transform_start_time": 1716761049.5771441, "input_transform_end_time": 1716761049.5771558, "result_transform_start_time": 1716761049.5823448, "result_transform_end_time": 1716761049.5840821}}
{"task_id": "3cc1d185-d274-4321-af8a-a8440b6c21e8", "function_name": "noop_task", "parent_task_ids": [], "submit_time": 1716761050.4790657, "received_time": 1716761051.4752908, "execution": {"hostname": "escience-taps", "execution_start_time": 1716761050.58332, "execution_end_time": 1716761050.5903554, "task_start_time": 1716761050.583351, "task_end_time": 1716761050.588668, "input_transform_start_time": 1716761050.5833387, "input_transform_end_time": 1716761050.5833504, "result_transform_start_time": 1716761050.5886686, "result_transform_end_time": 1716761050.590355}}
{"task_id": "200c9117-95e1-4753-8143-2c8f1c4a08ec", "function_name": "noop_task", "parent_task_ids": [], "submit_time": 1716761051.4842753, "received_time": 1716761052.4781554, "execution": {"hostname": "escience-taps", "execution_start_time": 1716761051.589708, "execution_end_time": 1716761051.5970526, "task_start_time": 1716761051.589741, "task_end_time": 1716761051.5953531, "input_transform_start_time": 1716761051.5897288, "input_transform_end_time": 1716761051.5897408, "result_transform_start_time": 1716761051.5953536, "result_transform_end_time": 1716761051.597052}}
{"task_id": "59aece98-d738-4f81-b00c-8352124ac86d", "function_name": "noop_task", "parent_task_ids": [], "submit_time": 1716761052.4844642, "received_time": 1716761053.4800425, "execution": {"hostname": "escience-taps", "execution_start_time": 1716761052.5873115, "execution_end_time": 1716761052.594518, "task_start_time": 1716761052.587342, "task_end_time": 1716761052.5928478, "input_transform_start_time": 1716761052.5873296, "input_transform_end_time": 1716761052.5873418, "result_transform_start_time": 1716761052.5928483, "result_transform_end_time": 1716761052.5945175}}
{"task_id": "67b7ab6b-e27d-4267-b72f-54e6697951f8", "function_name": "noop_task", "parent_task_ids": [], "submit_time": 1716761053.486388, "received_time": 1716761054.482056, "execution": {"hostname": "escience-taps", "execution_start_time": 1716761053.5921602, "execution_end_time": 1716761053.600336, "task_start_time": 1716761053.5921907, "task_end_time": 1716761053.5983849, "input_transform_start_time": 1716761053.5921793, "input_transform_end_time": 1716761053.5921903, "result_transform_start_time": 1716761053.5983853, "result_transform_end_time": 1716761053.6003358}}
{"task_id": "78a7aa75-0862-40a1-8c6e-a88dd8d86cf8", "function_name": "noop_task", "parent_task_ids": [], "submit_time": 1716761054.4883173, "received_time": 1716761055.4841375, "execution": {"hostname": "escience-taps", "execution_start_time": 1716761054.6009395, "execution_end_time": 1716761054.6087818, "task_start_time": 1716761054.6009765, "task_end_time": 1716761054.6070697, "input_transform_start_time": 1716761054.6009624, "input_transform_end_time": 1716761054.6009762, "result_transform_start_time": 1716761054.6070702, "result_transform_end_time": 1716761054.6087816}}
{"task_id": "8947a277-bb80-483b-8d60-c470e459547f", "function_name": "noop_task", "parent_task_ids": [], "submit_time": 1716761055.4904518, "received_time": 1716761056.486584, "execution": {"hostname": "escience-taps", "execution_start_time": 1716761055.5892954, "execution_end_time": 1716761055.5976212, "task_start_time": 1716761055.5893314, "task_end_time": 1716761055.595923, "input_transform_start_time": 1716761055.5893168, "input_transform_end_time": 1716761055.5893312, "result_transform_start_time": 1716761055.5959234, "result_transform_end_time": 1716761055.5976207}}
