{"task_id": "4222c31f-3df3-4016-993b-1a4b91e43494", "function_name": "id", "parent_task_ids": [], "submit_time": 1716758120.7176983, "received_time": 1716758121.417381, "execution": {"hostname": "escience-taps", "execution_start_time": 1716758121.4072134, "execution_end_time": 1716758121.4072475, "task_start_time": 1716758121.4072337, "task_end_time": 1716758121.4072354, "input_transform_start_time": 1716758121.4072204, "input_transform_end_time": 1716758121.4072337, "result_transform_start_time": 1716758121.4072354, "result_transform_end_time": 1716758121.4072475}}
{"task_id": "bc0f4636-cc31-486a-80c3-bda127b99447", "function_name": "noop_task", "parent_task_ids": [], "submit_time": 1716758121.417021, "received_time": 1716758121.440224, "execution": {"hostname": "escience-taps", "execution_start_time": 1716758121.4336073, "execution_end_time": 1716758121.4349108, "task_start_time": 1716758121.433638, "task_end_time": 1716758121.4343379, "input_transform_start_time": 1716758121.4336262, "input_transform_end_time": 1716758121.4336379, "result_transform_start_time": 1716758121.434338, "result_transform_end_time": 1716758121.4349105}}
{"task_id": "1295cb05-bf27-44a4-a59e-41e3d64adae2", "function_name": "noop_task", "parent_task_ids": [], "submit_time": 1716758121.4413908, "received_time": 1716758121.4519846, "execution": {"hostname": "escience-taps", "execution_start_time": 1716758121.445301, "execution_end_time": 1716758121.4460313, "task_start_time": 1716758121.445336, "task_end_time": 1716758121.445824, "input_transform_start_time": 1716758121.445322, "input_transform_end_time": 1716758121.4453359, "result_transform_start_time": 1716758121.4458241, "result_transform_end_time": 1716758121.446031}}
{"task_id": "124fa104-bbdc-412d-b94e-d020968bbe87", "function_name": "noop_task", "parent_task_ids": [], "submit_time": 1716758121.45379, "received_time": 1716758121.4720714, "execution": {"hostname": "escience-taps", "execution_start_time": 1716758121.4659564, "execution_end_time": 1716758121.4665694, "task_start_time": 1716758121.4659865, "task_end_time": 1716758121.466403, "input_transform_start_time": 1716758121.4659722, "input_transform_end_time": 1716758121.4659863, "result_transform_start_time": 1716758121.4664032, "result_transform_end_time": 1716758121.4665694}}
{"task_id": "d313d56b-2669-413f-acd0-90d85d92e45d", "function_name": "noop_task", "parent_task_ids": [], "submit_time": 1716758121.4726372, "received_time": 1716758121.4900057, "execution": {"hostname": "escience-taps", "execution_start_time": 1716758121.4827056, "execution_end_time": 1716758121.4836762, "task_start_time": 1716758121.4827452, "task_end_time": 1716758121.4832876, "input_transform_start_time": 1716758121.4827292, "input_transform_end_time": 1716758121.482745, "result_transform_start_time": 1716758121.483288, "result_transform_end_time": 1716758121.483676}}
{"task_id": "098f7656-6379-4dbc-8380-75a0e24328d1", "function_name": "noop_task", "parent_task_ids": [], "submit_time": 1716758121.4908354, "received_time": 1716758121.503931, "execution": {"hostname": "escience-taps", "execution_start_time": 1716758121.4987812, "execution_end_time": 1716758121.49919, "task_start_time": 1716758121.4987943, "task_end_time": 1716758121.4990675, "input_transform_start_time": 1716758121.4987884, "input_transform_end_time": 1716758121.4987943, "result_transform_start_time": 1716758121.499068, "result_transform_end_time": 1716758121.4991899}}
{"task_id": "a0c5e610-5f13-4587-8b8f-85871a2b5f98", "function_name": "noop_task", "parent_task_ids": [], "submit_time": 1716758121.504879, "received_time": 1716758121.520304, "execution": {"hostname": "escience-taps", "execution_start_time": 1716758121.5138154, "execution_end_time": 1716758121.5148633, "task_start_time": 1716758121.5138543, "task_end_time": 1716758121.5146077, "input_transform_start_time": 1716758121.513837, "input_transform_end_time": 1716758121.513854, "result_transform_start_time": 1716758121.5146081, "result_transform_end_time": 1716758121.514863}}
{"task_id": "61a37764-c150-4ba2-8c6d-3a2bdf321818", "function_name": "noop_task", "parent_task_ids": [], "submit_time": 1716758121.521402, "received_time": 1716758121.5364547, "execution": {"hostname": "escience-taps", "execution_start_time": 1716758121.529731, "execution_end_time": 1716758121.5304656, "task_start_time": 1716758121.5297616, "task_end_time": 1716758121.5302227, "input_transform_start_time": 1716758121.5297472, "input_transform_end_time": 1716758121.5297613, "result_transform_start_time": 1716758121.5302231, "result_transform_end_time": 1716758121.5304654}}
{"task_id": "dd426a99-4084-4717-8f5c-c5a81d1000b1", "function_name": "noop_task", "parent_task_ids": [], "submit_time": 1716758121.5369327, "received_time": 1716758121.556263, "execution": {"hostname": "escience-taps", "execution_start_time": 1716758121.550876, "execution_end_time": 1716758121.551452, "task_start_time": 1716758121.5508978, "task_end_time": 1716758121.551221, "input_transform_start_time": 1716758121.5508876, "input_transform_end_time": 1716758121.5508976, "result_transform_start_time": 1716758121.5512211, "result_transform_end_time": 1716758121.551452}}
{"task_id": "1de7ca39-0d52-4f4c-9365-599e21bc90ad", "function_name": "noop_task", "parent_task_ids": [], "submit_time": 1716758121.5571823, "received_time": 1716758121.572341, "execution": {"hostname": "escience-taps", "execution_start_time": 1716758121.5664775, "execution_end_time": 1716758121.5670857, "task_start_time": 1716758121.5665007, "task_end_time": 1716758121.5668907, "input_transform_start_time": 1716758121.5664904, "input_transform_end_time": 1716758121.5665004, "result_transform_start_time": 1716758121.566891, "result_transform_end_time": 1716758121.5670855}}
{"task_id": "90125fd6-2c5c-4d80-bd91-e4a7d021c232", "function_name": "noop_task", "parent_task_ids": [], "submit_time": 1716758121.5734365, "received_time": 1716758121.5880506, "execution": {"hostname": "escience-taps", "execution_start_time": 1716758121.583083, "execution_end_time": 1716758121.5837688, "task_start_time": 1716758121.5831084, "task_end_time": 1716758121.5835457, "input_transform_start_time": 1716758121.5830977, "input_transform_end_time": 1716758121.583108, "result_transform_start_time": 1716758121.5835462, "result_transform_end_time": 1716758121.5837686}}
