{"task_id": "82c5e223-7e32-461e-80d7-e68941f9f17e", "function_name": "id", "parent_task_ids": [], "submit_time": 1716758703.1951878, "received_time": 1716758704.8171947, "execution": {"hostname": "escience-taps", "execution_start_time": 1716758704.8145173, "execution_end_time": 1716758704.814531, "task_start_time": 1716758704.8145256, "task_end_time": 1716758704.8145258, "input_transform_start_time": 1716758704.81452, "input_transform_end_time": 1716758704.8145254, "result_transform_start_time": 1716758704.8145263, "result_transform_end_time": 1716758704.814531}}
{"task_id": "0df5cab3-9457-4adf-ac46-d8c2326b6da5", "function_name": "noop_task", "parent_task_ids": [], "submit_time": 1716758704.8467824, "received_time": 1716758705.1174095, "execution": {"hostname": "escience-taps", "execution_start_time": 1716758705.0350063, "execution_end_time": 1716758705.0566628, "task_start_time": 1716758705.0350182, "task_end_time": 1716758705.0566506, "input_transform_start_time": 1716758705.035012, "input_transform_end_time": 1716758705.035018, "result_transform_start_time": 1716758705.056651, "result_transform_end_time": 1716758705.0566626}}
{"task_id": "216a0c43-9691-4aa7-a3e7-effbaed6ef43", "function_name": "noop_task", "parent_task_ids": [], "submit_time": 1716758705.1381013, "received_time": 1716758705.3549974, "execution": {"hostname": "escience-taps", "execution_start_time": 1716758705.2894592, "execution_end_time": 1716758705.309156, "task_start_time": 1716758705.289483, "task_end_time": 1716758705.3091428, "input_transform_start_time": 1716758705.2894726, "input_transform_end_time": 1716758705.289483, "result_transform_start_time": 1716758705.309143, "result_transform_end_time": 1716758705.3091557}}
{"task_id": "87ee74c6-251b-4604-bf1d-9109d32231c1", "function_name": "noop_task", "parent_task_ids": [], "submit_time": 1716758705.3756, "received_time": 1716758705.5722804, "execution": {"hostname": "escience-taps", "execution_start_time": 1716758705.513432, "execution_end_time": 1716758705.533209, "task_start_time": 1716758705.5134542, "task_end_time": 1716758705.5331945, "input_transform_start_time": 1716758705.5134444, "input_transform_end_time": 1716758705.5134542, "result_transform_start_time": 1716758705.5331948, "result_transform_end_time": 1716758705.5332088}}
{"task_id": "a28ee179-5e60-41a4-86e5-0702642ce2c3", "function_name": "noop_task", "parent_task_ids": [], "submit_time": 1716758705.5946944, "received_time": 1716758705.7856069, "execution": {"hostname": "escience-taps", "execution_start_time": 1716758705.730034, "execution_end_time": 1716758705.7498512, "task_start_time": 1716758705.7300642, "task_end_time": 1716758705.7498312, "input_transform_start_time": 1716758705.7300515, "input_transform_end_time": 1716758705.7300642, "result_transform_start_time": 1716758705.7498312, "result_transform_end_time": 1716758705.749851}}
{"task_id": "04b2d6cb-131e-43a6-826b-130886a12098", "function_name": "noop_task", "parent_task_ids": [], "submit_time": 1716758705.807804, "received_time": 1716758705.9968276, "execution": {"hostname": "escience-taps", "execution_start_time": 1716758705.9393904, "execution_end_time": 1716758705.959093, "task_start_time": 1716758705.9394069, "task_end_time": 1716758705.959079, "input_transform_start_time": 1716758705.9393997, "input_transform_end_time": 1716758705.9394069, "result_transform_start_time": 1716758705.9590793, "result_transform_end_time": 1716758705.9590926}}
{"task_id": "49116d17-bc98-446a-875a-ef966a572d98", "function_name": "noop_task", "parent_task_ids": [], "submit_time": 1716758706.0196192, "received_time": 1716758706.2097616, "execution": {"hostname": "escience-taps", "execution_start_time": 1716758706.1493182, "execution_end_time": 1716758706.1692123, "task_start_time": 1716758706.149334, "task_end_time": 1716758706.1691968, "input_transform_start_time": 1716758706.149327, "input_transform_end_time": 1716758706.149334, "result_transform_start_time": 1716758706.169197, "result_transform_end_time": 1716758706.169212}}
{"task_id": "f747de7f-cb75-44cc-a2ce-81cfc26c6bcd", "function_name": "noop_task", "parent_task_ids": [], "submit_time": 1716758706.2328527, "received_time": 1716758706.4299543, "execution": {"hostname": "escience-taps", "execution_start_time": 1716758706.3721907, "execution_end_time": 1716758706.3948174, "task_start_time": 1716758706.3722074, "task_end_time": 1716758706.394801, "input_transform_start_time": 1716758706.3721995, "input_transform_end_time": 1716758706.3722074, "result_transform_start_time": 1716758706.3948011, "result_transform_end_time": 1716758706.394817}}
{"task_id": "57ff5e44-1235-4aa6-94e3-ed1b1d11dd87", "function_name": "noop_task", "parent_task_ids": [], "submit_time": 1716758706.4577892, "received_time": 1716758706.6522334, "execution": {"hostname": "escience-taps", "execution_start_time": 1716758706.591149, "execution_end_time": 1716758706.610801, "task_start_time": 1716758706.591167, "task_end_time": 1716758706.610789, "input_transform_start_time": 1716758706.5911603, "input_transform_end_time": 1716758706.591167, "result_transform_start_time": 1716758706.610789, "result_transform_end_time": 1716758706.6108007}}
{"task_id": "b261ec9c-00c9-4e19-994a-a985877f40ce", "function_name": "noop_task", "parent_task_ids": [], "submit_time": 1716758706.6751091, "received_time": 1716758706.8646111, "execution": {"hostname": "escience-taps", "execution_start_time": 1716758706.806224, "execution_end_time": 1716758706.8259196, "task_start_time": 1716758706.80624, "task_end_time": 1716758706.825908, "input_transform_start_time": 1716758706.8062334, "input_transform_end_time": 1716758706.80624, "result_transform_start_time": 1716758706.8259082, "result_transform_end_time": 1716758706.8259196}}
{"task_id": "0432706e-25e0-4ff0-8175-cd3655917a42", "function_name": "noop_task", "parent_task_ids": [], "submit_time": 1716758706.8872437, "received_time": 1716758707.0796533, "execution": {"hostname": "escience-taps", "execution_start_time": 1716758707.02512, "execution_end_time": 1716758707.044711, "task_start_time": 1716758707.0251372, "task_end_time": 1716758707.044699, "input_transform_start_time": 1716758707.0251303, "input_transform_end_time": 1716758707.025137, "result_transform_start_time": 1716758707.0446992, "result_transform_end_time": 1716758707.0447109}}
