{"task_id": "c70db074-f73d-4d1c-a52e-70ad308e1e12", "function_name": "id", "parent_task_ids": [], "submit_time": 1716758146.9586952, "received_time": 1716758147.6495728, "execution": {"hostname": "escience-taps", "execution_start_time": 1716758147.6395645, "execution_end_time": 1716758147.639597, "task_start_time": 1716758147.6395862, "task_end_time": 1716758147.6395879, "input_transform_start_time": 1716758147.6395717, "input_transform_end_time": 1716758147.639586, "result_transform_start_time": 1716758147.639588, "result_transform_end_time": 1716758147.639597}}
{"task_id": "1e55b253-b1bf-4a52-80f0-a7be6b85dc70", "function_name": "noop_task", "parent_task_ids": [], "submit_time": 1716758147.6509106, "received_time": 1716758147.6728153, "execution": {"hostname": "escience-taps", "execution_start_time": 1716758147.6652188, "execution_end_time": 1716758147.6669009, "task_start_time": 1716758147.6652482, "task_end_time": 1716758147.6664493, "input_transform_start_time": 1716758147.665237, "input_transform_end_time": 1716758147.665248, "result_transform_start_time": 1716758147.6664495, "result_transform_end_time": 1716758147.6669009}}
{"task_id": "c3a06dad-56d3-4ddf-9d73-a17424c1f244", "function_name": "noop_task", "parent_task_ids": [], "submit_time": 1716758147.6734755, "received_time": 1716758147.6843946, "execution": {"hostname": "escience-taps", "execution_start_time": 1716758147.6780016, "execution_end_time": 1716758147.67906, "task_start_time": 1716758147.6780417, "task_end_time": 1716758147.6787143, "input_transform_start_time": 1716758147.6780226, "input_transform_end_time": 1716758147.6780415, "result_transform_start_time": 1716758147.6787143, "result_transform_end_time": 1716758147.67906}}
{"task_id": "a502b987-acc0-4359-99f5-bf3aa8018c10", "function_name": "noop_task", "parent_task_ids": [], "submit_time": 1716758147.6849506, "received_time": 1716758147.705225, "execution": {"hostname": "escience-taps", "execution_start_time": 1716758147.6993577, "execution_end_time": 1716758147.7005873, "task_start_time": 1716758147.699394, "task_end_time": 1716758147.7002816, "input_transform_start_time": 1716758147.6993766, "input_transform_end_time": 1716758147.6993937, "result_transform_start_time": 1716758147.7002819, "result_transform_end_time": 1716758147.700587}}
{"task_id": "b3e63f22-d9de-4077-a31a-7a6e769809fd", "function_name": "noop_task", "parent_task_ids": [], "submit_time": 1716758147.706304, "received_time": 1716758147.727604, "execution": {"hostname": "escience-taps", "execution_start_time": 1716758147.7213936, "execution_end_time": 1716758147.7228684, "task_start_time": 1716758147.7214386, "task_end_time": 1716758147.7224858, "input_transform_start_time": 1716758147.7214158, "input_transform_end_time": 1716758147.7214382, "result_transform_start_time": 1716758147.722486, "result_transform_end_time": 1716758147.7228682}}
{"task_id": "76e4b7b5-d826-4078-a84f-656a0519b9ce", "function_name": "noop_task", "parent_task_ids": [], "submit_time": 1716758147.7286537, "received_time": 1716758147.7499158, "execution": {"hostname": "escience-taps", "execution_start_time": 1716758147.7433536, "execution_end_time": 1716758147.7450447, "task_start_time": 1716758147.743389, "task_end_time": 1716758147.7447526, "input_transform_start_time": 1716758147.7433722, "input_transform_end_time": 1716758147.7433884, "result_transform_start_time": 1716758147.7447526, "result_transform_end_time": 1716758147.7450447}}
{"task_id": "d3fa2a6b-ac71-41d4-a926-1a832c0791eb", "function_name": "noop_task", "parent_task_ids": [], "submit_time": 1716758147.750756, "received_time": 1716758147.7717037, "execution": {"hostname": "escience-taps", "execution_start_time": 1716758147.766003, "execution_end_time": 1716758147.7671812, "task_start_time": 1716758147.7660468, "task_end_time": 1716758147.7668169, "input_transform_start_time": 1716758147.7660275, "input_transform_end_time": 1716758147.7660463, "result_transform_start_time": 1716758147.766817, "result_transform_end_time": 1716758147.7671812}}
{"task_id": "c095e6cd-b1a4-4afa-ac73-d3555e3da16d", "function_name": "noop_task", "parent_task_ids": [], "submit_time": 1716758147.7729099, "received_time": 1716758147.7936232, "execution": {"hostname": "escience-taps", "execution_start_time": 1716758147.786921, "execution_end_time": 1716758147.7881918, "task_start_time": 1716758147.7869475, "task_end_time": 1716758147.7877996, "input_transform_start_time": 1716758147.7869346, "input_transform_end_time": 1716758147.7869473, "result_transform_start_time": 1716758147.7878, "result_transform_end_time": 1716758147.7881916}}
{"task_id": "bbb71be0-b2f1-408d-a8b5-ab34121d9d48", "function_name": "noop_task", "parent_task_ids": [], "submit_time": 1716758147.7940266, "received_time": 1716758147.8152452, "execution": {"hostname": "escience-taps", "execution_start_time": 1716758147.808649, "execution_end_time": 1716758147.810054, "task_start_time": 1716758147.8086898, "task_end_time": 1716758147.8097036, "input_transform_start_time": 1716758147.80867, "input_transform_end_time": 1716758147.8086896, "result_transform_start_time": 1716758147.8097038, "result_transform_end_time": 1716758147.8100538}}
{"task_id": "5283bb39-e0d7-426b-91cc-3b4f1ac5f278", "function_name": "noop_task", "parent_task_ids": [], "submit_time": 1716758147.815761, "received_time": 1716758147.8363094, "execution": {"hostname": "escience-taps", "execution_start_time": 1716758147.8302803, "execution_end_time": 1716758147.8315973, "task_start_time": 1716758147.8303065, "task_end_time": 1716758147.8312013, "input_transform_start_time": 1716758147.8302948, "input_transform_end_time": 1716758147.8303063, "result_transform_start_time": 1716758147.8312018, "result_transform_end_time": 1716758147.831597}}
{"task_id": "aaf62bf0-2fc7-4f1f-b42b-5516b38ff043", "function_name": "noop_task", "parent_task_ids": [], "submit_time": 1716758147.8372273, "received_time": 1716758147.853325, "execution": {"hostname": "escience-taps", "execution_start_time": 1716758147.8470538, "execution_end_time": 1716758147.8487117, "task_start_time": 1716758147.8470814, "task_end_time": 1716758147.8481774, "input_transform_start_time": 1716758147.847069, "input_transform_end_time": 1716758147.8470812, "result_transform_start_time": 1716758147.848178, "result_transform_end_time": 1716758147.8487115}}
