{"task_id": "3692da35-eeb8-42a5-b445-e1becd40a055", "function_name": "id", "parent_task_ids": [], "submit_time": 1716758209.5666716, "received_time": 1716758210.2412207, "execution": {"hostname": "escience-taps", "execution_start_time": 1716758210.2318852, "execution_end_time": 1716758210.2330444, "task_start_time": 1716758210.233036, "task_end_time": 1716758210.233037, "input_transform_start_time": 1716758210.2318926, "input_transform_end_time": 1716758210.2330358, "result_transform_start_time": 1716758210.2330372, "result_transform_end_time": 1716758210.2330444}}
{"task_id": "b3fc31c4-40b9-4340-adef-1a438d9b487d", "function_name": "noop_task", "parent_task_ids": [], "submit_time": 1716758210.2406578, "received_time": 1716758210.2625763, "execution": {"hostname": "escience-taps", "execution_start_time": 1716758210.2575648, "execution_end_time": 1716758210.2593584, "task_start_time": 1716758210.257592, "task_end_time": 1716758210.259058, "input_transform_start_time": 1716758210.2575805, "input_transform_end_time": 1716758210.2575917, "result_transform_start_time": 1716758210.2590582, "result_transform_end_time": 1716758210.2593584}}
{"task_id": "a934b43b-3854-43b2-8695-478471f68e05", "function_name": "noop_task", "parent_task_ids": [], "submit_time": 1716758210.2643914, "received_time": 1716758210.2742093, "execution": {"hostname": "escience-taps", "execution_start_time": 1716758210.2696495, "execution_end_time": 1716758210.2712126, "task_start_time": 1716758210.2696917, "task_end_time": 1716758210.2707198, "input_transform_start_time": 1716758210.2696736, "input_transform_end_time": 1716758210.2696915, "result_transform_start_time": 1716758210.27072, "result_transform_end_time": 1716758210.2712119}}
{"task_id": "81d2bba6-e685-4bcc-94d3-8e7456a811b5", "function_name": "noop_task", "parent_task_ids": [], "submit_time": 1716758210.2756255, "received_time": 1716758210.2948344, "execution": {"hostname": "escience-taps", "execution_start_time": 1716758210.2909875, "execution_end_time": 1716758210.292078, "task_start_time": 1716758210.2910216, "task_end_time": 1716758210.2918687, "input_transform_start_time": 1716758210.2910051, "input_transform_end_time": 1716758210.2910213, "result_transform_start_time": 1716758210.2918692, "result_transform_end_time": 1716758210.2920778}}
{"task_id": "7ab791ba-1190-4bf2-88f8-bef2d216b80b", "function_name": "noop_task", "parent_task_ids": [], "submit_time": 1716758210.2963314, "received_time": 1716758210.3175323, "execution": {"hostname": "escience-taps", "execution_start_time": 1716758210.311341, "execution_end_time": 1716758210.3134446, "task_start_time": 1716758210.3113778, "task_end_time": 1716758210.312855, "input_transform_start_time": 1716758210.3113618, "input_transform_end_time": 1716758210.311377, "result_transform_start_time": 1716758210.3128555, "result_transform_end_time": 1716758210.3134444}}
{"task_id": "759a789a-89ca-4e9a-9147-fd3eede1180c", "function_name": "noop_task", "parent_task_ids": [], "submit_time": 1716758210.3186429, "received_time": 1716758210.3382034, "execution": {"hostname": "escience-taps", "execution_start_time": 1716758210.3332043, "execution_end_time": 1716758210.335426, "task_start_time": 1716758210.3332283, "task_end_time": 1716758210.3348072, "input_transform_start_time": 1716758210.3332176, "input_transform_end_time": 1716758210.3332283, "result_transform_start_time": 1716758210.3348074, "result_transform_end_time": 1716758210.3354259}}
{"task_id": "50992c1c-e084-4fe5-83e7-a16e34fdc366", "function_name": "noop_task", "parent_task_ids": [], "submit_time": 1716758210.3396482, "received_time": 1716758210.3594465, "execution": {"hostname": "escience-taps", "execution_start_time": 1716758210.355123, "execution_end_time": 1716758210.3567247, "task_start_time": 1716758210.3551517, "task_end_time": 1716758210.356329, "input_transform_start_time": 1716758210.3551385, "input_transform_end_time": 1716758210.3551514, "result_transform_start_time": 1716758210.3563292, "result_transform_end_time": 1716758210.3567245}}
{"task_id": "ae5c4d73-1e8d-44b2-8447-fcd410c04c88", "function_name": "noop_task", "parent_task_ids": [], "submit_time": 1716758210.360918, "received_time": 1716758210.3816817, "execution": {"hostname": "escience-taps", "execution_start_time": 1716758210.3767157, "execution_end_time": 1716758210.3782365, "task_start_time": 1716758210.3767521, "task_end_time": 1716758210.3778167, "input_transform_start_time": 1716758210.376729, "input_transform_end_time": 1716758210.376752, "result_transform_start_time": 1716758210.3778172, "result_transform_end_time": 1716758210.378236}}
{"task_id": "5199d8e8-bac9-43a9-af48-76f75b00be3a", "function_name": "noop_task", "parent_task_ids": [], "submit_time": 1716758210.3832064, "received_time": 1716758210.4037402, "execution": {"hostname": "escience-taps", "execution_start_time": 1716758210.3985739, "execution_end_time": 1716758210.400525, "task_start_time": 1716758210.398612, "task_end_time": 1716758210.4000664, "input_transform_start_time": 1716758210.3985956, "input_transform_end_time": 1716758210.3986118, "result_transform_start_time": 1716758210.400067, "result_transform_end_time": 1716758210.4005249}}
{"task_id": "824f4172-6a6e-490d-8958-d272af2f51ec", "function_name": "noop_task", "parent_task_ids": [], "submit_time": 1716758210.4051204, "received_time": 1716758210.4238164, "execution": {"hostname": "escience-taps", "execution_start_time": 1716758210.4198444, "execution_end_time": 1716758210.4214752, "task_start_time": 1716758210.4198692, "task_end_time": 1716758210.4211135, "input_transform_start_time": 1716758210.4198582, "input_transform_end_time": 1716758210.419869, "result_transform_start_time": 1716758210.4211142, "result_transform_end_time": 1716758210.421475}}
{"task_id": "c49e4120-2df9-42a1-afe4-9f6645a56e9b", "function_name": "noop_task", "parent_task_ids": [], "submit_time": 1716758210.4253874, "received_time": 1716758210.4406374, "execution": {"hostname": "escience-taps", "execution_start_time": 1716758210.4361656, "execution_end_time": 1716758210.4376228, "task_start_time": 1716758210.436194, "task_end_time": 1716758210.4374142, "input_transform_start_time": 1716758210.4361818, "input_transform_end_time": 1716758210.4361937, "result_transform_start_time": 1716758210.4374142, "result_transform_end_time": 1716758210.4376225}}
