{"task_id": "308edbf3-b30f-460a-b5ed-8556b06cbe94", "function_name": "_map_function_for_enron_run_mode", "parent_task_ids": [], "submit_time": 1716648162.2996616, "received_time": 1716648163.4002614, "execution": {"hostname": "escience-taps", "execution_start_time": 1716648163.0835016, "execution_end_time": 1716648163.362551, "task_start_time": 1716648163.083511, "task_end_time": 1716648163.3625367, "input_transform_start_time": 1716648163.0835052, "input_transform_end_time": 1716648163.083511, "result_transform_start_time": 1716648163.362537, "result_transform_end_time": 1716648163.3625507}}
{"task_id": "a205a7e4-406b-4aed-a553-b97fd91a7bea", "function_name": "_map_function_for_enron_run_mode", "parent_task_ids": [], "submit_time": 1716648162.2938092, "received_time": 1716648163.504198, "execution": {"hostname": "escience-taps", "execution_start_time": 1716648163.0424392, "execution_end_time": 1716648163.4762287, "task_start_time": 1716648163.0424464, "task_end_time": 1716648163.4762151, "input_transform_start_time": 1716648163.0424423, "input_transform_end_time": 1716648163.0424464, "result_transform_start_time": 1716648163.4762158, "result_transform_end_time": 1716648163.4762282}}
{"task_id": "5e3d347f-a559-4634-b83f-78e781d61b8c", "function_name": "_map_function_for_enron_run_mode", "parent_task_ids": [], "submit_time": 1716648162.297639, "received_time": 1716648163.5374894, "execution": {"hostname": "escience-taps", "execution_start_time": 1716648163.2312512, "execution_end_time": 1716648163.4989195, "task_start_time": 1716648163.2312577, "task_end_time": 1716648163.498909, "input_transform_start_time": 1716648163.231254, "input_transform_end_time": 1716648163.2312574, "result_transform_start_time": 1716648163.4989092, "result_transform_end_time": 1716648163.4989195}}
{"task_id": "65ab24c4-0cac-49a7-afdd-670bcd64f70a", "function_name": "_map_function_for_enron_run_mode", "parent_task_ids": [], "submit_time": 1716648162.2962472, "received_time": 1716648163.7106133, "execution": {"hostname": "escience-taps", "execution_start_time": 1716648163.0717654, "execution_end_time": 1716648163.66776, "task_start_time": 1716648163.0717745, "task_end_time": 1716648163.6677496, "input_transform_start_time": 1716648163.0717685, "input_transform_end_time": 1716648163.0717745, "result_transform_start_time": 1716648163.66775, "result_transform_end_time": 1716648163.66776}}
{"task_id": "76c5c1ae-1f77-44e0-b4e3-694f03fe0f6b", "function_name": "_map_function_for_enron_run_mode", "parent_task_ids": [], "submit_time": 1716648162.2994158, "received_time": 1716648163.759242, "execution": {"hostname": "escience-taps", "execution_start_time": 1716648163.0192847, "execution_end_time": 1716648163.7156506, "task_start_time": 1716648163.0192912, "task_end_time": 1716648163.7156377, "input_transform_start_time": 1716648163.0192876, "input_transform_end_time": 1716648163.019291, "result_transform_start_time": 1716648163.7156389, "result_transform_end_time": 1716648163.7156503}}
{"task_id": "e974b05e-0f11-42f4-bfc0-d0f9b1a5a96a", "function_name": "_map_function_for_enron_run_mode", "parent_task_ids": [], "submit_time": 1716648162.2971876, "received_time": 1716648163.8295662, "execution": {"hostname": "escience-taps", "execution_start_time": 1716648163.3140383, "execution_end_time": 1716648163.7846808, "task_start_time": 1716648163.314045, "task_end_time": 1716648163.784663, "input_transform_start_time": 1716648163.3140411, "input_transform_end_time": 1716648163.3140447, "result_transform_start_time": 1716648163.784664, "result_transform_end_time": 1716648163.7846806}}
{"task_id": "15544b0a-61bf-4b04-904e-34cf561da81e", "function_name": "_map_function_for_enron_run_mode", "parent_task_ids": [], "submit_time": 1716648162.298195, "received_time": 1716648163.9196386, "execution": {"hostname": "escience-taps", "execution_start_time": 1716648163.0783038, "execution_end_time": 1716648163.842542, "task_start_time": 1716648163.078313, "task_end_time": 1716648163.8425283, "input_transform_start_time": 1716648163.0783072, "input_transform_end_time": 1716648163.0783129, "result_transform_start_time": 1716648163.8425286, "result_transform_end_time": 1716648163.8425415}}
{"task_id": "25249c13-2734-4d86-8bfd-6295ed03ae62", "function_name": "_map_function_for_enron_run_mode", "parent_task_ids": [], "submit_time": 1716648162.2879856, "received_time": 1716648163.9516616, "execution": {"hostname": "escience-taps", "execution_start_time": 1716648163.151505, "execution_end_time": 1716648163.8970363, "task_start_time": 1716648163.1515117, "task_end_time": 1716648163.8970234, "input_transform_start_time": 1716648163.1515076, "input_transform_end_time": 1716648163.1515117, "result_transform_start_time": 1716648163.8970249, "result_transform_end_time": 1716648163.897036}}
{"task_id": "6a20703a-fafa-4e0d-a7cd-252079bfe20c", "function_name": "_map_function_for_enron_run_mode", "parent_task_ids": [], "submit_time": 1716648162.2942493, "received_time": 1716648163.9761639, "execution": {"hostname": "escience-taps", "execution_start_time": 1716648163.0782773, "execution_end_time": 1716648163.9220085, "task_start_time": 1716648163.0782866, "task_end_time": 1716648163.921995, "input_transform_start_time": 1716648163.0782804, "input_transform_end_time": 1716648163.0782866, "result_transform_start_time": 1716648163.9219964, "result_transform_end_time": 1716648163.9220083}}
{"task_id": "55236b93-4be5-41e7-aee1-99fb72e21ef1", "function_name": "_map_function_for_enron_run_mode", "parent_task_ids": [], "submit_time": 1716648162.2940197, "received_time": 1716648163.9989421, "execution": {"hostname": "escience-taps", "execution_start_time": 1716648163.1355836, "execution_end_time": 1716648163.9322948, "task_start_time": 1716648163.135592, "task_end_time": 1716648163.9322805, "input_transform_start_time": 1716648163.135587, "input_transform_end_time": 1716648163.135592, "result_transform_start_time": 1716648163.9322822, "result_transform_end_time": 1716648163.9322946}}
{"task_id": "90a5a9bf-f863-4b07-9573-f3c4a3d782ee", "function_name": "_map_function_for_enron_run_mode", "parent_task_ids": [], "submit_time": 1716648162.2986662, "received_time": 1716648164.02312, "execution": {"hostname": "escience-taps", "execution_start_time": 1716648163.1800025, "execution_end_time": 1716648163.9412973, "task_start_time": 1716648163.1800084, "task_end_time": 1716648163.9412873, "input_transform_start_time": 1716648163.180005, "input_transform_end_time": 1716648163.1800084, "result_transform_start_time": 1716648163.9412882, "result_transform_end_time": 1716648163.941297}}
{"task_id": "5b015a57-8806-4f2a-a0c4-b760805ed0c1", "function_name": "_map_function_for_enron_run_mode", "parent_task_ids": [], "submit_time": 1716648162.295083, "received_time": 1716648164.0502028, "execution": {"hostname": "escience-taps", "execution_start_time": 1716648163.2370977, "execution_end_time": 1716648163.973902, "task_start_time": 1716648163.2371051, "task_end_time": 1716648163.9738595, "input_transform_start_time": 1716648163.2371006, "input_transform_end_time": 1716648163.237105, "result_transform_start_time": 1716648163.973861, "result_transform_end_time": 1716648163.973902}}
{"task_id": "24cd7456-23d8-4a70-8046-a70ff765fc68", "function_name": "_map_function_for_enron_run_mode", "parent_task_ids": [], "submit_time": 1716648162.2953246, "received_time": 1716648164.0717359, "execution": {"hostname": "escience-taps", "execution_start_time": 1716648163.2111354, "execution_end_time": 1716648163.9879644, "task_start_time": 1716648163.2111435, "task_end_time": 1716648163.9879344, "input_transform_start_time": 1716648163.2111382, "input_transform_end_time": 1716648163.2111433, "result_transform_start_time": 1716648163.9879355, "result_transform_end_time": 1716648163.9879644}}
{"task_id": "65fd2a6b-195c-44d3-8a36-52fe0631d5c8", "function_name": "_map_function_for_enron_run_mode", "parent_task_ids": [], "submit_time": 1716648162.293196,