{"task_id": "1c03f713-9306-44b2-b5a6-95d9581552e1", "function_name": "_map_function_for_enron_run_mode", "parent_task_ids": [], "submit_time": 1716648022.7157452, "received_time": 1716648024.861689, "execution": {"hostname": "escience-taps", "execution_start_time": 1716648024.5446122, "execution_end_time": 1716648024.8055828, "task_start_time": 1716648024.5446188, "task_end_time": 1716648024.80557, "input_transform_start_time": 1716648024.5446153, "input_transform_end_time": 1716648024.5446186, "result_transform_start_time": 1716648024.805571, "result_transform_end_time": 1716648024.8055828}}
{"task_id": "b2d4c413-0cc4-4929-acd4-ef9656cf7d6f", "function_name": "_map_function_for_enron_run_mode", "parent_task_ids": [], "submit_time": 1716648022.7182927, "received_time": 1716648024.8771353, "execution": {"hostname": "escience-taps", "execution_start_time": 1716648024.5578651, "execution_end_time": 1716648024.8274891, "task_start_time": 1716648024.5578718, "task_end_time": 1716648024.827478, "input_transform_start_time": 1716648024.5578685, "input_transform_end_time": 1716648024.5578718, "result_transform_start_time": 1716648024.8274784, "result_transform_end_time": 1716648024.8274887}}
{"task_id": "bf3258eb-7b0a-402a-aa97-0bfd114cc842", "function_name": "_map_function_for_enron_run_mode", "parent_task_ids": [], "submit_time": 1716648022.710238, "received_time": 1716648024.9704542, "execution": {"hostname": "escience-taps", "execution_start_time": 1716648024.5102031, "execution_end_time": 1716648024.9356337, "task_start_time": 1716648024.5102105, "task_end_time": 1716648024.9356232, "input_transform_start_time": 1716648024.5102065, "input_transform_end_time": 1716648024.5102103, "result_transform_start_time": 1716648024.9356234, "result_transform_end_time": 1716648024.9356337}}
{"task_id": "5920e9d1-93b1-43cb-99d9-2f1e4feb06ce", "function_name": "_map_function_for_enron_run_mode", "parent_task_ids": [], "submit_time": 1716648022.7151122, "received_time": 1716648025.0659308, "execution": {"hostname": "escience-taps", "execution_start_time": 1716648024.5409474, "execution_end_time": 1716648025.0154207, "task_start_time": 1716648024.5409548, "task_end_time": 1716648025.0154095, "input_transform_start_time": 1716648024.5409508, "input_transform_end_time": 1716648024.5409546, "result_transform_start_time": 1716648025.0154097, "result_transform_end_time": 1716648025.0154202}}
{"task_id": "815fb72c-d654-4ce3-9c54-3f3f40f12597", "function_name": "_map_function_for_enron_run_mode", "parent_task_ids": [], "submit_time": 1716648022.713849, "received_time": 1716648025.1318884, "execution": {"hostname": "escience-taps", "execution_start_time": 1716648024.5101984, "execution_end_time": 1716648025.0809736, "task_start_time": 1716648024.510206, "task_end_time": 1716648025.0809639, "input_transform_start_time": 1716648024.510201, "input_transform_end_time": 1716648024.510206, "result_transform_start_time": 1716648025.080964, "result_transform_end_time": 1716648025.0809734}}
{"task_id": "ffcb41d1-75a0-4ac2-a241-84ff14adbc18", "function_name": "_map_function_for_enron_run_mode", "parent_task_ids": [], "submit_time": 1716648022.7025979, "received_time": 1716648025.2991788, "execution": {"hostname": "escience-taps", "execution_start_time": 1716648024.4666958, "execution_end_time": 1716648025.2176163, "task_start_time": 1716648024.466703, "task_end_time": 1716648025.2176046, "input_transform_start_time": 1716648024.4666991, "input_transform_end_time": 1716648024.4667027, "result_transform_start_time": 1716648025.2176049, "result_transform_end_time": 1716648025.217616}}
{"task_id": "3f192844-a113-4f78-ae50-23b95b017087", "function_name": "_map_function_for_enron_run_mode", "parent_task_ids": [], "submit_time": 1716648022.7122505, "received_time": 1716648025.3249514, "execution": {"hostname": "escience-taps", "execution_start_time": 1716648024.5055022, "execution_end_time": 1716648025.218016, "task_start_time": 1716648024.5055091, "task_end_time": 1716648025.2180033, "input_transform_start_time": 1716648024.5055053, "input_transform_end_time": 1716648024.505509, "result_transform_start_time": 1716648025.2180045, "result_transform_end_time": 1716648025.218016}}
{"task_id": "f24236be-f781-46e5-b0f4-ccbecf40a6a5", "function_name": "_map_function_for_enron_run_mode", "parent_task_ids": [], "submit_time": 1716648022.71797, "received_time": 1716648025.3427317, "execution": {"hostname": "escience-taps", "execution_start_time": 1716648024.5467322, "execution_end_time": 1716648025.2550707, "task_start_time": 1716648024.5467386, "task_end_time": 1716648025.2550602, "input_transform_start_time": 1716648024.5467353, "input_transform_end_time": 1716648024.5467386, "result_transform_start_time": 1716648025.2550607, "result_transform_end_time": 1716648025.2550704}}
{"task_id": "10ce4164-e538-44d6-9419-24ba4f8646ca", "function_name": "_map_function_for_enron_run_mode", "parent_task_ids": [], "submit_time": 1716648022.7105887, "received_time": 1716648025.367538, "execution": {"hostname": "escience-taps", "execution_start_time": 1716648024.5093284, "execution_end_time": 1716648025.2731607, "task_start_time": 1716648024.5093355, "task_end_time": 1716648025.2731488, "input_transform_start_time": 1716648024.5093317, "input_transform_end_time": 1716648024.5093355, "result_transform_start_time": 1716648025.27315, "result_transform_end_time": 1716648025.2731605}}
{"task_id": "2c4c5811-f1aa-4580-ac77-cab13b137858", "function_name": "_map_function_for_enron_run_mode", "parent_task_ids": [], "submit_time": 1716648022.712565, "received_time": 1716648025.3889408, "execution": {"hostname": "escience-taps", "execution_start_time": 1716648024.5058708, "execution_end_time": 1716648025.278905, "task_start_time": 1716648024.5058777, "task_end_time": 1716648025.2788947, "input_transform_start_time": 1716648024.5058737, "input_transform_end_time": 1716648024.5058777, "result_transform_start_time": 1716648025.278895, "result_transform_end_time": 1716648025.2789047}}
{"task_id": "6ec90c68-196e-494b-8410-c8979c9385f2", "function_name": "_map_function_for_enron_run_mode", "parent_task_ids": [], "submit_time": 1716648022.710979, "received_time": 1716648025.4112136, "execution": {"hostname": "escience-taps", "execution_start_time": 1716648024.5113912, "execution_end_time": 1716648025.2982168, "task_start_time": 1716648024.5113986, "task_end_time": 1716648025.2982047, "input_transform_start_time": 1716648024.5113943, "input_transform_end_time": 1716648024.5113986, "result_transform_start_time": 1716648025.2982051, "result_transform_end_time": 1716648025.2982163}}
{"task_id": "82a73e6e-6889-422d-accf-e3a8e6d9cfbd", "function_name": "_map_function_for_enron_run_mode", "parent_task_ids": [], "submit_time": 1716648022.716379, "received_time": 1716648025.447106, "execution": {"hostname": "escience-taps", "execution_start_time": 1716648024.5591373, "execution_end_time": 1716648025.3071508, "task_start_time": 1716648024.559144, "task_end_time": 1716648025.3071384, "input_transform_start_time": 1716648024.5591404, "input_transform_end_time": 1716648024.559144, "result_transform_start_time": 1716648025.3071399, "result_transform_end_time": 1716648025.3071506}}
{"task_id": "acf3e3a5-087a-46ad-a8d8-d0fcf81a6787", "function_name": "_map_function_for_enron_run_mode", "parent_task_ids": [], "submit_time": 1716648022.7170234, "received_time": 1716648025.4693987, "execution": {"hostname": "escience-taps", "execution_start_time": 1716648024.5515816, "execution_end_time": 1716648025.3195264, "task_start_time": 1716648024.5515883, "task_end_time": 1716648025.3195143, "input_transform_start_time": 1716648024.5515847, "input_transform_end_time": 1716648024.551588, "result_transform_start_time": 1716648025.3195157, "result_transform_end_time": 1716648025.3195262}}
{"task_id": "ac2f9ae3-0cc7-452f-baea-e61c48ad400f", "function_name": "_map_function_for_enron_run_mode", "parent_task_ids": [], "submit_time": 1716648022.7091634,