{"task_id": "8828f2a9-90f6-494a-a0ec-3dafe53e9d80", "function_name": "id", "parent_task_ids": [], "submit_time": 1716763228.2528892, "received_time": 1716763228.2612371, "execution": {"hostname": "escience-taps", "execution_start_time": 1716763228.2603872, "execution_end_time": 1716763228.2604582, "task_start_time": 1716763228.2604368, "task_end_time": 1716763228.2604377, "input_transform_start_time": 1716763228.2604024, "input_transform_end_time": 1716763228.260434, "result_transform_start_time": 1716763228.2604377, "result_transform_end_time": 1716763228.260458}}
{"task_id": "871ea891-b6da-4095-8de8-536433eb3c78", "function_name": "noop_task", "parent_task_ids": [], "submit_time": 1716763228.2652075, "received_time": 1716763228.27688, "execution": {"hostname": "escience-taps", "execution_start_time": 1716763228.2689435, "execution_end_time": 1716763228.2765322, "task_start_time": 1716763228.2689753, "task_end_time": 1716763228.275193, "input_transform_start_time": 1716763228.2689674, "input_transform_end_time": 1716763228.268975, "result_transform_start_time": 1716763228.2751935, "result_transform_end_time": 1716763228.276532}}
{"task_id": "818dc747-8b50-4249-b079-3af5ff86aadb", "function_name": "noop_task", "parent_task_ids": [], "submit_time": 1716763228.2814999, "received_time": 1716763228.288157, "execution": {"hostname": "escience-taps", "execution_start_time": 1716763228.2832725, "execution_end_time": 1716763228.2879188, "task_start_time": 1716763228.2832935, "task_end_time": 1716763228.287307, "input_transform_start_time": 1716763228.2832851, "input_transform_end_time": 1716763228.2832932, "result_transform_start_time": 1716763228.287307, "result_transform_end_time": 1716763228.2879188}}
{"task_id": "6bf59490-081f-490e-bb0d-81d42f7db55f", "function_name": "noop_task", "parent_task_ids": [], "submit_time": 1716763228.292273, "received_time": 1716763228.2987833, "execution": {"hostname": "escience-taps", "execution_start_time": 1716763228.293691, "execution_end_time": 1716763228.2985208, "task_start_time": 1716763228.2937088, "task_end_time": 1716763228.297882, "input_transform_start_time": 1716763228.2936997, "input_transform_end_time": 1716763228.2937088, "result_transform_start_time": 1716763228.297882, "result_transform_end_time": 1716763228.2985206}}
{"task_id": "848d52f5-5d11-4e53-8b71-9c7e0ee41841", "function_name": "noop_task", "parent_task_ids": [], "submit_time": 1716763228.3020108, "received_time": 1716763228.308307, "execution": {"hostname": "escience-taps", "execution_start_time": 1716763228.3032215, "execution_end_time": 1716763228.3080733, "task_start_time": 1716763228.3032415, "task_end_time": 1716763228.3074627, "input_transform_start_time": 1716763228.3032339, "input_transform_end_time": 1716763228.3032413, "result_transform_start_time": 1716763228.3074627, "result_transform_end_time": 1716763228.3080733}}
{"task_id": "09d9d782-bc92-4ff6-9a1c-b976c51facbe", "function_name": "noop_task", "parent_task_ids": [], "submit_time": 1716763228.3120348, "received_time": 1716763228.3183503, "execution": {"hostname": "escience-taps", "execution_start_time": 1716763228.3133187, "execution_end_time": 1716763228.3181372, "task_start_time": 1716763228.3133383, "task_end_time": 1716763228.3175452, "input_transform_start_time": 1716763228.313331, "input_transform_end_time": 1716763228.313338, "result_transform_start_time": 1716763228.3175454, "result_transform_end_time": 1716763228.318137}}
{"task_id": "ae103720-4a53-4bd9-9222-3049b73cac7d", "function_name": "noop_task", "parent_task_ids": [], "submit_time": 1716763228.3243892, "received_time": 1716763228.3304021, "execution": {"hostname": "escience-taps", "execution_start_time": 1716763228.3255534, "execution_end_time": 1716763228.3301675, "task_start_time": 1716763228.3255732, "task_end_time": 1716763228.3295898, "input_transform_start_time": 1716763228.3255658, "input_transform_end_time": 1716763228.325573, "result_transform_start_time": 1716763228.3295898, "result_transform_end_time": 1716763228.3301675}}
{"task_id": "e8e708cd-2462-4311-9b81-a6bf91d3ae6e", "function_name": "noop_task", "parent_task_ids": [], "submit_time": 1716763228.3331292, "received_time": 1716763228.3388681, "execution": {"hostname": "escience-taps", "execution_start_time": 1716763228.33416, "execution_end_time": 1716763228.3386474, "task_start_time": 1716763228.3341744, "task_end_time": 1716763228.3380816, "input_transform_start_time": 1716763228.334169, "input_transform_end_time": 1716763228.3341742, "result_transform_start_time": 1716763228.3380818, "result_transform_end_time": 1716763228.3386474}}
{"task_id": "4e8dfbf6-9a33-4160-9891-9c0c2b658659", "function_name": "noop_task", "parent_task_ids": [], "submit_time": 1716763228.341876, "received_time": 1716763228.347921, "execution": {"hostname": "escience-taps", "execution_start_time": 1716763228.343058, "execution_end_time": 1716763228.3477068, "task_start_time": 1716763228.3430784, "task_end_time": 1716763228.347127, "input_transform_start_time": 1716763228.343071, "input_transform_end_time": 1716763228.3430781, "result_transform_start_time": 1716763228.3471272, "result_transform_end_time": 1716763228.3477066}}
{"task_id": "f35a0854-f5b9-407e-b968-291e3b1b64d3", "function_name": "noop_task", "parent_task_ids": [], "submit_time": 1716763228.350795, "received_time": 1716763228.3567479, "execution": {"hostname": "escience-taps", "execution_start_time": 1716763228.351912, "execution_end_time": 1716763228.3565454, "task_start_time": 1716763228.3519304, "task_end_time": 1716763228.3559282, "input_transform_start_time": 1716763228.3519237, "input_transform_end_time": 1716763228.3519304, "result_transform_start_time": 1716763228.3559282, "result_transform_end_time": 1716763228.3565454}}
{"task_id": "d708d805-18d3-4cd4-9e5d-b14705b776d9", "function_name": "noop_task", "parent_task_ids": [], "submit_time": 1716763228.360591, "received_time": 1716763228.3666463, "execution": {"hostname": "escience-taps", "execution_start_time": 1716763228.3617566, "execution_end_time": 1716763228.366428, "task_start_time": 1716763228.3617754, "task_end_time": 1716763228.3658667, "input_transform_start_time": 1716763228.3617687, "input_transform_end_time": 1716763228.3617752, "result_transform_start_time": 1716763228.3658667, "result_transform_end_time": 1716763228.366428}}
