{"task_id": "a096245a-ca27-4aec-85f2-9c5267a9139a", "function_name": "id", "parent_task_ids": [], "submit_time": 1716758531.926117, "received_time": 1716758531.9345756, "execution": {"hostname": "escience-taps", "execution_start_time": 1716758531.9336865, "execution_end_time": 1716758531.9337626, "task_start_time": 1716758531.9337404, "task_end_time": 1716758531.9337413, "input_transform_start_time": 1716758531.933702, "input_transform_end_time": 1716758531.9337373, "result_transform_start_time": 1716758531.9337416, "result_transform_end_time": 1716758531.9337626}}
{"task_id": "e292fa72-482e-49cf-92ed-1e46352ac257", "function_name": "noop_task", "parent_task_ids": [], "submit_time": 1716758531.9664845, "received_time": 1716758532.03159, "execution": {"hostname": "escience-taps", "execution_start_time": 1716758531.9800758, "execution_end_time": 1716758532.0310812, "task_start_time": 1716758531.9800968, "task_end_time": 1716758532.0207224, "input_transform_start_time": 1716758531.9800925, "input_transform_end_time": 1716758531.9800966, "result_transform_start_time": 1716758532.0207224, "result_transform_end_time": 1716758532.031081}}
{"task_id": "bacc0b74-d2c0-42a8-8560-cf70d98b0f73", "function_name": "noop_task", "parent_task_ids": [], "submit_time": 1716758532.0668454, "received_time": 1716758532.1220074, "execution": {"hostname": "escience-taps", "execution_start_time": 1716758532.077096, "execution_end_time": 1716758532.121511, "task_start_time": 1716758532.07712, "task_end_time": 1716758532.1123366, "input_transform_start_time": 1716758532.0771105, "input_transform_end_time": 1716758532.0771196, "result_transform_start_time": 1716758532.1123366, "result_transform_end_time": 1716758532.1215107}}
{"task_id": "0b843571-e2a1-4d01-b185-b8469e013041", "function_name": "noop_task", "parent_task_ids": [], "submit_time": 1716758532.1519794, "received_time": 1716758532.2071424, "execution": {"hostname": "escience-taps", "execution_start_time": 1716758532.1613595, "execution_end_time": 1716758532.2067013, "task_start_time": 1716758532.16139, "task_end_time": 1716758532.1977456, "input_transform_start_time": 1716758532.1613734, "input_transform_end_time": 1716758532.1613898, "result_transform_start_time": 1716758532.1977463, "result_transform_end_time": 1716758532.2067008}}
{"task_id": "bbabecc4-ec95-4e6f-9d87-39217df939ae", "function_name": "noop_task", "parent_task_ids": [], "submit_time": 1716758532.240683, "received_time": 1716758532.296682, "execution": {"hostname": "escience-taps", "execution_start_time": 1716758532.2503686, "execution_end_time": 1716758532.296239, "task_start_time": 1716758532.250392, "task_end_time": 1716758532.287303, "input_transform_start_time": 1716758532.2503831, "input_transform_end_time": 1716758532.2503917, "result_transform_start_time": 1716758532.2873034, "result_transform_end_time": 1716758532.2962387}}
{"task_id": "4207e399-d2b9-4d6d-96b2-e88d4cf0410c", "function_name": "noop_task", "parent_task_ids": [], "submit_time": 1716758532.3373444, "received_time": 1716758532.3920715, "execution": {"hostname": "escience-taps", "execution_start_time": 1716758532.346178, "execution_end_time": 1716758532.3916214, "task_start_time": 1716758532.346201, "task_end_time": 1716758532.3824625, "input_transform_start_time": 1716758532.346192, "input_transform_end_time": 1716758532.3462005, "result_transform_start_time": 1716758532.3824625, "result_transform_end_time": 1716758532.391621}}
{"task_id": "d47605bf-62b9-4f42-adee-918700837147", "function_name": "noop_task", "parent_task_ids": [], "submit_time": 1716758532.439952, "received_time": 1716758532.49631, "execution": {"hostname": "escience-taps", "execution_start_time": 1716758532.449332, "execution_end_time": 1716758532.4958704, "task_start_time": 1716758532.4493558, "task_end_time": 1716758532.4866478, "input_transform_start_time": 1716758532.4493465, "input_transform_end_time": 1716758532.4493554, "result_transform_start_time": 1716758532.4866478, "result_transform_end_time": 1716758532.49587}}
{"task_id": "f6339cc4-1f21-46ff-a44b-aa917349bee3", "function_name": "noop_task", "parent_task_ids": [], "submit_time": 1716758532.5450993, "received_time": 1716758532.6005404, "execution": {"hostname": "escience-taps", "execution_start_time": 1716758532.5547872, "execution_end_time": 1716758532.6000535, "task_start_time": 1716758532.5548127, "task_end_time": 1716758532.5911827, "input_transform_start_time": 1716758532.5548024, "input_transform_end_time": 1716758532.5548124, "result_transform_start_time": 1716758532.591183, "result_transform_end_time": 1716758532.6000533}}
{"task_id": "0932b176-3948-4dfb-87ae-4f634a418dc3", "function_name": "noop_task", "parent_task_ids": [], "submit_time": 1716758532.6487665, "received_time": 1716758532.7046478, "execution": {"hostname": "escience-taps", "execution_start_time": 1716758532.6583352, "execution_end_time": 1716758532.7042055, "task_start_time": 1716758532.6583588, "task_end_time": 1716758532.6955576, "input_transform_start_time": 1716758532.6583502, "input_transform_end_time": 1716758532.6583586, "result_transform_start_time": 1716758532.6955583, "result_transform_end_time": 1716758532.7042053}}
{"task_id": "350b6013-8449-4b84-a638-ecebd2f9e5d0", "function_name": "noop_task", "parent_task_ids": [], "submit_time": 1716758532.7473054, "received_time": 1716758532.805206, "execution": {"hostname": "escience-taps", "execution_start_time": 1716758532.7566123, "execution_end_time": 1716758532.804805, "task_start_time": 1716758532.756635, "task_end_time": 1716758532.795452, "input_transform_start_time": 1716758532.7566276, "input_transform_end_time": 1716758532.7566347, "result_transform_start_time": 1716758532.7954526, "result_transform_end_time": 1716758532.8048048}}
{"task_id": "0cdb180a-3826-4fe4-81f8-7fb8e61b7d16", "function_name": "noop_task", "parent_task_ids": [], "submit_time": 1716758532.8513114, "received_time": 1716758532.9063349, "execution": {"hostname": "escience-taps", "execution_start_time": 1716758532.8605535, "execution_end_time": 1716758532.9058795, "task_start_time": 1716758532.8605754, "task_end_time": 1716758532.897299, "input_transform_start_time": 1716758532.8605678, "input_transform_end_time": 1716758532.8605752, "result_transform_start_time": 1716758532.897299, "result_transform_end_time": 1716758532.9058793}}
