{"task_id": "acb3f4f9-482a-49e2-bda7-8aff091e3028", "function_name": "id", "parent_task_ids": [], "submit_time": 1716758829.0956013, "received_time": 1716758830.7399986, "execution": {"hostname": "escience-taps", "execution_start_time": 1716758830.7376833, "execution_end_time": 1716758830.7376993, "task_start_time": 1716758830.7376938, "task_end_time": 1716758830.7376943, "input_transform_start_time": 1716758830.7376857, "input_transform_end_time": 1716758830.7376938, "result_transform_start_time": 1716758830.7376943, "result_transform_end_time": 1716758830.7376993}}
{"task_id": "bf7fcc20-9ff1-4340-b589-3d45a3154438", "function_name": "noop_task", "parent_task_ids": [], "submit_time": 1716758830.7437115, "received_time": 1716758830.7919796, "execution": {"hostname": "escience-taps", "execution_start_time": 1716758830.7840767, "execution_end_time": 1716758830.7905755, "task_start_time": 1716758830.7840953, "task_end_time": 1716758830.789431, "input_transform_start_time": 1716758830.7840872, "input_transform_end_time": 1716758830.7840953, "result_transform_start_time": 1716758830.789431, "result_transform_end_time": 1716758830.7905753}}
{"task_id": "ea934495-8d2f-41e1-b118-3c5344949df0", "function_name": "noop_task", "parent_task_ids": [], "submit_time": 1716758830.7961686, "received_time": 1716758830.8187642, "execution": {"hostname": "escience-taps", "execution_start_time": 1716758830.81267, "execution_end_time": 1716758830.8178182, "task_start_time": 1716758830.8126943, "task_end_time": 1716758830.8169816, "input_transform_start_time": 1716758830.8126838, "input_transform_end_time": 1716758830.812694, "result_transform_start_time": 1716758830.8169816, "result_transform_end_time": 1716758830.8178182}}
{"task_id": "7ca7524b-17ef-4cda-a391-5c19dfd43159", "function_name": "noop_task", "parent_task_ids": [], "submit_time": 1716758830.82185, "received_time": 1716758830.8455498, "execution": {"hostname": "escience-taps", "execution_start_time": 1716758830.8398507, "execution_end_time": 1716758830.8443196, "task_start_time": 1716758830.8398767, "task_end_time": 1716758830.843707, "input_transform_start_time": 1716758830.839864, "input_transform_end_time": 1716758830.8398767, "result_transform_start_time": 1716758830.8437073, "result_transform_end_time": 1716758830.8443196}}
{"task_id": "eb4eea5a-9178-434a-a602-11ac15217b5f", "function_name": "noop_task", "parent_task_ids": [], "submit_time": 1716758830.8492281, "received_time": 1716758830.8724048, "execution": {"hostname": "escience-taps", "execution_start_time": 1716758830.86658, "execution_end_time": 1716758830.871116, "task_start_time": 1716758830.8666008, "task_end_time": 1716758830.8704822, "input_transform_start_time": 1716758830.8665915, "input_transform_end_time": 1716758830.8666005, "result_transform_start_time": 1716758830.8704824, "result_transform_end_time": 1716758830.8711157}}
{"task_id": "5a420936-44a3-47af-8881-fdf216270109", "function_name": "noop_task", "parent_task_ids": [], "submit_time": 1716758830.8754942, "received_time": 1716758830.8992753, "execution": {"hostname": "escience-taps", "execution_start_time": 1716758830.8934262, "execution_end_time": 1716758830.898053, "task_start_time": 1716758830.8934476, "task_end_time": 1716758830.8974397, "input_transform_start_time": 1716758830.8934379, "input_transform_end_time": 1716758830.8934474, "result_transform_start_time": 1716758830.89744, "result_transform_end_time": 1716758830.898053}}
{"task_id": "6848e093-11b9-4f38-bd45-e00e66d246b2", "function_name": "noop_task", "parent_task_ids": [], "submit_time": 1716758830.9028375, "received_time": 1716758830.9258797, "execution": {"hostname": "escience-taps", "execution_start_time": 1716758830.9203265, "execution_end_time": 1716758830.9246726, "task_start_time": 1716758830.920351, "task_end_time": 1716758830.9240642, "input_transform_start_time": 1716758830.92034, "input_transform_end_time": 1716758830.920351, "result_transform_start_time": 1716758830.9240644, "result_transform_end_time": 1716758830.9246726}}
{"task_id": "cbfae500-68e9-44cd-9278-af0a188b90db", "function_name": "noop_task", "parent_task_ids": [], "submit_time": 1716758830.9291265, "received_time": 1716758830.952574, "execution": {"hostname": "escience-taps", "execution_start_time": 1716758830.9468493, "execution_end_time": 1716758830.951315, "task_start_time": 1716758830.9468718, "task_end_time": 1716758830.950697, "input_transform_start_time": 1716758830.9468613, "input_transform_end_time": 1716758830.9468715, "result_transform_start_time": 1716758830.9506972, "result_transform_end_time": 1716758830.9513147}}
{"task_id": "346e7d25-9de0-47a3-a593-f513c7148bbf", "function_name": "noop_task", "parent_task_ids": [], "submit_time": 1716758830.9560742, "received_time": 1716758830.979334, "execution": {"hostname": "escience-taps", "execution_start_time": 1716758830.9735591, "execution_end_time": 1716758830.9781709, "task_start_time": 1716758830.9735808, "task_end_time": 1716758830.97756, "input_transform_start_time": 1716758830.9735715, "input_transform_end_time": 1716758830.9735808, "result_transform_start_time": 1716758830.9775603, "result_transform_end_time": 1716758830.9781706}}
{"task_id": "abd5d0a0-b38e-4e27-819a-2e6e9cd096a2", "function_name": "noop_task", "parent_task_ids": [], "submit_time": 1716758830.9825308, "received_time": 1716758831.0061352, "execution": {"hostname": "escience-taps", "execution_start_time": 1716758831.0002527, "execution_end_time": 1716758831.0049028, "task_start_time": 1716758831.0002751, "task_end_time": 1716758831.0042887, "input_transform_start_time": 1716758831.000266, "input_transform_end_time": 1716758831.000275, "result_transform_start_time": 1716758831.004289, "result_transform_end_time": 1716758831.0049028}}
{"task_id": "a93cff8c-210c-4f9c-8261-07557c2918db", "function_name": "noop_task", "parent_task_ids": [], "submit_time": 1716758831.0120842, "received_time": 1716758831.0329309, "execution": {"hostname": "escience-taps", "execution_start_time": 1716758831.0269651, "execution_end_time": 1716758831.031697, "task_start_time": 1716758831.026984, "task_end_time": 1716758831.0310957, "input_transform_start_time": 1716758831.0269763, "input_transform_end_time": 1716758831.026984, "result_transform_start_time": 1716758831.031096, "result_transform_end_time": 1716758831.031697}}
