{"task_id": "b7a9a680-a2d5-466b-b894-59a55db250a9", "function_name": "id", "parent_task_ids": [], "submit_time": 1716758768.636519, "received_time": 1716758770.2749295, "execution": {"hostname": "escience-taps", "execution_start_time": 1716758770.2725356, "execution_end_time": 1716758770.2725515, "task_start_time": 1716758770.2725456, "task_end_time": 1716758770.272546, "input_transform_start_time": 1716758770.2725384, "input_transform_end_time": 1716758770.2725456, "result_transform_start_time": 1716758770.2725463, "result_transform_end_time": 1716758770.272551}}
{"task_id": "c61b8624-aca1-4694-be4d-71c41d5ec8b2", "function_name": "noop_task", "parent_task_ids": [], "submit_time": 1716758770.2784004, "received_time": 1716758770.3042595, "execution": {"hostname": "escience-taps", "execution_start_time": 1716758770.298417, "execution_end_time": 1716758770.3029351, "task_start_time": 1716758770.2984338, "task_end_time": 1716758770.3018336, "input_transform_start_time": 1716758770.298427, "input_transform_end_time": 1716758770.2984335, "result_transform_start_time": 1716758770.3018336, "result_transform_end_time": 1716758770.3029351}}
{"task_id": "b387a918-e93b-48bc-bcb2-e3abb9747317", "function_name": "noop_task", "parent_task_ids": [], "submit_time": 1716758770.3073378, "received_time": 1716758770.3302102, "execution": {"hostname": "escience-taps", "execution_start_time": 1716758770.3252335, "execution_end_time": 1716758770.3291008, "task_start_time": 1716758770.3252604, "task_end_time": 1716758770.3282828, "input_transform_start_time": 1716758770.325249, "input_transform_end_time": 1716758770.32526, "result_transform_start_time": 1716758770.3282828, "result_transform_end_time": 1716758770.3291006}}
{"task_id": "4574a298-79aa-4749-a306-54f4c8e67140", "function_name": "noop_task", "parent_task_ids": [], "submit_time": 1716758770.3329964, "received_time": 1716758770.355872, "execution": {"hostname": "escience-taps", "execution_start_time": 1716758770.3510559, "execution_end_time": 1716758770.3546758, "task_start_time": 1716758770.351068, "task_end_time": 1716758770.3538945, "input_transform_start_time": 1716758770.351062, "input_transform_end_time": 1716758770.351068, "result_transform_start_time": 1716758770.3538947, "result_transform_end_time": 1716758770.3546755}}
{"task_id": "fec397e0-d3e0-46eb-a8fe-fe3c345eca66", "function_name": "noop_task", "parent_task_ids": [], "submit_time": 1716758770.3589706, "received_time": 1716758770.3816926, "execution": {"hostname": "escience-taps", "execution_start_time": 1716758770.3766787, "execution_end_time": 1716758770.3805456, "task_start_time": 1716758770.3766975, "task_end_time": 1716758770.379667, "input_transform_start_time": 1716758770.3766892, "input_transform_end_time": 1716758770.3766973, "result_transform_start_time": 1716758770.3796673, "result_transform_end_time": 1716758770.3805456}}
{"task_id": "41f5ed90-8a4a-4bf2-8cd1-2d8156ef0c0f", "function_name": "noop_task", "parent_task_ids": [], "submit_time": 1716758770.3846824, "received_time": 1716758770.4104044, "execution": {"hostname": "escience-taps", "execution_start_time": 1716758770.4025872, "execution_end_time": 1716758770.4093392, "task_start_time": 1716758770.402608, "task_end_time": 1716758770.4074717, "input_transform_start_time": 1716758770.402599, "input_transform_end_time": 1716758770.4026077, "result_transform_start_time": 1716758770.407472, "result_transform_end_time": 1716758770.4093387}}
{"task_id": "3499f766-361b-40c0-a013-c66e13b436f6", "function_name": "noop_task", "parent_task_ids": [], "submit_time": 1716758770.413433, "received_time": 1716758770.4382715, "execution": {"hostname": "escience-taps", "execution_start_time": 1716758770.431251, "execution_end_time": 1716758770.437066, "task_start_time": 1716758770.4312627, "task_end_time": 1716758770.435281, "input_transform_start_time": 1716758770.4312582, "input_transform_end_time": 1716758770.4312625, "result_transform_start_time": 1716758770.4352815, "result_transform_end_time": 1716758770.4370658}}
{"task_id": "c3c59976-8644-4bc5-8cb9-4e7c1878f7bc", "function_name": "noop_task", "parent_task_ids": [], "submit_time": 1716758770.4412062, "received_time": 1716758770.4673574, "execution": {"hostname": "escience-taps", "execution_start_time": 1716758770.4592638, "execution_end_time": 1716758770.4659593, "task_start_time": 1716758770.4592848, "task_end_time": 1716758770.4641452, "input_transform_start_time": 1716758770.4592752, "input_transform_end_time": 1716758770.4592845, "result_transform_start_time": 1716758770.4641457, "result_transform_end_time": 1716758770.465959}}
{"task_id": "ab2c09d7-c253-4906-804b-6479e5f51299", "function_name": "noop_task", "parent_task_ids": [], "submit_time": 1716758770.470544, "received_time": 1716758770.496388, "execution": {"hostname": "escience-taps", "execution_start_time": 1716758770.4880683, "execution_end_time": 1716758770.4951162, "task_start_time": 1716758770.488089, "task_end_time": 1716758770.493145, "input_transform_start_time": 1716758770.4880807, "input_transform_end_time": 1716758770.4880888, "result_transform_start_time": 1716758770.4931457, "result_transform_end_time": 1716758770.495116}}
{"task_id": "221c6343-c89e-417c-8664-dbd9ce87e972", "function_name": "noop_task", "parent_task_ids": [], "submit_time": 1716758770.499597, "received_time": 1716758770.5246658, "execution": {"hostname": "escience-taps", "execution_start_time": 1716758770.517163, "execution_end_time": 1716758770.5234072, "task_start_time": 1716758770.5171819, "task_end_time": 1716758770.5216124, "input_transform_start_time": 1716758770.5171745, "input_transform_end_time": 1716758770.5171819, "result_transform_start_time": 1716758770.5216126, "result_transform_end_time": 1716758770.5234067}}
{"task_id": "db49633c-72b8-4add-adc6-a2c87cc184d2", "function_name": "noop_task", "parent_task_ids": [], "submit_time": 1716758770.5276468, "received_time": 1716758770.553544, "execution": {"hostname": "escience-taps", "execution_start_time": 1716758770.5455332, "execution_end_time": 1716758770.5522444, "task_start_time": 1716758770.545552, "task_end_time": 1716758770.5505402, "input_transform_start_time": 1716758770.5455444, "input_transform_end_time": 1716758770.5455518, "result_transform_start_time": 1716758770.5505404, "result_transform_end_time": 1716758770.5522442}}
