{"task_id": "3c797b6d-b175-4990-bbd8-813607c5563f", "function_name": "id", "parent_task_ids": [], "submit_time": 1716758753.4064295, "received_time": 1716758755.04395, "execution": {"hostname": "escience-taps", "execution_start_time": 1716758755.0412934, "execution_end_time": 1716758755.0413094, "task_start_time": 1716758755.0413039, "task_end_time": 1716758755.041304, "input_transform_start_time": 1716758755.0412958, "input_transform_end_time": 1716758755.0413036, "result_transform_start_time": 1716758755.0413043, "result_transform_end_time": 1716758755.0413094}}
{"task_id": "814eda85-1591-4afa-a8e8-5daa704d6159", "function_name": "noop_task", "parent_task_ids": [], "submit_time": 1716758755.0452237, "received_time": 1716758755.0583787, "execution": {"hostname": "escience-taps", "execution_start_time": 1716758755.0563393, "execution_end_time": 1716758755.0570598, "task_start_time": 1716758755.0563538, "task_end_time": 1716758755.0568342, "input_transform_start_time": 1716758755.0563478, "input_transform_end_time": 1716758755.0563538, "result_transform_start_time": 1716758755.0568345, "result_transform_end_time": 1716758755.0570595}}
{"task_id": "f720051c-3bd5-46a2-9399-b47a03a87982", "function_name": "noop_task", "parent_task_ids": [], "submit_time": 1716758755.0589705, "received_time": 1716758755.0708418, "execution": {"hostname": "escience-taps", "execution_start_time": 1716758755.0690045, "execution_end_time": 1716758755.0697138, "task_start_time": 1716758755.0690212, "task_end_time": 1716758755.069496, "input_transform_start_time": 1716758755.069014, "input_transform_end_time": 1716758755.0690212, "result_transform_start_time": 1716758755.0694962, "result_transform_end_time": 1716758755.0697138}}
{"task_id": "85feec59-3ff3-41c8-8a1c-c3d8fdb2be5b", "function_name": "noop_task", "parent_task_ids": [], "submit_time": 1716758755.0716631, "received_time": 1716758755.0832949, "execution": {"hostname": "escience-taps", "execution_start_time": 1716758755.0814688, "execution_end_time": 1716758755.0822022, "task_start_time": 1716758755.0814955, "task_end_time": 1716758755.0820105, "input_transform_start_time": 1716758755.0814831, "input_transform_end_time": 1716758755.0814953, "result_transform_start_time": 1716758755.0820105, "result_transform_end_time": 1716758755.0822022}}
{"task_id": "59a55f77-d542-44d4-a444-5d50c80ad39e", "function_name": "noop_task", "parent_task_ids": [], "submit_time": 1716758755.0840466, "received_time": 1716758755.0957506, "execution": {"hostname": "escience-taps", "execution_start_time": 1716758755.0937123, "execution_end_time": 1716758755.0943058, "task_start_time": 1716758755.093724, "task_end_time": 1716758755.0941222, "input_transform_start_time": 1716758755.093719, "input_transform_end_time": 1716758755.093724, "result_transform_start_time": 1716758755.0941222, "result_transform_end_time": 1716758755.0943055}}
{"task_id": "0661a9e9-1123-4103-95f9-c85e0cbcc29f", "function_name": "noop_task", "parent_task_ids": [], "submit_time": 1716758755.0968173, "received_time": 1716758755.107829, "execution": {"hostname": "escience-taps", "execution_start_time": 1716758755.1060119, "execution_end_time": 1716758755.1067762, "task_start_time": 1716758755.1060326, "task_end_time": 1716758755.1066005, "input_transform_start_time": 1716758755.1060238, "input_transform_end_time": 1716758755.1060324, "result_transform_start_time": 1716758755.1066005, "result_transform_end_time": 1716758755.1067762}}
{"task_id": "e156d7c3-df69-4535-8579-fd98f36b4d01", "function_name": "noop_task", "parent_task_ids": [], "submit_time": 1716758755.10855, "received_time": 1716758755.119881, "execution": {"hostname": "escience-taps", "execution_start_time": 1716758755.1182687, "execution_end_time": 1716758755.118815, "task_start_time": 1716758755.1182775, "task_end_time": 1716758755.1186414, "input_transform_start_time": 1716758755.1182735, "input_transform_end_time": 1716758755.1182773, "result_transform_start_time": 1716758755.1186414, "result_transform_end_time": 1716758755.1188147}}
{"task_id": "c6206748-ae34-458a-9307-eba69a8ec746", "function_name": "noop_task", "parent_task_ids": [], "submit_time": 1716758755.1205702, "received_time": 1716758755.1320436, "execution": {"hostname": "escience-taps", "execution_start_time": 1716758755.130298, "execution_end_time": 1716758755.1308534, "task_start_time": 1716758755.130308, "task_end_time": 1716758755.130679, "input_transform_start_time": 1716758755.1303031, "input_transform_end_time": 1716758755.1303077, "result_transform_start_time": 1716758755.1306791, "result_transform_end_time": 1716758755.1308534}}
{"task_id": "769e2997-dd51-4b85-abd3-14416c5ac287", "function_name": "noop_task", "parent_task_ids": [], "submit_time": 1716758755.132868, "received_time": 1716758755.1441324, "execution": {"hostname": "escience-taps", "execution_start_time": 1716758755.1424594, "execution_end_time": 1716758755.1430302, "task_start_time": 1716758755.1424687, "task_end_time": 1716758755.1428416, "input_transform_start_time": 1716758755.1424649, "input_transform_end_time": 1716758755.1424687, "result_transform_start_time": 1716758755.1428418, "result_transform_end_time": 1716758755.1430302}}
{"task_id": "662d2f84-7b05-4e8a-a0be-2626ce69b558", "function_name": "noop_task", "parent_task_ids": [], "submit_time": 1716758755.1449265, "received_time": 1716758755.1564593, "execution": {"hostname": "escience-taps", "execution_start_time": 1716758755.1544535, "execution_end_time": 1716758755.155278, "task_start_time": 1716758755.1544616, "task_end_time": 1716758755.1549685, "input_transform_start_time": 1716758755.154458, "input_transform_end_time": 1716758755.1544614, "result_transform_start_time": 1716758755.1549687, "result_transform_end_time": 1716758755.1552777}}
{"task_id": "689328ac-9d01-4607-ab0c-88b08ea5076e", "function_name": "noop_task", "parent_task_ids": [], "submit_time": 1716758755.1572256, "received_time": 1716758755.168719, "execution": {"hostname": "escience-taps", "execution_start_time": 1716758755.166785, "execution_end_time": 1716758755.1675267, "task_start_time": 1716758755.1667926, "task_end_time": 1716758755.1672344, "input_transform_start_time": 1716758755.1667893, "input_transform_end_time": 1716758755.1667926, "result_transform_start_time": 1716758755.1672347, "result_transform_end_time": 1716758755.1675267}}
