{"task_id": "5455bbaf-4b94-41f5-a526-83dad850062a", "function_name": "id", "parent_task_ids": [], "submit_time": 1716758140.2303326, "received_time": 1716758140.9067256, "execution": {"hostname": "escience-taps", "execution_start_time": 1716758140.8998454, "execution_end_time": 1716758140.8998828, "task_start_time": 1716758140.8998685, "task_end_time": 1716758140.8998702, "input_transform_start_time": 1716758140.8998528, "input_transform_end_time": 1716758140.8998682, "result_transform_start_time": 1716758140.8998704, "result_transform_end_time": 1716758140.8998823}}
{"task_id": "e7ce9393-bc96-4234-839c-3042f7ef3165", "function_name": "noop_task", "parent_task_ids": [], "submit_time": 1716758140.9061325, "received_time": 1716758140.9270208, "execution": {"hostname": "escience-taps", "execution_start_time": 1716758140.9217057, "execution_end_time": 1716758140.923789, "task_start_time": 1716758140.9217358, "task_end_time": 1716758140.9226563, "input_transform_start_time": 1716758140.9217236, "input_transform_end_time": 1716758140.9217355, "result_transform_start_time": 1716758140.9226565, "result_transform_end_time": 1716758140.9237888}}
{"task_id": "6a69f006-97f7-46ca-98dd-74f7a5b52cf8", "function_name": "noop_task", "parent_task_ids": [], "submit_time": 1716758140.9279969, "received_time": 1716758140.9355857, "execution": {"hostname": "escience-taps", "execution_start_time": 1716758140.931996, "execution_end_time": 1716758140.9331164, "task_start_time": 1716758140.93204, "task_end_time": 1716758140.9328153, "input_transform_start_time": 1716758140.9320219, "input_transform_end_time": 1716758140.9320397, "result_transform_start_time": 1716758140.9328156, "result_transform_end_time": 1716758140.9331162}}
{"task_id": "2e7f1123-aca4-4215-b3a3-231dbc6c2723", "function_name": "noop_task", "parent_task_ids": [], "submit_time": 1716758140.9363549, "received_time": 1716758140.9520154, "execution": {"hostname": "escience-taps", "execution_start_time": 1716758140.948095, "execution_end_time": 1716758140.9492736, "task_start_time": 1716758140.9481266, "task_end_time": 1716758140.9489667, "input_transform_start_time": 1716758140.948112, "input_transform_end_time": 1716758140.9481263, "result_transform_start_time": 1716758140.948967, "result_transform_end_time": 1716758140.9492736}}
{"task_id": "9b348d54-fc8b-4144-ab87-f4f7a76e89f4", "function_name": "noop_task", "parent_task_ids": [], "submit_time": 1716758140.9532163, "received_time": 1716758140.9675722, "execution": {"hostname": "escience-taps", "execution_start_time": 1716758140.9635866, "execution_end_time": 1716758140.964983, "task_start_time": 1716758140.9636304, "task_end_time": 1716758140.964613, "input_transform_start_time": 1716758140.9636116, "input_transform_end_time": 1716758140.96363, "result_transform_start_time": 1716758140.9646132, "result_transform_end_time": 1716758140.9649827}}
{"task_id": "2f7de2d5-1b11-4f25-9e8b-990b56f026d7", "function_name": "noop_task", "parent_task_ids": [], "submit_time": 1716758140.9684408, "received_time": 1716758140.9835205, "execution": {"hostname": "escience-taps", "execution_start_time": 1716758140.9801311, "execution_end_time": 1716758140.9810832, "task_start_time": 1716758140.9801576, "task_end_time": 1716758140.980895, "input_transform_start_time": 1716758140.980146, "input_transform_end_time": 1716758140.9801574, "result_transform_start_time": 1716758140.980895, "result_transform_end_time": 1716758140.9810832}}
{"task_id": "d58bb885-e0d8-4132-b822-892096c5e189", "function_name": "noop_task", "parent_task_ids": [], "submit_time": 1716758140.9843564, "received_time": 1716758140.9987683, "execution": {"hostname": "escience-taps", "execution_start_time": 1716758140.994861, "execution_end_time": 1716758140.995844, "task_start_time": 1716758140.994893, "task_end_time": 1716758140.9955277, "input_transform_start_time": 1716758140.9948807, "input_transform_end_time": 1716758140.994893, "result_transform_start_time": 1716758140.995528, "result_transform_end_time": 1716758140.9958436}}
{"task_id": "9d5d8d1c-8c89-4965-9563-d9f6a3d518f0", "function_name": "noop_task", "parent_task_ids": [], "submit_time": 1716758140.9995372, "received_time": 1716758141.0160213, "execution": {"hostname": "escience-taps", "execution_start_time": 1716758141.0111334, "execution_end_time": 1716758141.0126195, "task_start_time": 1716758141.0111644, "task_end_time": 1716758141.012229, "input_transform_start_time": 1716758141.0111496, "input_transform_end_time": 1716758141.011164, "result_transform_start_time": 1716758141.0122294, "result_transform_end_time": 1716758141.0126193}}
{"task_id": "0580d04d-3429-4408-a277-96d6a17d8308", "function_name": "noop_task", "parent_task_ids": [], "submit_time": 1716758141.0169456, "received_time": 1716758141.0297832, "execution": {"hostname": "escience-taps", "execution_start_time": 1716758141.0262933, "execution_end_time": 1716758141.0273378, "task_start_time": 1716758141.0263295, "task_end_time": 1716758141.0270934, "input_transform_start_time": 1716758141.0263135, "input_transform_end_time": 1716758141.0263293, "result_transform_start_time": 1716758141.0270936, "result_transform_end_time": 1716758141.0273376}}
{"task_id": "ff99566c-62ad-4c20-ab65-1a06316126cd", "function_name": "noop_task", "parent_task_ids": [], "submit_time": 1716758141.0305233, "received_time": 1716758141.0459027, "execution": {"hostname": "escience-taps", "execution_start_time": 1716758141.0419655, "execution_end_time": 1716758141.0431447, "task_start_time": 1716758141.0419915, "task_end_time": 1716758141.0428586, "input_transform_start_time": 1716758141.0419803, "input_transform_end_time": 1716758141.0419912, "result_transform_start_time": 1716758141.042859, "result_transform_end_time": 1716758141.0431445}}
{"task_id": "e25d3cfd-e0d4-4586-abcf-744c153f0ea6", "function_name": "noop_task", "parent_task_ids": [], "submit_time": 1716758141.0477748, "received_time": 1716758141.0610194, "execution": {"hostname": "escience-taps", "execution_start_time": 1716758141.0576816, "execution_end_time": 1716758141.0585887, "task_start_time": 1716758141.0576973, "task_end_time": 1716758141.0582628, "input_transform_start_time": 1716758141.0576882, "input_transform_end_time": 1716758141.057697, "result_transform_start_time": 1716758141.058263, "result_transform_end_time": 1716758141.0585885}}
