{"task_id": "ad15d75b-92be-4b3b-b764-816ebf39d6ae", "function_name": "id", "parent_task_ids": [], "submit_time": 1716758815.888324, "received_time": 1716758817.5254653, "execution": {"hostname": "escience-taps", "execution_start_time": 1716758817.5229394, "execution_end_time": 1716758817.5229547, "task_start_time": 1716758817.5229495, "task_end_time": 1716758817.5229497, "input_transform_start_time": 1716758817.5229423, "input_transform_end_time": 1716758817.5229492, "result_transform_start_time": 1716758817.52295, "result_transform_end_time": 1716758817.5229547}}
{"task_id": "9373aa31-2d3b-4d68-be91-6a3709d506c3", "function_name": "noop_task", "parent_task_ids": [], "submit_time": 1716758817.5264182, "received_time": 1716758817.541111, "execution": {"hostname": "escience-taps", "execution_start_time": 1716758817.538509, "execution_end_time": 1716758817.5397193, "task_start_time": 1716758817.5385242, "task_end_time": 1716758817.5394866, "input_transform_start_time": 1716758817.5385172, "input_transform_end_time": 1716758817.5385242, "result_transform_start_time": 1716758817.5394866, "result_transform_end_time": 1716758817.539719}}
{"task_id": "118e2ce8-e902-4634-9c9a-8b2706cce51f", "function_name": "noop_task", "parent_task_ids": [], "submit_time": 1716758817.542194, "received_time": 1716758817.5534995, "execution": {"hostname": "escience-taps", "execution_start_time": 1716758817.551408, "execution_end_time": 1716758817.552481, "task_start_time": 1716758817.5514293, "task_end_time": 1716758817.5523052, "input_transform_start_time": 1716758817.5514202, "input_transform_end_time": 1716758817.5514293, "result_transform_start_time": 1716758817.5523055, "result_transform_end_time": 1716758817.552481}}
{"task_id": "2417093a-896c-4fca-af10-43afd98bf936", "function_name": "noop_task", "parent_task_ids": [], "submit_time": 1716758817.554229, "received_time": 1716758817.5660143, "execution": {"hostname": "escience-taps", "execution_start_time": 1716758817.5641394, "execution_end_time": 1716758817.5651276, "task_start_time": 1716758817.5641637, "task_end_time": 1716758817.564926, "input_transform_start_time": 1716758817.564151, "input_transform_end_time": 1716758817.5641634, "result_transform_start_time": 1716758817.5649261, "result_transform_end_time": 1716758817.5651274}}
{"task_id": "1e9649a1-4c3e-4e11-bef8-2e97270f9acc", "function_name": "noop_task", "parent_task_ids": [], "submit_time": 1716758817.5667093, "received_time": 1716758817.5782304, "execution": {"hostname": "escience-taps", "execution_start_time": 1716758817.5766408, "execution_end_time": 1716758817.5774508, "task_start_time": 1716758817.576656, "task_end_time": 1716758817.5772665, "input_transform_start_time": 1716758817.5766494, "input_transform_end_time": 1716758817.5766559, "result_transform_start_time": 1716758817.5772667, "result_transform_end_time": 1716758817.5774505}}
{"task_id": "dacf3074-9342-4b0f-ac4d-e83917299b9a", "function_name": "noop_task", "parent_task_ids": [], "submit_time": 1716758817.5788832, "received_time": 1716758817.5905423, "execution": {"hostname": "escience-taps", "execution_start_time": 1716758817.5888593, "execution_end_time": 1716758817.589645, "task_start_time": 1716758817.5888743, "task_end_time": 1716758817.5894735, "input_transform_start_time": 1716758817.5888681, "input_transform_end_time": 1716758817.588874, "result_transform_start_time": 1716758817.5894737, "result_transform_end_time": 1716758817.5896444}}
{"task_id": "34b252f1-5ad4-44b4-b464-f11a6693cc94", "function_name": "noop_task", "parent_task_ids": [], "submit_time": 1716758817.591638, "received_time": 1716758817.6037984, "execution": {"hostname": "escience-taps", "execution_start_time": 1716758817.6012607, "execution_end_time": 1716758817.6025295, "task_start_time": 1716758817.6012802, "task_end_time": 1716758817.6021998, "input_transform_start_time": 1716758817.6012719, "input_transform_end_time": 1716758817.60128, "result_transform_start_time": 1716758817.6022, "result_transform_end_time": 1716758817.602529}}
{"task_id": "04ae78d6-156e-43b8-957c-600cab4d3b9e", "function_name": "noop_task", "parent_task_ids": [], "submit_time": 1716758817.6049485, "received_time": 1716758817.616666, "execution": {"hostname": "escience-taps", "execution_start_time": 1716758817.614251, "execution_end_time": 1716758817.615325, "task_start_time": 1716758817.614271, "task_end_time": 1716758817.6150656, "input_transform_start_time": 1716758817.6142619, "input_transform_end_time": 1716758817.6142707, "result_transform_start_time": 1716758817.615066, "result_transform_end_time": 1716758817.6153247}}
{"task_id": "a9dc5806-e1f0-4a02-b265-0e9c876eec00", "function_name": "noop_task", "parent_task_ids": [], "submit_time": 1716758817.617753, "received_time": 1716758817.6295102, "execution": {"hostname": "escience-taps", "execution_start_time": 1716758817.6270201, "execution_end_time": 1716758817.6281781, "task_start_time": 1716758817.6270359, "task_end_time": 1716758817.627827, "input_transform_start_time": 1716758817.6270292, "input_transform_end_time": 1716758817.6270356, "result_transform_start_time": 1716758817.6278274, "result_transform_end_time": 1716758817.628178}}
{"task_id": "5d52cd5b-1d79-4398-920e-672b5a704099", "function_name": "noop_task", "parent_task_ids": [], "submit_time": 1716758817.6306982, "received_time": 1716758817.642674, "execution": {"hostname": "escience-taps", "execution_start_time": 1716758817.6400008, "execution_end_time": 1716758817.6413276, "task_start_time": 1716758817.6400197, "task_end_time": 1716758817.64099, "input_transform_start_time": 1716758817.6400115, "input_transform_end_time": 1716758817.6400194, "result_transform_start_time": 1716758817.6409903, "result_transform_end_time": 1716758817.6413274}}
{"task_id": "b4c4c7ee-2ae0-4cf7-84c3-ddd58c8f70cc", "function_name": "noop_task", "parent_task_ids": [], "submit_time": 1716758817.6452584, "received_time": 1716758817.655772, "execution": {"hostname": "escience-taps", "execution_start_time": 1716758817.6532538, "execution_end_time": 1716758817.6545117, "task_start_time": 1716758817.653273, "task_end_time": 1716758817.6541607, "input_transform_start_time": 1716758817.6532652, "input_transform_end_time": 1716758817.653273, "result_transform_start_time": 1716758817.6541612, "result_transform_end_time": 1716758817.6545115}}
