{"task_id": "73b459ed-a945-4a67-8da6-af04134aa96f", "function_name": "id", "parent_task_ids": [], "submit_time": 1716758518.2887862, "received_time": 1716758518.29787, "execution": {"hostname": "escience-taps", "execution_start_time": 1716758518.2967753, "execution_end_time": 1716758518.2968798, "task_start_time": 1716758518.2968528, "task_end_time": 1716758518.2968543, "input_transform_start_time": 1716758518.2967978, "input_transform_end_time": 1716758518.2968493, "result_transform_start_time": 1716758518.2968547, "result_transform_end_time": 1716758518.2968795}}
{"task_id": "b015117b-b11e-4371-ac2a-daa5954c8646", "function_name": "noop_task", "parent_task_ids": [], "submit_time": 1716758518.3284523, "received_time": 1716758518.381533, "execution": {"hostname": "escience-taps", "execution_start_time": 1716758518.3402147, "execution_end_time": 1716758518.3810713, "task_start_time": 1716758518.3402493, "task_end_time": 1716758518.3726118, "input_transform_start_time": 1716758518.340241, "input_transform_end_time": 1716758518.340249, "result_transform_start_time": 1716758518.3726118, "result_transform_end_time": 1716758518.381071}}
{"task_id": "99501629-8ab5-4a35-8c9a-30491e0600b3", "function_name": "noop_task", "parent_task_ids": [], "submit_time": 1716758518.4076166, "received_time": 1716758518.4454913, "execution": {"hostname": "escience-taps", "execution_start_time": 1716758518.4151618, "execution_end_time": 1716758518.4451728, "task_start_time": 1716758518.4151888, "task_end_time": 1716758518.438634, "input_transform_start_time": 1716758518.4151795, "input_transform_end_time": 1716758518.4151888, "result_transform_start_time": 1716758518.4386342, "result_transform_end_time": 1716758518.4451728}}
{"task_id": "c436a021-9c95-440b-b58b-7999449a042f", "function_name": "noop_task", "parent_task_ids": [], "submit_time": 1716758518.4712846, "received_time": 1716758518.5087128, "execution": {"hostname": "escience-taps", "execution_start_time": 1716758518.4787796, "execution_end_time": 1716758518.5084176, "task_start_time": 1716758518.4788082, "task_end_time": 1716758518.5019078, "input_transform_start_time": 1716758518.4787931, "input_transform_end_time": 1716758518.4788082, "result_transform_start_time": 1716758518.5019078, "result_transform_end_time": 1716758518.5084176}}
{"task_id": "b3ac6cde-f4ae-4752-9679-f70495619d50", "function_name": "noop_task", "parent_task_ids": [], "submit_time": 1716758518.5342355, "received_time": 1716758518.5726268, "execution": {"hostname": "escience-taps", "execution_start_time": 1716758518.5418856, "execution_end_time": 1716758518.5723207, "task_start_time": 1716758518.5419064, "task_end_time": 1716758518.565706, "input_transform_start_time": 1716758518.5418985, "input_transform_end_time": 1716758518.541906, "result_transform_start_time": 1716758518.565706, "result_transform_end_time": 1716758518.5723205}}
{"task_id": "7de087bf-1f27-4818-8a46-cc18f2d17982", "function_name": "noop_task", "parent_task_ids": [], "submit_time": 1716758518.5986319, "received_time": 1716758518.6371012, "execution": {"hostname": "escience-taps", "execution_start_time": 1716758518.60661, "execution_end_time": 1716758518.6367545, "task_start_time": 1716758518.6066296, "task_end_time": 1716758518.6301715, "input_transform_start_time": 1716758518.6066217, "input_transform_end_time": 1716758518.6066296, "result_transform_start_time": 1716758518.6301715, "result_transform_end_time": 1716758518.6367545}}
{"task_id": "2be27677-a3c5-45c6-ac7d-b97b98442e66", "function_name": "noop_task", "parent_task_ids": [], "submit_time": 1716758518.6622741, "received_time": 1716758518.7019691, "execution": {"hostname": "escience-taps", "execution_start_time": 1716758518.6719334, "execution_end_time": 1716758518.7016015, "task_start_time": 1716758518.671954, "task_end_time": 1716758518.6948833, "input_transform_start_time": 1716758518.6719463, "input_transform_end_time": 1716758518.671954, "result_transform_start_time": 1716758518.6948836, "result_transform_end_time": 1716758518.7016015}}
{"task_id": "bad7236a-e3a6-4e73-868b-b8d471dadbf5", "function_name": "noop_task", "parent_task_ids": [], "submit_time": 1716758518.7244675, "received_time": 1716758518.7627351, "execution": {"hostname": "escience-taps", "execution_start_time": 1716758518.7325034, "execution_end_time": 1716758518.762402, "task_start_time": 1716758518.7325265, "task_end_time": 1716758518.7558117, "input_transform_start_time": 1716758518.7325175, "input_transform_end_time": 1716758518.7325263, "result_transform_start_time": 1716758518.755812, "result_transform_end_time": 1716758518.7624018}}
{"task_id": "40ae89e9-b67b-44bc-b6ed-c8911a215fda", "function_name": "noop_task", "parent_task_ids": [], "submit_time": 1716758518.784598, "received_time": 1716758518.8228924, "execution": {"hostname": "escience-taps", "execution_start_time": 1716758518.7927184, "execution_end_time": 1716758518.8225956, "task_start_time": 1716758518.7927473, "task_end_time": 1716758518.8158438, "input_transform_start_time": 1716758518.7927318, "input_transform_end_time": 1716758518.792747, "result_transform_start_time": 1716758518.8158438, "result_transform_end_time": 1716758518.8225956}}
{"task_id": "15e5b4cc-59fd-4571-8033-e535cf59da2c", "function_name": "noop_task", "parent_task_ids": [], "submit_time": 1716758518.8473375, "received_time": 1716758518.8845406, "execution": {"hostname": "escience-taps", "execution_start_time": 1716758518.8545098, "execution_end_time": 1716758518.8842971, "task_start_time": 1716758518.85453, "task_end_time": 1716758518.8777716, "input_transform_start_time": 1716758518.8545225, "input_transform_end_time": 1716758518.8545299, "result_transform_start_time": 1716758518.8777716, "result_transform_end_time": 1716758518.8842971}}
{"task_id": "80651866-9622-41ff-af5d-cbfb71dacb9b", "function_name": "noop_task", "parent_task_ids": [], "submit_time": 1716758518.9095552, "received_time": 1716758518.9474263, "execution": {"hostname": "escience-taps", "execution_start_time": 1716758518.9168108, "execution_end_time": 1716758518.9470737, "task_start_time": 1716758518.9168391, "task_end_time": 1716758518.9404228, "input_transform_start_time": 1716758518.9168317, "input_transform_end_time": 1716758518.9168391, "result_transform_start_time": 1716758518.9404228, "result_transform_end_time": 1716758518.9470735}}
