{"task_id": "b56f85fd-f21a-478e-9a3d-76456cfd32fc", "function_name": "_map_function_for_enron_run_mode", "parent_task_ids": [], "submit_time": 1716648142.6897416, "received_time": 1716648143.7563622, "execution": {"hostname": "escience-taps", "execution_start_time": 1716648143.4495935, "execution_end_time": 1716648143.713111, "task_start_time": 1716648143.4496, "task_end_time": 1716648143.713093, "input_transform_start_time": 1716648143.4495964, "input_transform_end_time": 1716648143.4496, "result_transform_start_time": 1716648143.7130942, "result_transform_end_time": 1716648143.7131107}}
{"task_id": "cc89048a-f38b-4dfd-bcf6-d58d5b4ad07a", "function_name": "_map_function_for_enron_run_mode", "parent_task_ids": [], "submit_time": 1716648142.691339, "received_time": 1716648143.8520896, "execution": {"hostname": "escience-taps", "execution_start_time": 1716648143.5506248, "execution_end_time": 1716648143.8236787, "task_start_time": 1716648143.550633, "task_end_time": 1716648143.823665, "input_transform_start_time": 1716648143.550628, "input_transform_end_time": 1716648143.550633, "result_transform_start_time": 1716648143.8236659, "result_transform_end_time": 1716648143.8236785}}
{"task_id": "78528fe5-4880-4cd5-8d29-69522a998586", "function_name": "_map_function_for_enron_run_mode", "parent_task_ids": [], "submit_time": 1716648142.6893935, "received_time": 1716648144.0806956, "execution": {"hostname": "escience-taps", "execution_start_time": 1716648143.5654278, "execution_end_time": 1716648144.0346384, "task_start_time": 1716648143.5654361, "task_end_time": 1716648144.0346177, "input_transform_start_time": 1716648143.565431, "input_transform_end_time": 1716648143.565436, "result_transform_start_time": 1716648144.0346181, "result_transform_end_time": 1716648144.0346382}}
{"task_id": "f92bd14f-d9ab-43a2-9318-071d53367242", "function_name": "_map_function_for_enron_run_mode", "parent_task_ids": [], "submit_time": 1716648142.6886482, "received_time": 1716648144.0975246, "execution": {"hostname": "escience-taps", "execution_start_time": 1716648143.4931705, "execution_end_time": 1716648144.056279, "task_start_time": 1716648143.493177, "task_end_time": 1716648144.056263, "input_transform_start_time": 1716648143.4931734, "input_transform_end_time": 1716648143.493177, "result_transform_start_time": 1716648144.0562646, "result_transform_end_time": 1716648144.056279}}
{"task_id": "6960970e-c6c4-4e6e-9e50-cb5ed2cd2b31", "function_name": "_map_function_for_enron_run_mode", "parent_task_ids": [], "submit_time": 1716648142.6865792, "received_time": 1716648144.1085317, "execution": {"hostname": "escience-taps", "execution_start_time": 1716648143.6409113, "execution_end_time": 1716648144.070489, "task_start_time": 1716648143.6409183, "task_end_time": 1716648144.0704777, "input_transform_start_time": 1716648143.6409142, "input_transform_end_time": 1716648143.6409183, "result_transform_start_time": 1716648144.0704787, "result_transform_end_time": 1716648144.070489}}
{"task_id": "4f162bcb-0669-47b6-8147-246b59944fe1", "function_name": "_map_function_for_enron_run_mode", "parent_task_ids": [], "submit_time": 1716648142.6877143, "received_time": 1716648144.1697698, "execution": {"hostname": "escience-taps", "execution_start_time": 1716648143.40683, "execution_end_time": 1716648144.1143644, "task_start_time": 1716648143.4068377, "task_end_time": 1716648144.1143537, "input_transform_start_time": 1716648143.4068336, "input_transform_end_time": 1716648143.4068377, "result_transform_start_time": 1716648144.114354, "result_transform_end_time": 1716648144.1143641}}
{"task_id": "b6167576-fff3-4653-b996-d2fda3f39ffb", "function_name": "_map_function_for_enron_run_mode", "parent_task_ids": [], "submit_time": 1716648142.6911595, "received_time": 1716648144.1880844, "execution": {"hostname": "escience-taps", "execution_start_time": 1716648143.421084, "execution_end_time": 1716648144.1296623, "task_start_time": 1716648143.421091, "task_end_time": 1716648144.1296504, "input_transform_start_time": 1716648143.4210868, "input_transform_end_time": 1716648143.421091, "result_transform_start_time": 1716648144.1296513, "result_transform_end_time": 1716648144.129662}}
{"task_id": "30020233-a67b-4339-841f-4b73f1ef9395", "function_name": "_map_function_for_enron_run_mode", "parent_task_ids": [], "submit_time": 1716648142.6867712, "received_time": 1716648144.274901, "execution": {"hostname": "escience-taps", "execution_start_time": 1716648143.4445446, "execution_end_time": 1716648144.220351, "task_start_time": 1716648143.4445536, "task_end_time": 1716648144.2203376, "input_transform_start_time": 1716648143.4445477, "input_transform_end_time": 1716648143.4445536, "result_transform_start_time": 1716648144.220339, "result_transform_end_time": 1716648144.220351}}
{"task_id": "584236d4-5e61-4f92-bd0c-d0cbb49efcb6", "function_name": "_map_function_for_enron_run_mode", "parent_task_ids": [], "submit_time": 1716648142.68699, "received_time": 1716648144.2974572, "execution": {"hostname": "escience-taps", "execution_start_time": 1716648143.4475865, "execution_end_time": 1716648144.2405958, "task_start_time": 1716648143.4475946, "task_end_time": 1716648144.240581, "input_transform_start_time": 1716648143.4475894, "input_transform_end_time": 1716648143.4475946, "result_transform_start_time": 1716648144.2405827, "result_transform_end_time": 1716648144.2405953}}
{"task_id": "5e71f2bf-f4d6-4ee5-9299-b86ad5300a9c", "function_name": "_map_function_for_enron_run_mode", "parent_task_ids": [], "submit_time": 1716648142.690173, "received_time": 1716648144.3546898, "execution": {"hostname": "escience-taps", "execution_start_time": 1716648143.508858, "execution_end_time": 1716648144.2788043, "task_start_time": 1716648143.5088673, "task_end_time": 1716648144.2787907, "input_transform_start_time": 1716648143.5088608, "input_transform_end_time": 1716648143.508867, "result_transform_start_time": 1716648144.278791, "result_transform_end_time": 1716648144.2788043}}
{"task_id": "d96a3c20-e0e9-441d-ac7a-ca6ce49719bc", "function_name": "_map_function_for_enron_run_mode", "parent_task_ids": [], "submit_time": 1716648142.6905909, "received_time": 1716648144.3790262, "execution": {"hostname": "escience-taps", "execution_start_time": 1716648143.5089607, "execution_end_time": 1716648144.3114371, "task_start_time": 1716648143.5089695, "task_end_time": 1716648144.311417, "input_transform_start_time": 1716648143.5089638, "input_transform_end_time": 1716648143.5089693, "result_transform_start_time": 1716648144.311418, "result_transform_end_time": 1716648144.311437}}
{"task_id": "229033a3-d308-43c8-9fed-cf93661673bc", "function_name": "_map_function_for_enron_run_mode", "parent_task_ids": [], "submit_time": 1716648142.6817803, "received_time": 1716648144.4026299, "execution": {"hostname": "escience-taps", "execution_start_time": 1716648143.5991936, "execution_end_time": 1716648144.3377934, "task_start_time": 1716648143.5992014, "task_end_time": 1716648144.3377805, "input_transform_start_time": 1716648143.5991967, "input_transform_end_time": 1716648143.5992014, "result_transform_start_time": 1716648144.3377824, "result_transform_end_time": 1716648144.337793}}
{"task_id": "d5fc0a9c-df44-4fe7-adf0-a92aad7e97d6", "function_name": "_map_function_for_enron_run_mode", "parent_task_ids": [], "submit_time": 1716648142.687912, "received_time": 1716648144.4476457, "execution": {"hostname": "escience-taps", "execution_start_time": 1716648143.6160052, "execution_end_time": 1716648144.3987408, "task_start_time": 1716648143.6160126, "task_end_time": 1716648144.3987007, "input_transform_start_time": 1716648143.616008, "input_transform_end_time": 1716648143.6160126, "result_transform_start_time": 1716648144.3987026, "result_transform_end_time": 1716648144.3987405}}
{"task_id": "847ef1ba-8f18-44ca-b586-836706690890", "function_name": "_map_function_for_enron_run_mode", "parent_task_ids": [], "submit_time": 1716648142.6873565,