{"task_id": "5a1cd6ca-9613-4316-af7f-0d14e380df80", "function_name": "id", "parent_task_ids": [], "submit_time": 1716758457.9118745, "received_time": 1716758457.9202101, "execution": {"hostname": "escience-taps", "execution_start_time": 1716758457.9190922, "execution_end_time": 1716758457.9191668, "task_start_time": 1716758457.919143, "task_end_time": 1716758457.9191442, "input_transform_start_time": 1716758457.9191117, "input_transform_end_time": 1716758457.9191427, "result_transform_start_time": 1716758457.9191444, "result_transform_end_time": 1716758457.9191666}}
{"task_id": "8d11e7e9-22e7-4ff6-8397-85996892e607", "function_name": "noop_task", "parent_task_ids": [], "submit_time": 1716758457.9510088, "received_time": 1716758458.0090346, "execution": {"hostname": "escience-taps", "execution_start_time": 1716758457.969185, "execution_end_time": 1716758457.9946826, "task_start_time": 1716758457.9692092, "task_end_time": 1716758457.9946501, "input_transform_start_time": 1716758457.9692001, "input_transform_end_time": 1716758457.9692087, "result_transform_start_time": 1716758457.9946504, "result_transform_end_time": 1716758457.9946823}}
{"task_id": "3608ffa8-1b0c-459d-8699-1584503cc904", "function_name": "noop_task", "parent_task_ids": [], "submit_time": 1716758458.0370944, "received_time": 1716758458.075388, "execution": {"hostname": "escience-taps", "execution_start_time": 1716758458.0458176, "execution_end_time": 1716758458.0681784, "task_start_time": 1716758458.0458393, "task_end_time": 1716758458.0681658, "input_transform_start_time": 1716758458.0458312, "input_transform_end_time": 1716758458.045839, "result_transform_start_time": 1716758458.0681658, "result_transform_end_time": 1716758458.0681782}}
{"task_id": "4ebcc5bc-4084-454b-b813-cd999e27f1d8", "function_name": "noop_task", "parent_task_ids": [], "submit_time": 1716758458.0978527, "received_time": 1716758458.1386182, "execution": {"hostname": "escience-taps", "execution_start_time": 1716758458.10901, "execution_end_time": 1716758458.131234, "task_start_time": 1716758458.1090374, "task_end_time": 1716758458.1312213, "input_transform_start_time": 1716758458.1090274, "input_transform_end_time": 1716758458.1090374, "result_transform_start_time": 1716758458.1312213, "result_transform_end_time": 1716758458.131234}}
{"task_id": "6a23baec-f9fd-49d7-9e64-ecdba7398e68", "function_name": "noop_task", "parent_task_ids": [], "submit_time": 1716758458.1612601, "received_time": 1716758458.2014964, "execution": {"hostname": "escience-taps", "execution_start_time": 1716758458.1721532, "execution_end_time": 1716758458.1942472, "task_start_time": 1716758458.172171, "task_end_time": 1716758458.194234, "input_transform_start_time": 1716758458.1721632, "input_transform_end_time": 1716758458.1721706, "result_transform_start_time": 1716758458.1942341, "result_transform_end_time": 1716758458.194247}}
{"task_id": "d399a205-62eb-4578-bad7-29ab144bbda4", "function_name": "noop_task", "parent_task_ids": [], "submit_time": 1716758458.2242432, "received_time": 1716758458.2630937, "execution": {"hostname": "escience-taps", "execution_start_time": 1716758458.2345424, "execution_end_time": 1716758458.256236, "task_start_time": 1716758458.2345576, "task_end_time": 1716758458.2562227, "input_transform_start_time": 1716758458.2345512, "input_transform_end_time": 1716758458.2345574, "result_transform_start_time": 1716758458.256223, "result_transform_end_time": 1716758458.2562358}}
{"task_id": "8c2d7178-bad3-42e2-94df-c65d0a64e4bc", "function_name": "noop_task", "parent_task_ids": [], "submit_time": 1716758458.2855227, "received_time": 1716758458.3247678, "execution": {"hostname": "escience-taps", "execution_start_time": 1716758458.2958949, "execution_end_time": 1716758458.3178647, "task_start_time": 1716758458.295912, "task_end_time": 1716758458.317843, "input_transform_start_time": 1716758458.2959044, "input_transform_end_time": 1716758458.2959118, "result_transform_start_time": 1716758458.317843, "result_transform_end_time": 1716758458.3178647}}
{"task_id": "a0e6510c-8c3c-4164-8623-586bc9bdac8c", "function_name": "noop_task", "parent_task_ids": [], "submit_time": 1716758458.3472884, "received_time": 1716758458.3865917, "execution": {"hostname": "escience-taps", "execution_start_time": 1716758458.3574507, "execution_end_time": 1716758458.3796337, "task_start_time": 1716758458.3574686, "task_end_time": 1716758458.379622, "input_transform_start_time": 1716758458.3574615, "input_transform_end_time": 1716758458.3574684, "result_transform_start_time": 1716758458.3796222, "result_transform_end_time": 1716758458.3796334}}
{"task_id": "67dd0c40-ed69-4c38-a8c3-0099be43fcda", "function_name": "noop_task", "parent_task_ids": [], "submit_time": 1716758458.4091508, "received_time": 1716758458.4509037, "execution": {"hostname": "escience-taps", "execution_start_time": 1716758458.4227138, "execution_end_time": 1716758458.4447503, "task_start_time": 1716758458.4227312, "task_end_time": 1716758458.444732, "input_transform_start_time": 1716758458.4227252, "input_transform_end_time": 1716758458.422731, "result_transform_start_time": 1716758458.4447322, "result_transform_end_time": 1716758458.44475}}
{"task_id": "30a825e1-418c-479b-8213-c40059cfb8b8", "function_name": "noop_task", "parent_task_ids": [], "submit_time": 1716758458.471294, "received_time": 1716758458.5084357, "execution": {"hostname": "escience-taps", "execution_start_time": 1716758458.481373, "execution_end_time": 1716758458.5033772, "task_start_time": 1716758458.4813852, "task_end_time": 1716758458.503355, "input_transform_start_time": 1716758458.4813793, "input_transform_end_time": 1716758458.4813852, "result_transform_start_time": 1716758458.5033557, "result_transform_end_time": 1716758458.5033772}}
{"task_id": "794081a1-2333-426d-8035-6472ca9031bc", "function_name": "noop_task", "parent_task_ids": [], "submit_time": 1716758458.528869, "received_time": 1716758458.5666695, "execution": {"hostname": "escience-taps", "execution_start_time": 1716758458.5393965, "execution_end_time": 1716758458.5613482, "task_start_time": 1716758458.5394163, "task_end_time": 1716758458.561337, "input_transform_start_time": 1716758458.539409, "input_transform_end_time": 1716758458.539416, "result_transform_start_time": 1716758458.561337, "result_transform_end_time": 1716758458.5613477}}
