{"task_id": "4edfdfd6-b79a-43a1-b39c-58c101a321dd", "function_name": "_map_function_for_enron_run_mode", "parent_task_ids": [], "submit_time": 1716648112.7738078, "received_time": 1716648113.8452756, "execution": {"hostname": "escience-taps", "execution_start_time": 1716648113.5432959, "execution_end_time": 1716648113.8044744, "task_start_time": 1716648113.5433035, "task_end_time": 1716648113.8044615, "input_transform_start_time": 1716648113.5432985, "input_transform_end_time": 1716648113.5433035, "result_transform_start_time": 1716648113.804463, "result_transform_end_time": 1716648113.804474}}
{"task_id": "f2ea9288-c28e-4ff2-80f2-be9cf416aea4", "function_name": "_map_function_for_enron_run_mode", "parent_task_ids": [], "submit_time": 1716648112.7755535, "received_time": 1716648113.8585129, "execution": {"hostname": "escience-taps", "execution_start_time": 1716648113.5486045, "execution_end_time": 1716648113.8247275, "task_start_time": 1716648113.548613, "task_end_time": 1716648113.8247154, "input_transform_start_time": 1716648113.5486076, "input_transform_end_time": 1716648113.548613, "result_transform_start_time": 1716648113.824716, "result_transform_end_time": 1716648113.8247275}}
{"task_id": "f3e49c10-21a2-4acb-b233-ee536f5d8a80", "function_name": "_map_function_for_enron_run_mode", "parent_task_ids": [], "submit_time": 1716648112.7706466, "received_time": 1716648114.0134919, "execution": {"hostname": "escience-taps", "execution_start_time": 1716648113.545107, "execution_end_time": 1716648113.983408, "task_start_time": 1716648113.5451152, "task_end_time": 1716648113.9833956, "input_transform_start_time": 1716648113.5451097, "input_transform_end_time": 1716648113.5451152, "result_transform_start_time": 1716648113.9833965, "result_transform_end_time": 1716648113.983408}}
{"task_id": "bf29cc05-01bd-4823-9c28-255a3ce0535e", "function_name": "_map_function_for_enron_run_mode", "parent_task_ids": [], "submit_time": 1716648112.7727072, "received_time": 1716648114.0348542, "execution": {"hostname": "escience-taps", "execution_start_time": 1716648113.444653, "execution_end_time": 1716648113.9842818, "task_start_time": 1716648113.4446588, "task_end_time": 1716648113.9842753, "input_transform_start_time": 1716648113.4446554, "input_transform_end_time": 1716648113.4446588, "result_transform_start_time": 1716648113.9842763, "result_transform_end_time": 1716648113.9842818}}
{"task_id": "5090007e-de0f-4a29-97a1-a006d0629a8c", "function_name": "_map_function_for_enron_run_mode", "parent_task_ids": [], "submit_time": 1716648112.773443, "received_time": 1716648114.0583203, "execution": {"hostname": "escience-taps", "execution_start_time": 1716648113.5392568, "execution_end_time": 1716648114.0196598, "task_start_time": 1716648113.5392654, "task_end_time": 1716648114.0196486, "input_transform_start_time": 1716648113.5392597, "input_transform_end_time": 1716648113.5392654, "result_transform_start_time": 1716648114.0196493, "result_transform_end_time": 1716648114.0196598}}
{"task_id": "298e4ef2-e666-4cf1-8998-53e77ea5c671", "function_name": "_map_function_for_enron_run_mode", "parent_task_ids": [], "submit_time": 1716648112.7742288, "received_time": 1716648114.3203194, "execution": {"hostname": "escience-taps", "execution_start_time": 1716648113.5044932, "execution_end_time": 1716648114.2393966, "task_start_time": 1716648113.5044997, "task_end_time": 1716648114.2393851, "input_transform_start_time": 1716648113.5044963, "input_transform_end_time": 1716648113.5044997, "result_transform_start_time": 1716648114.2393854, "result_transform_end_time": 1716648114.2393966}}
{"task_id": "2d63b373-db86-45a7-ba39-b026a5a9e28a", "function_name": "_map_function_for_enron_run_mode", "parent_task_ids": [], "submit_time": 1716648112.77531, "received_time": 1716648114.3388467, "execution": {"hostname": "escience-taps", "execution_start_time": 1716648113.5474417, "execution_end_time": 1716648114.2670414, "task_start_time": 1716648113.5474515, "task_end_time": 1716648114.267029, "input_transform_start_time": 1716648113.5474453, "input_transform_end_time": 1716648113.547451, "result_transform_start_time": 1716648114.2670302, "result_transform_end_time": 1716648114.2670414}}
{"task_id": "5b26c034-04bb-4203-85ad-6cb354faad22", "function_name": "_map_function_for_enron_run_mode", "parent_task_ids": [], "submit_time": 1716648112.7717834, "received_time": 1716648114.4476483, "execution": {"hostname": "escience-taps", "execution_start_time": 1716648113.6598978, "execution_end_time": 1716648114.3855278, "task_start_time": 1716648113.6599045, "task_end_time": 1716648114.385516, "input_transform_start_time": 1716648113.6599011, "input_transform_end_time": 1716648113.6599045, "result_transform_start_time": 1716648114.3855171, "result_transform_end_time": 1716648114.3855276}}
{"task_id": "d52d6be6-2ceb-4724-a476-cb3087e4b55c", "function_name": "_map_function_for_enron_run_mode", "parent_task_ids": [], "submit_time": 1716648112.7710636, "received_time": 1716648114.4749882, "execution": {"hostname": "escience-taps", "execution_start_time": 1716648113.6356468, "execution_end_time": 1716648114.418735, "task_start_time": 1716648113.6356525, "task_end_time": 1716648114.4187233, "input_transform_start_time": 1716648113.6356492, "input_transform_end_time": 1716648113.6356525, "result_transform_start_time": 1716648114.4187245, "result_transform_end_time": 1716648114.4187348}}
{"task_id": "ccd83d32-21e4-40b1-9695-49c9091ab0c7", "function_name": "_map_function_for_enron_run_mode", "parent_task_ids": [], "submit_time": 1716648112.7745845, "received_time": 1716648114.5394595, "execution": {"hostname": "escience-taps", "execution_start_time": 1716648113.6914792, "execution_end_time": 1716648114.4837058, "task_start_time": 1716648113.6914876, "task_end_time": 1716648114.4836664, "input_transform_start_time": 1716648113.691482, "input_transform_end_time": 1716648113.6914876, "result_transform_start_time": 1716648114.4836674, "result_transform_end_time": 1716648114.4837055}}
{"task_id": "b69a7013-9591-4a98-a77b-8665510101b3", "function_name": "_map_function_for_enron_run_mode", "parent_task_ids": [], "submit_time": 1716648112.7719772, "received_time": 1716648114.5619187, "execution": {"hostname": "escience-taps", "execution_start_time": 1716648113.7135177, "execution_end_time": 1716648114.4952302, "task_start_time": 1716648113.713525, "task_end_time": 1716648114.49519, "input_transform_start_time": 1716648113.7135203, "input_transform_end_time": 1716648113.713525, "result_transform_start_time": 1716648114.495191, "result_transform_end_time": 1716648114.49523}}
{"task_id": "fe572ccd-2a42-4506-9888-94f2d14cb843", "function_name": "_map_function_for_enron_run_mode", "parent_task_ids": [], "submit_time": 1716648112.7708416, "received_time": 1716648114.5837042, "execution": {"hostname": "escience-taps", "execution_start_time": 1716648113.6913042, "execution_end_time": 1716648114.4869745, "task_start_time": 1716648113.6913123, "task_end_time": 1716648114.4867864, "input_transform_start_time": 1716648113.6913073, "input_transform_end_time": 1716648113.691312, "result_transform_start_time": 1716648114.486787, "result_transform_end_time": 1716648114.4869745}}
{"task_id": "e9bcd53f-01b3-49af-abef-6e6b99a1497f", "function_name": "_map_function_for_enron_run_mode", "parent_task_ids": [], "submit_time": 1716648112.7658277, "received_time": 1716648114.6081753, "execution": {"hostname": "escience-taps", "execution_start_time": 1716648113.7785375, "execution_end_time": 1716648114.5357423, "task_start_time": 1716648113.7785442, "task_end_time": 1716648114.535662, "input_transform_start_time": 1716648113.7785404, "input_transform_end_time": 1716648113.778544, "result_transform_start_time": 1716648114.535663, "result_transform_end_time": 1716648114.535742}}
{"task_id": "a6dceee1-3762-488f-bdb0-715ce8130a5e", "function_name": "_map_function_for_enron_run_mode", "parent_task_ids": [], "submit_time": 1716648112.7700436,