{"task_id": "023376de-4db9-4571-af97-6ba97eb0745e", "function_name": "id", "parent_task_ids": [], "submit_time": 1716761268.8850188, "received_time": 1716761270.66016, "execution": {"hostname": "escience-taps", "execution_start_time": 1716761269.4978247, "execution_end_time": 1716761269.4978607, "task_start_time": 1716761269.4978487, "task_end_time": 1716761269.4978507, "input_transform_start_time": 1716761269.4978366, "input_transform_end_time": 1716761269.4978485, "result_transform_start_time": 1716761269.4978507, "result_transform_end_time": 1716761269.4978604}}
{"task_id": "868022a5-30d7-4717-8c4e-7bdd2fd1a679", "function_name": "noop_task", "parent_task_ids": [], "submit_time": 1716761270.6655266, "received_time": 1716761272.1629345, "execution": {"hostname": "escience-taps", "execution_start_time": 1716761271.822796, "execution_end_time": 1716761271.8286405, "task_start_time": 1716761271.8228073, "task_end_time": 1716761271.8277817, "input_transform_start_time": 1716761271.822802, "input_transform_end_time": 1716761271.8228073, "result_transform_start_time": 1716761271.827782, "result_transform_end_time": 1716761271.8286402}}
{"task_id": "e0d8791a-94d7-459b-aa4d-5d0a3a587508", "function_name": "noop_task", "parent_task_ids": [], "submit_time": 1716761272.1721065, "received_time": 1716761272.6643648, "execution": {"hostname": "escience-taps", "execution_start_time": 1716761272.2836473, "execution_end_time": 1716761272.2918785, "task_start_time": 1716761272.2836864, "task_end_time": 1716761272.2902455, "input_transform_start_time": 1716761272.2836716, "input_transform_end_time": 1716761272.2836862, "result_transform_start_time": 1716761272.2902458, "result_transform_end_time": 1716761272.2918782}}
{"task_id": "bc5443da-9261-4abe-98f8-8e522e6f0f22", "function_name": "noop_task", "parent_task_ids": [], "submit_time": 1716761272.6738942, "received_time": 1716761273.1657236, "execution": {"hostname": "escience-taps", "execution_start_time": 1716761272.7792506, "execution_end_time": 1716761272.789078, "task_start_time": 1716761272.7792833, "task_end_time": 1716761272.7872121, "input_transform_start_time": 1716761272.7792695, "input_transform_end_time": 1716761272.779283, "result_transform_start_time": 1716761272.7872126, "result_transform_end_time": 1716761272.7890775}}
{"task_id": "3a9b10da-452c-41a5-ae6c-5f6db97e02e0", "function_name": "noop_task", "parent_task_ids": [], "submit_time": 1716761273.1722655, "received_time": 1716761273.6667674, "execution": {"hostname": "escience-taps", "execution_start_time": 1716761273.2665372, "execution_end_time": 1716761273.2769125, "task_start_time": 1716761273.2665744, "task_end_time": 1716761273.274672, "input_transform_start_time": 1716761273.2665596, "input_transform_end_time": 1716761273.2665744, "result_transform_start_time": 1716761273.274673, "result_transform_end_time": 1716761273.2769115}}
{"task_id": "12dfb5f0-24ac-411d-9864-1fc10afa8478", "function_name": "noop_task", "parent_task_ids": [], "submit_time": 1716761273.6760943, "received_time": 1716761274.16802, "execution": {"hostname": "escience-taps", "execution_start_time": 1716761273.7744386, "execution_end_time": 1716761273.7841358, "task_start_time": 1716761273.7744715, "task_end_time": 1716761273.7821684, "input_transform_start_time": 1716761273.7744594, "input_transform_end_time": 1716761273.7744713, "result_transform_start_time": 1716761273.7821689, "result_transform_end_time": 1716761273.7841353}}
{"task_id": "1c95c7ab-0ea0-4851-a8f9-c114b6a58d53", "function_name": "noop_task", "parent_task_ids": [], "submit_time": 1716761274.1777937, "received_time": 1716761274.669653, "execution": {"hostname": "escience-taps", "execution_start_time": 1716761274.292041, "execution_end_time": 1716761274.301968, "task_start_time": 1716761274.292076, "task_end_time": 1716761274.300098, "input_transform_start_time": 1716761274.292063, "input_transform_end_time": 1716761274.2920759, "result_transform_start_time": 1716761274.3000987, "result_transform_end_time": 1716761274.3019676}}
{"task_id": "743c8a49-fc6e-4e45-af99-38ede145772b", "function_name": "noop_task", "parent_task_ids": [], "submit_time": 1716761274.678611, "received_time": 1716761275.1711156, "execution": {"hostname": "escience-taps", "execution_start_time": 1716761274.7794316, "execution_end_time": 1716761274.7883239, "task_start_time": 1716761274.7794645, "task_end_time": 1716761274.786867, "input_transform_start_time": 1716761274.7794514, "input_transform_end_time": 1716761274.7794642, "result_transform_start_time": 1716761274.7868674, "result_transform_end_time": 1716761274.7883236}}
{"task_id": "6c045efb-3ad1-4ebc-95af-b61155b78517", "function_name": "noop_task", "parent_task_ids": [], "submit_time": 1716761275.1776643, "received_time": 1716761275.6721659, "execution": {"hostname": "escience-taps", "execution_start_time": 1716761275.2763808, "execution_end_time": 1716761275.2863376, "task_start_time": 1716761275.2764113, "task_end_time": 1716761275.2844603, "input_transform_start_time": 1716761275.2763984, "input_transform_end_time": 1716761275.276411, "result_transform_start_time": 1716761275.2844605, "result_transform_end_time": 1716761275.2863371}}
{"task_id": "ac0cea60-b8be-4244-a42b-76a24b5410cd", "function_name": "noop_task", "parent_task_ids": [], "submit_time": 1716761275.6810439, "received_time": 1716761276.1732864, "execution": {"hostname": "escience-taps", "execution_start_time": 1716761275.783646, "execution_end_time": 1716761275.7933567, "task_start_time": 1716761275.783683, "task_end_time": 1716761275.7914329, "input_transform_start_time": 1716761275.7836668, "input_transform_end_time": 1716761275.7836826, "result_transform_start_time": 1716761275.7914336, "result_transform_end_time": 1716761275.7933557}}
{"task_id": "b256f2ff-31e6-4191-a257-3577565aa9b3", "function_name": "noop_task", "parent_task_ids": [], "submit_time": 1716761276.1803105, "received_time": 1716761276.6749475, "execution": {"hostname": "escience-taps", "execution_start_time": 1716761276.27885, "execution_end_time": 1716761276.288599, "task_start_time": 1716761276.2788823, "task_end_time": 1716761276.2870433, "input_transform_start_time": 1716761276.2788687, "input_transform_end_time": 1716761276.278882, "result_transform_start_time": 1716761276.2870438, "result_transform_end_time": 1716761276.2885985}}
