{"task_id": "14265cd7-1340-4568-9138-fbd3859287fb", "function_name": "id", "parent_task_ids": [], "submit_time": 1716761031.6630034, "received_time": 1716761034.224105, "execution": {"hostname": "escience-taps", "execution_start_time": 1716761031.9475896, "execution_end_time": 1716761031.9476163, "task_start_time": 1716761031.947606, "task_end_time": 1716761031.9476073, "input_transform_start_time": 1716761031.9475975, "input_transform_end_time": 1716761031.947606, "result_transform_start_time": 1716761031.9476075, "result_transform_end_time": 1716761031.9476163}}
{"task_id": "a049b57e-ee7f-4e9e-b4d4-1212ae09e7c9", "function_name": "noop_task", "parent_task_ids": [], "submit_time": 1716761034.2318516, "received_time": 1716761034.7260172, "execution": {"hostname": "escience-taps", "execution_start_time": 1716761034.4021895, "execution_end_time": 1716761034.4082084, "task_start_time": 1716761034.4022152, "task_end_time": 1716761034.4068956, "input_transform_start_time": 1716761034.4022048, "input_transform_end_time": 1716761034.402215, "result_transform_start_time": 1716761034.4068959, "result_transform_end_time": 1716761034.4082081}}
{"task_id": "f62e748e-c581-4849-8114-6e42d2f45453", "function_name": "noop_task", "parent_task_ids": [], "submit_time": 1716761034.732726, "received_time": 1716761035.2268612, "execution": {"hostname": "escience-taps", "execution_start_time": 1716761034.8437648, "execution_end_time": 1716761034.84748, "task_start_time": 1716761034.8437874, "task_end_time": 1716761034.8465436, "input_transform_start_time": 1716761034.8437793, "input_transform_end_time": 1716761034.8437872, "result_transform_start_time": 1716761034.8465438, "result_transform_end_time": 1716761034.8474798}}
{"task_id": "16e28ce6-96a5-4381-9237-db756a0478d6", "function_name": "noop_task", "parent_task_ids": [], "submit_time": 1716761035.2334065, "received_time": 1716761035.7285914, "execution": {"hostname": "escience-taps", "execution_start_time": 1716761035.3349743, "execution_end_time": 1716761035.3398008, "task_start_time": 1716761035.334997, "task_end_time": 1716761035.3382485, "input_transform_start_time": 1716761035.3349888, "input_transform_end_time": 1716761035.3349967, "result_transform_start_time": 1716761035.3382487, "result_transform_end_time": 1716761035.3398006}}
{"task_id": "380f9296-85bd-4c6b-891f-c1995c19beb5", "function_name": "noop_task", "parent_task_ids": [], "submit_time": 1716761035.7352114, "received_time": 1716761036.2295995, "execution": {"hostname": "escience-taps", "execution_start_time": 1716761035.8475122, "execution_end_time": 1716761035.852921, "task_start_time": 1716761035.8475332, "task_end_time": 1716761035.8513207, "input_transform_start_time": 1716761035.8475251, "input_transform_end_time": 1716761035.8475332, "result_transform_start_time": 1716761035.851321, "result_transform_end_time": 1716761035.8529208}}
{"task_id": "c6dd6dd3-af04-40c2-a79f-bcf4bef43647", "function_name": "noop_task", "parent_task_ids": [], "submit_time": 1716761036.2360783, "received_time": 1716761036.7305717, "execution": {"hostname": "escience-taps", "execution_start_time": 1716761036.3398871, "execution_end_time": 1716761036.34363, "task_start_time": 1716761036.3399107, "task_end_time": 1716761036.3426757, "input_transform_start_time": 1716761036.3399024, "input_transform_end_time": 1716761036.3399107, "result_transform_start_time": 1716761036.342676, "result_transform_end_time": 1716761036.34363}}
{"task_id": "022c0ae1-7a41-4326-8fcf-1d2d7808f52a", "function_name": "noop_task", "parent_task_ids": [], "submit_time": 1716761036.7371728, "received_time": 1716761037.2317805, "execution": {"hostname": "escience-taps", "execution_start_time": 1716761036.8403876, "execution_end_time": 1716761036.8440225, "task_start_time": 1716761036.8404088, "task_end_time": 1716761036.8431647, "input_transform_start_time": 1716761036.8404002, "input_transform_end_time": 1716761036.8404086, "result_transform_start_time": 1716761036.843165, "result_transform_end_time": 1716761036.8440223}}
{"task_id": "bccba694-192a-49eb-b8a3-12d7f4d8ed66", "function_name": "noop_task", "parent_task_ids": [], "submit_time": 1716761037.2410119, "received_time": 1716761038.234546, "execution": {"hostname": "escience-taps", "execution_start_time": 1716761037.9054933, "execution_end_time": 1716761037.9090228, "task_start_time": 1716761037.905504, "task_end_time": 1716761037.908156, "input_transform_start_time": 1716761037.9054992, "input_transform_end_time": 1716761037.905504, "result_transform_start_time": 1716761037.9081562, "result_transform_end_time": 1716761037.9090228}}
{"task_id": "23fb6350-040b-4212-bbc6-2e836b17a3df", "function_name": "noop_task", "parent_task_ids": [], "submit_time": 1716761038.2411442, "received_time": 1716761039.236552, "execution": {"hostname": "escience-taps", "execution_start_time": 1716761038.9150555, "execution_end_time": 1716761038.918975, "task_start_time": 1716761038.915066, "task_end_time": 1716761038.9177015, "input_transform_start_time": 1716761038.9150615, "input_transform_end_time": 1716761038.915066, "result_transform_start_time": 1716761038.9177017, "result_transform_end_time": 1716761038.918975}}
{"task_id": "a9b89198-707a-47be-b904-ce1a4c93ce67", "function_name": "noop_task", "parent_task_ids": [], "submit_time": 1716761039.2431383, "received_time": 1716761040.2383661, "execution": {"hostname": "escience-taps", "execution_start_time": 1716761039.9223242, "execution_end_time": 1716761039.9261515, "task_start_time": 1716761039.922335, "task_end_time": 1716761039.925028, "input_transform_start_time": 1716761039.9223301, "input_transform_end_time": 1716761039.922335, "result_transform_start_time": 1716761039.9250283, "result_transform_end_time": 1716761039.9261513}}
{"task_id": "373a991b-b519-4c21-8b8e-8a7fb67057a9", "function_name": "noop_task", "parent_task_ids": [], "submit_time": 1716761040.2450628, "received_time": 1716761041.2403674, "execution": {"hostname": "escience-taps", "execution_start_time": 1716761040.9181275, "execution_end_time": 1716761040.9221222, "task_start_time": 1716761040.9181392, "task_end_time": 1716761040.920754, "input_transform_start_time": 1716761040.9181337, "input_transform_end_time": 1716761040.9181392, "result_transform_start_time": 1716761040.9207542, "result_transform_end_time": 1716761040.922122}}
