{"task_id": "424d9b41-4233-41d1-b2ff-e7f556e15e9f", "function_name": "id", "parent_task_ids": [], "submit_time": 1716761094.6582267, "received_time": 1716761096.463765, "execution": {"hostname": "escience-taps", "execution_start_time": 1716761095.2660682, "execution_end_time": 1716761095.2660964, "task_start_time": 1716761095.2660863, "task_end_time": 1716761095.266088, "input_transform_start_time": 1716761095.266077, "input_transform_end_time": 1716761095.266086, "result_transform_start_time": 1716761095.266088, "result_transform_end_time": 1716761095.266096}}
{"task_id": "ff075ec9-878f-4f19-bb0b-f5a44763f612", "function_name": "noop_task", "parent_task_ids": [], "submit_time": 1716761096.522642, "received_time": 1716761097.4667537, "execution": {"hostname": "escience-taps", "execution_start_time": 1716761097.1144893, "execution_end_time": 1716761097.1493309, "task_start_time": 1716761097.1145132, "task_end_time": 1716761097.1423962, "input_transform_start_time": 1716761097.1145039, "input_transform_end_time": 1716761097.1145132, "result_transform_start_time": 1716761097.1423965, "result_transform_end_time": 1716761097.1493309}}
{"task_id": "bac218e5-47e9-4409-bc10-b48cfc094272", "function_name": "noop_task", "parent_task_ids": [], "submit_time": 1716761097.512182, "received_time": 1716761097.9681618, "execution": {"hostname": "escience-taps", "execution_start_time": 1716761097.6229448, "execution_end_time": 1716761097.658409, "task_start_time": 1716761097.6229627, "task_end_time": 1716761097.6501007, "input_transform_start_time": 1716761097.622955, "input_transform_end_time": 1716761097.6229625, "result_transform_start_time": 1716761097.650101, "result_transform_end_time": 1716761097.6584089}}
{"task_id": "1f85347e-ec0b-491c-b082-e9b4d775e643", "function_name": "noop_task", "parent_task_ids": [], "submit_time": 1716761097.994316, "received_time": 1716761098.4694397, "execution": {"hostname": "escience-taps", "execution_start_time": 1716761098.1022077, "execution_end_time": 1716761098.1368072, "task_start_time": 1716761098.1022239, "task_end_time": 1716761098.1300633, "input_transform_start_time": 1716761098.1022174, "input_transform_end_time": 1716761098.1022236, "result_transform_start_time": 1716761098.1300633, "result_transform_end_time": 1716761098.136807}}
{"task_id": "4a542269-f733-488e-b0df-5111dc5651dc", "function_name": "noop_task", "parent_task_ids": [], "submit_time": 1716761098.495059, "received_time": 1716761099.4718418, "execution": {"hostname": "escience-taps", "execution_start_time": 1716761098.742646, "execution_end_time": 1716761098.7810292, "task_start_time": 1716761098.7426722, "task_end_time": 1716761098.773497, "input_transform_start_time": 1716761098.7426615, "input_transform_end_time": 1716761098.742672, "result_transform_start_time": 1716761098.7734973, "result_transform_end_time": 1716761098.7810292}}
{"task_id": "92836681-9eaa-401d-ad13-f66380c35a7f", "function_name": "noop_task", "parent_task_ids": [], "submit_time": 1716761099.4980319, "received_time": 1716761099.9737966, "execution": {"hostname": "escience-taps", "execution_start_time": 1716761099.6144423, "execution_end_time": 1716761099.6529033, "task_start_time": 1716761099.614474, "task_end_time": 1716761099.6454477, "input_transform_start_time": 1716761099.6144607, "input_transform_end_time": 1716761099.614474, "result_transform_start_time": 1716761099.645448, "result_transform_end_time": 1716761099.652903}}
{"task_id": "3e0ef052-42bd-476a-bd66-23552112ad2e", "function_name": "noop_task", "parent_task_ids": [], "submit_time": 1716761099.9996917, "received_time": 1716761101.4771836, "execution": {"hostname": "escience-taps", "execution_start_time": 1716761100.7029872, "execution_end_time": 1716761100.7375124, "task_start_time": 1716761100.7029989, "task_end_time": 1716761100.730711, "input_transform_start_time": 1716761100.7029939, "input_transform_end_time": 1716761100.7029989, "result_transform_start_time": 1716761100.730711, "result_transform_end_time": 1716761100.7375124}}
{"task_id": "f6363ad6-b205-40c3-9e5f-3830263fa9da", "function_name": "noop_task", "parent_task_ids": [], "submit_time": 1716761101.5031908, "received_time": 1716761102.9798787, "execution": {"hostname": "escience-taps", "execution_start_time": 1716761102.1517515, "execution_end_time": 1716761102.1868398, "task_start_time": 1716761102.1517625, "task_end_time": 1716761102.1796675, "input_transform_start_time": 1716761102.1517575, "input_transform_end_time": 1716761102.1517625, "result_transform_start_time": 1716761102.1796677, "result_transform_end_time": 1716761102.1868396}}
{"task_id": "1019b512-8654-4f27-a9aa-eec725ebbdb5", "function_name": "noop_task", "parent_task_ids": [], "submit_time": 1716761103.0057094, "received_time": 1716761104.4825678, "execution": {"hostname": "escience-taps", "execution_start_time": 1716761103.6787505, "execution_end_time": 1716761103.7136025, "task_start_time": 1716761103.6787612, "task_end_time": 1716761103.706669, "input_transform_start_time": 1716761103.6787562, "input_transform_end_time": 1716761103.6787612, "result_transform_start_time": 1716761103.7066696, "result_transform_end_time": 1716761103.7136025}}
{"task_id": "12f36d57-7f5a-45d0-b96d-afad904ae811", "function_name": "noop_task", "parent_task_ids": [], "submit_time": 1716761104.5088444, "received_time": 1716761105.485165, "execution": {"hostname": "escience-taps", "execution_start_time": 1716761104.6250916, "execution_end_time": 1716761104.683726, "task_start_time": 1716761104.625121, "task_end_time": 1716761104.6768286, "input_transform_start_time": 1716761104.6251087, "input_transform_end_time": 1716761104.6251209, "result_transform_start_time": 1716761104.6768289, "result_transform_end_time": 1716761104.6837256}}
{"task_id": "da223f0a-bdb8-48c2-9b27-8dc91967453b", "function_name": "noop_task", "parent_task_ids": [], "submit_time": 1716761105.510824, "received_time": 1716761106.4875963, "execution": {"hostname": "escience-taps", "execution_start_time": 1716761105.6196468, "execution_end_time": 1716761105.683314, "task_start_time": 1716761105.6196847, "task_end_time": 1716761105.675752, "input_transform_start_time": 1716761105.6196682, "input_transform_end_time": 1716761105.6196845, "result_transform_start_time": 1716761105.6757524, "result_transform_end_time": 1716761105.683314}}
