{"task_id": "f60a9ab7-ef52-4ed7-9922-2bfdfebfbbb9", "function_name": "id", "parent_task_ids": [], "submit_time": 1716759295.8005917, "received_time": 1716759296.4519715, "execution": {"hostname": "escience-taps", "execution_start_time": 1716759296.447858, "execution_end_time": 1716759296.447868, "task_start_time": 1716759296.447864, "task_end_time": 1716759296.4478645, "input_transform_start_time": 1716759296.4478607, "input_transform_end_time": 1716759296.4478638, "result_transform_start_time": 1716759296.4478645, "result_transform_end_time": 1716759296.447868}}
{"task_id": "ccd065ee-81f2-4de1-920a-12c813f49867", "function_name": "noop_task", "parent_task_ids": [], "submit_time": 1716759296.4531765, "received_time": 1716759296.462216, "execution": {"hostname": "escience-taps", "execution_start_time": 1716759296.460581, "execution_end_time": 1716759296.460864, "task_start_time": 1716759296.4605875, "task_end_time": 1716759296.4608603, "input_transform_start_time": 1716759296.4605844, "input_transform_end_time": 1716759296.4605875, "result_transform_start_time": 1716759296.4608603, "result_transform_end_time": 1716759296.460864}}
{"task_id": "1a59a294-6734-4c54-bf13-008aaa72d4ac", "function_name": "noop_task", "parent_task_ids": [], "submit_time": 1716759296.4626448, "received_time": 1716759296.4666576, "execution": {"hostname": "escience-taps", "execution_start_time": 1716759296.4651165, "execution_end_time": 1716759296.465629, "task_start_time": 1716759296.4651296, "task_end_time": 1716759296.465622, "input_transform_start_time": 1716759296.4651234, "input_transform_end_time": 1716759296.4651294, "result_transform_start_time": 1716759296.4656224, "result_transform_end_time": 1716759296.4656289}}
{"task_id": "6e36903c-c045-4ab5-bf62-e941bbdd165a", "function_name": "noop_task", "parent_task_ids": [], "submit_time": 1716759296.4671135, "received_time": 1716759296.4707482, "execution": {"hostname": "escience-taps", "execution_start_time": 1716759296.4695616, "execution_end_time": 1716759296.4698577, "task_start_time": 1716759296.4695694, "task_end_time": 1716759296.469854, "input_transform_start_time": 1716759296.4695652, "input_transform_end_time": 1716759296.4695694, "result_transform_start_time": 1716759296.4698544, "result_transform_end_time": 1716759296.4698577}}
{"task_id": "f8571498-7964-4678-9e8b-b4b234373b06", "function_name": "noop_task", "parent_task_ids": [], "submit_time": 1716759296.4711614, "received_time": 1716759296.474043, "execution": {"hostname": "escience-taps", "execution_start_time": 1716759296.4729822, "execution_end_time": 1716759296.473317, "task_start_time": 1716759296.4729884, "task_end_time": 1716759296.4733133, "input_transform_start_time": 1716759296.4729853, "input_transform_end_time": 1716759296.4729884, "result_transform_start_time": 1716759296.4733136, "result_transform_end_time": 1716759296.4733167}}
{"task_id": "05464889-945c-41a5-8f53-078024f043ae", "function_name": "noop_task", "parent_task_ids": [], "submit_time": 1716759296.4744766, "received_time": 1716759296.4780533, "execution": {"hostname": "escience-taps", "execution_start_time": 1716759296.4766545, "execution_end_time": 1716759296.4771767, "task_start_time": 1716759296.476665, "task_end_time": 1716759296.4771705, "input_transform_start_time": 1716759296.4766598, "input_transform_end_time": 1716759296.476665, "result_transform_start_time": 1716759296.477171, "result_transform_end_time": 1716759296.4771764}}
{"task_id": "913460c9-783e-45ec-9d45-2b1411e6ce4d", "function_name": "noop_task", "parent_task_ids": [], "submit_time": 1716759296.4784768, "received_time": 1716759296.4813972, "execution": {"hostname": "escience-taps", "execution_start_time": 1716759296.4802825, "execution_end_time": 1716759296.4806757, "task_start_time": 1716759296.4802938, "task_end_time": 1716759296.480672, "input_transform_start_time": 1716759296.4802883, "input_transform_end_time": 1716759296.4802933, "result_transform_start_time": 1716759296.480672, "result_transform_end_time": 1716759296.4806752}}
{"task_id": "d2401c63-e1ed-4e7d-b231-064a8cd0d152", "function_name": "noop_task", "parent_task_ids": [], "submit_time": 1716759296.4818301, "received_time": 1716759296.4843938, "execution": {"hostname": "escience-taps", "execution_start_time": 1716759296.483242, "execution_end_time": 1716759296.4835303, "task_start_time": 1716759296.483249, "task_end_time": 1716759296.4835255, "input_transform_start_time": 1716759296.4832451, "input_transform_end_time": 1716759296.4832487, "result_transform_start_time": 1716759296.483526, "result_transform_end_time": 1716759296.4835303}}
{"task_id": "75235bb0-0ddf-448d-8dfa-61c72fb7013d", "function_name": "noop_task", "parent_task_ids": [], "submit_time": 1716759296.4848378, "received_time": 1716759296.4876964, "execution": {"hostname": "escience-taps", "execution_start_time": 1716759296.4864016, "execution_end_time": 1716759296.4867585, "task_start_time": 1716759296.4864068, "task_end_time": 1716759296.4867525, "input_transform_start_time": 1716759296.4864044, "input_transform_end_time": 1716759296.4864068, "result_transform_start_time": 1716759296.4867527, "result_transform_end_time": 1716759296.4867585}}
{"task_id": "ae427589-c846-4ad5-bec3-def6f707f338", "function_name": "noop_task", "parent_task_ids": [], "submit_time": 1716759296.4881241, "received_time": 1716759296.490737, "execution": {"hostname": "escience-taps", "execution_start_time": 1716759296.4898262, "execution_end_time": 1716759296.490106, "task_start_time": 1716759296.489832, "task_end_time": 1716759296.490103, "input_transform_start_time": 1716759296.489829, "input_transform_end_time": 1716759296.489832, "result_transform_start_time": 1716759296.4901032, "result_transform_end_time": 1716759296.490106}}
{"task_id": "1b1f3523-cd3c-4957-bc26-ed9db393de75", "function_name": "noop_task", "parent_task_ids": [], "submit_time": 1716759296.4911575, "received_time": 1716759296.49355, "execution": {"hostname": "escience-taps", "execution_start_time": 1716759296.492504, "execution_end_time": 1716759296.49275, "task_start_time": 1716759296.4925091, "task_end_time": 1716759296.4927466, "input_transform_start_time": 1716759296.4925063, "input_transform_end_time": 1716759296.4925091, "result_transform_start_time": 1716759296.4927468, "result_transform_end_time": 1716759296.49275}}
