{"task_id": "4d48e05f-553f-4d00-a3aa-fa8d85a7f2ec", "function_name": "id", "parent_task_ids": [], "submit_time": 1716758053.971177, "received_time": 1716758054.6587584, "execution": {"hostname": "escience-taps", "execution_start_time": 1716758054.6469076, "execution_end_time": 1716758054.64694, "task_start_time": 1716758054.6469276, "task_end_time": 1716758054.6469295, "input_transform_start_time": 1716758054.646915, "input_transform_end_time": 1716758054.6469274, "result_transform_start_time": 1716758054.64693, "result_transform_end_time": 1716758054.64694}}
{"task_id": "273d65c2-1279-4f49-973f-9f5d43c1b2b1", "function_name": "noop_task", "parent_task_ids": [], "submit_time": 1716758054.6569905, "received_time": 1716758054.6751432, "execution": {"hostname": "escience-taps", "execution_start_time": 1716758054.665964, "execution_end_time": 1716758054.6666634, "task_start_time": 1716758054.6659822, "task_end_time": 1716758054.6666515, "input_transform_start_time": 1716758054.6659727, "input_transform_end_time": 1716758054.665982, "result_transform_start_time": 1716758054.6666517, "result_transform_end_time": 1716758054.6666634}}
{"task_id": "81555b6f-1d3b-47b4-9883-70946b4d5bec", "function_name": "noop_task", "parent_task_ids": [], "submit_time": 1716758054.6759114, "received_time": 1716758054.6884391, "execution": {"hostname": "escience-taps", "execution_start_time": 1716758054.6822186, "execution_end_time": 1716758054.6829174, "task_start_time": 1716758054.6822462, "task_end_time": 1716758054.682906, "input_transform_start_time": 1716758054.682234, "input_transform_end_time": 1716758054.6822462, "result_transform_start_time": 1716758054.6829062, "result_transform_end_time": 1716758054.682917}}
{"task_id": "27eb5315-2f93-407b-a8c6-617f1144eda2", "function_name": "noop_task", "parent_task_ids": [], "submit_time": 1716758054.689805, "received_time": 1716758054.7086654, "execution": {"hostname": "escience-taps", "execution_start_time": 1716758054.7026768, "execution_end_time": 1716758054.7033503, "task_start_time": 1716758054.702705, "task_end_time": 1716758054.70334, "input_transform_start_time": 1716758054.7026942, "input_transform_end_time": 1716758054.7027047, "result_transform_start_time": 1716758054.7033405, "result_transform_end_time": 1716758054.7033503}}
{"task_id": "1ff6c08a-9911-46b8-a78a-b9c8afae28a6", "function_name": "noop_task", "parent_task_ids": [], "submit_time": 1716758054.7096899, "received_time": 1716758054.7309005, "execution": {"hostname": "escience-taps", "execution_start_time": 1716758054.7246468, "execution_end_time": 1716758054.725499, "task_start_time": 1716758054.7246757, "task_end_time": 1716758054.7254822, "input_transform_start_time": 1716758054.72466, "input_transform_end_time": 1716758054.7246754, "result_transform_start_time": 1716758054.7254827, "result_transform_end_time": 1716758054.7254984}}
{"task_id": "d8949e3a-de95-4355-b621-babb5cf8fbdf", "function_name": "noop_task", "parent_task_ids": [], "submit_time": 1716758054.7320619, "received_time": 1716758054.7515044, "execution": {"hostname": "escience-taps", "execution_start_time": 1716758054.7455268, "execution_end_time": 1716758054.746154, "task_start_time": 1716758054.7455447, "task_end_time": 1716758054.7461445, "input_transform_start_time": 1716758054.7455354, "input_transform_end_time": 1716758054.7455442, "result_transform_start_time": 1716758054.7461448, "result_transform_end_time": 1716758054.7461538}}
{"task_id": "45160a55-9715-417e-9708-23077fbf5954", "function_name": "noop_task", "parent_task_ids": [], "submit_time": 1716758054.7523646, "received_time": 1716758054.7729735, "execution": {"hostname": "escience-taps", "execution_start_time": 1716758054.7671833, "execution_end_time": 1716758054.7676334, "task_start_time": 1716758054.767202, "task_end_time": 1716758054.767619, "input_transform_start_time": 1716758054.7671936, "input_transform_end_time": 1716758054.7672014, "result_transform_start_time": 1716758054.767619, "result_transform_end_time": 1716758054.7676334}}
{"task_id": "36603c5a-9c1c-463a-9c4c-ceb6e4c95e87", "function_name": "noop_task", "parent_task_ids": [], "submit_time": 1716758054.7738357, "received_time": 1716758054.7967267, "execution": {"hostname": "escience-taps", "execution_start_time": 1716758054.7903163, "execution_end_time": 1716758054.7909563, "task_start_time": 1716758054.790335, "task_end_time": 1716758054.7909434, "input_transform_start_time": 1716758054.7903247, "input_transform_end_time": 1716758054.7903347, "result_transform_start_time": 1716758054.7909439, "result_transform_end_time": 1716758054.790956}}
{"task_id": "ea7ec4c4-a7d0-4945-9ba1-157485fc290d", "function_name": "noop_task", "parent_task_ids": [], "submit_time": 1716758054.7981157, "received_time": 1716758054.8161507, "execution": {"hostname": "escience-taps", "execution_start_time": 1716758054.80996, "execution_end_time": 1716758054.8108351, "task_start_time": 1716758054.8099844, "task_end_time": 1716758054.8108196, "input_transform_start_time": 1716758054.809972, "input_transform_end_time": 1716758054.8099842, "result_transform_start_time": 1716758054.81082, "result_transform_end_time": 1716758054.8108351}}
{"task_id": "c816d3a3-448d-42bb-9f55-798ed56721e9", "function_name": "noop_task", "parent_task_ids": [], "submit_time": 1716758054.8168817, "received_time": 1716758054.8370216, "execution": {"hostname": "escience-taps", "execution_start_time": 1716758054.8309286, "execution_end_time": 1716758054.8315547, "task_start_time": 1716758054.8309438, "task_end_time": 1716758054.831543, "input_transform_start_time": 1716758054.8309357, "input_transform_end_time": 1716758054.8309436, "result_transform_start_time": 1716758054.8315434, "result_transform_end_time": 1716758054.8315544}}
{"task_id": "9194435b-9e59-4bdc-892f-a71e1b913158", "function_name": "noop_task", "parent_task_ids": [], "submit_time": 1716758054.8377366, "received_time": 1716758054.8570864, "execution": {"hostname": "escience-taps", "execution_start_time": 1716758054.8523629, "execution_end_time": 1716758054.8531356, "task_start_time": 1716758054.8523839, "task_end_time": 1716758054.8531296, "input_transform_start_time": 1716758054.8523724, "input_transform_end_time": 1716758054.8523834, "result_transform_start_time": 1716758054.85313, "result_transform_end_time": 1716758054.8531353}}
