{"task_id": "3c0eb87a-10de-4ee0-b74c-ab8b757152a6", "function_name": "id", "parent_task_ids": [], "submit_time": 1716758436.8369694, "received_time": 1716758436.8452256, "execution": {"hostname": "escience-taps", "execution_start_time": 1716758436.8442905, "execution_end_time": 1716758436.844359, "task_start_time": 1716758436.8443375, "task_end_time": 1716758436.8443384, "input_transform_start_time": 1716758436.8443103, "input_transform_end_time": 1716758436.8443372, "result_transform_start_time": 1716758436.8443387, "result_transform_end_time": 1716758436.8443587}}
{"task_id": "c9f4668a-0ccd-4d50-8478-274d54014054", "function_name": "noop_task", "parent_task_ids": [], "submit_time": 1716758436.8460526, "received_time": 1716758436.8469763, "execution": {"hostname": "escience-taps", "execution_start_time": 1716758436.8466308, "execution_end_time": 1716758436.846787, "task_start_time": 1716758436.846642, "task_end_time": 1716758436.8467658, "input_transform_start_time": 1716758436.8466384, "input_transform_end_time": 1716758436.8466418, "result_transform_start_time": 1716758436.846766, "result_transform_end_time": 1716758436.846787}}
{"task_id": "47b00637-b07d-4f8b-908c-3d303f8df95a", "function_name": "noop_task", "parent_task_ids": [], "submit_time": 1716758436.8471608, "received_time": 1716758436.84773, "execution": {"hostname": "escience-taps", "execution_start_time": 1716758436.8474994, "execution_end_time": 1716758436.847591, "task_start_time": 1716758436.847507, "task_end_time": 1716758436.8475883, "input_transform_start_time": 1716758436.8475037, "input_transform_end_time": 1716758436.847507, "result_transform_start_time": 1716758436.8475885, "result_transform_end_time": 1716758436.847591}}
{"task_id": "8de1e373-28c4-4b85-a1a4-6e8740e36a03", "function_name": "noop_task", "parent_task_ids": [], "submit_time": 1716758436.8478756, "received_time": 1716758436.8483915, "execution": {"hostname": "escience-taps", "execution_start_time": 1716758436.8481658, "execution_end_time": 1716758436.848259, "task_start_time": 1716758436.8481743, "task_end_time": 1716758436.8482568, "input_transform_start_time": 1716758436.8481703, "input_transform_end_time": 1716758436.8481743, "result_transform_start_time": 1716758436.8482568, "result_transform_end_time": 1716758436.848259}}
{"task_id": "d28d3241-2cb4-45fb-b3d2-f096a6633fbd", "function_name": "noop_task", "parent_task_ids": [], "submit_time": 1716758436.8485277, "received_time": 1716758436.8490133, "execution": {"hostname": "escience-taps", "execution_start_time": 1716758436.8487947, "execution_end_time": 1716758436.8488867, "task_start_time": 1716758436.8487997, "task_end_time": 1716758436.8488848, "input_transform_start_time": 1716758436.848797, "input_transform_end_time": 1716758436.8487997, "result_transform_start_time": 1716758436.8488848, "result_transform_end_time": 1716758436.8488867}}
{"task_id": "5ac55167-0a20-44ff-b38a-1d2781a87963", "function_name": "noop_task", "parent_task_ids": [], "submit_time": 1716758436.8491461, "received_time": 1716758436.849593, "execution": {"hostname": "escience-taps", "execution_start_time": 1716758436.8493903, "execution_end_time": 1716758436.8494768, "task_start_time": 1716758436.8493953, "task_end_time": 1716758436.8494747, "input_transform_start_time": 1716758436.8493927, "input_transform_end_time": 1716758436.849395, "result_transform_start_time": 1716758436.849475, "result_transform_end_time": 1716758436.8494766}}
{"task_id": "db965faf-459b-486a-bce7-2a7bccbdf47d", "function_name": "noop_task", "parent_task_ids": [], "submit_time": 1716758436.8497262, "received_time": 1716758436.8501782, "execution": {"hostname": "escience-taps", "execution_start_time": 1716758436.8499725, "execution_end_time": 1716758436.850062, "task_start_time": 1716758436.8499768, "task_end_time": 1716758436.8500564, "input_transform_start_time": 1716758436.8499746, "input_transform_end_time": 1716758436.8499768, "result_transform_start_time": 1716758436.8500566, "result_transform_end_time": 1716758436.850062}}
{"task_id": "e1ee0b31-7ccb-437f-a2d3-ea3ecaeebc60", "function_name": "noop_task", "parent_task_ids": [], "submit_time": 1716758436.8503304, "received_time": 1716758436.8508263, "execution": {"hostname": "escience-taps", "execution_start_time": 1716758436.8505983, "execution_end_time": 1716758436.8506877, "task_start_time": 1716758436.8506048, "task_end_time": 1716758436.8506851, "input_transform_start_time": 1716758436.8506012, "input_transform_end_time": 1716758436.8506048, "result_transform_start_time": 1716758436.8506854, "result_transform_end_time": 1716758436.8506877}}
{"task_id": "d9d23416-9786-48e3-bbef-f18379abfa64", "function_name": "noop_task", "parent_task_ids": [], "submit_time": 1716758436.8509717, "received_time": 1716758436.8535504, "execution": {"hostname": "escience-taps", "execution_start_time": 1716758436.8533242, "execution_end_time": 1716758436.8534157, "task_start_time": 1716758436.8533294, "task_end_time": 1716758436.853413, "input_transform_start_time": 1716758436.8533268, "input_transform_end_time": 1716758436.8533292, "result_transform_start_time": 1716758436.853413, "result_transform_end_time": 1716758436.8534157}}
{"task_id": "85ebc870-04c3-47f8-ae65-08f16d1cf04a", "function_name": "noop_task", "parent_task_ids": [], "submit_time": 1716758436.8536935, "received_time": 1716758436.8541381, "execution": {"hostname": "escience-taps", "execution_start_time": 1716758436.8539357, "execution_end_time": 1716758436.854022, "task_start_time": 1716758436.8539402, "task_end_time": 1716758436.85402, "input_transform_start_time": 1716758436.8539379, "input_transform_end_time": 1716758436.8539402, "result_transform_start_time": 1716758436.85402, "result_transform_end_time": 1716758436.854022}}
{"task_id": "0b65c6a3-7b35-4ee8-a559-ed076b38f94f", "function_name": "noop_task", "parent_task_ids": [], "submit_time": 1716758436.8542664, "received_time": 1716758436.854704, "execution": {"hostname": "escience-taps", "execution_start_time": 1716758436.854501, "execution_end_time": 1716758436.854587, "task_start_time": 1716758436.854506, "task_end_time": 1716758436.8545852, "input_transform_start_time": 1716758436.8545036, "input_transform_end_time": 1716758436.854506, "result_transform_start_time": 1716758436.8545852, "result_transform_end_time": 1716758436.8545868}}
