{"task_id": "b826bfa2-eacc-4c23-9b7e-62a03bbe8718", "function_name": "id", "parent_task_ids": [], "submit_time": 1716758074.4730701, "received_time": 1716758075.165432, "execution": {"hostname": "escience-taps", "execution_start_time": 1716758075.141002, "execution_end_time": 1716758075.1410375, "task_start_time": 1716758075.1410248, "task_end_time": 1716758075.1410265, "input_transform_start_time": 1716758075.1410103, "input_transform_end_time": 1716758075.1410246, "result_transform_start_time": 1716758075.1410267, "result_transform_end_time": 1716758075.1410375}}
{"task_id": "77ab708a-099c-419b-881f-efc2275a2c58", "function_name": "noop_task", "parent_task_ids": [], "submit_time": 1716758075.1544313, "received_time": 1716758075.199901, "execution": {"hostname": "escience-taps", "execution_start_time": 1716758075.1879234, "execution_end_time": 1716758075.192629, "task_start_time": 1716758075.188261, "task_end_time": 1716758075.1926153, "input_transform_start_time": 1716758075.1882522, "input_transform_end_time": 1716758075.1882608, "result_transform_start_time": 1716758075.1926157, "result_transform_end_time": 1716758075.1926286}}
{"task_id": "b76c4ac9-3471-46a6-8c56-c45b3955e656", "function_name": "noop_task", "parent_task_ids": [], "submit_time": 1716758075.202798, "received_time": 1716758075.2533557, "execution": {"hostname": "escience-taps", "execution_start_time": 1716758075.2416902, "execution_end_time": 1716758075.2451968, "task_start_time": 1716758075.2417154, "task_end_time": 1716758075.2451856, "input_transform_start_time": 1716758075.2417016, "input_transform_end_time": 1716758075.2417152, "result_transform_start_time": 1716758075.2451859, "result_transform_end_time": 1716758075.2451966}}
{"task_id": "6f535fa6-b411-488e-be10-0c4b1355dcce", "function_name": "noop_task", "parent_task_ids": [], "submit_time": 1716758075.2603393, "received_time": 1716758075.3201008, "execution": {"hostname": "escience-taps", "execution_start_time": 1716758075.303978, "execution_end_time": 1716758075.3105683, "task_start_time": 1716758075.3040028, "task_end_time": 1716758075.3105557, "input_transform_start_time": 1716758075.3039892, "input_transform_end_time": 1716758075.3040025, "result_transform_start_time": 1716758075.310556, "result_transform_end_time": 1716758075.3105679}}
{"task_id": "b93f8bb6-6624-4cf7-9c35-08d087748a72", "function_name": "noop_task", "parent_task_ids": [], "submit_time": 1716758075.3289042, "received_time": 1716758075.379775, "execution": {"hostname": "escience-taps", "execution_start_time": 1716758075.3662786, "execution_end_time": 1716758075.369831, "task_start_time": 1716758075.3663044, "task_end_time": 1716758075.369818, "input_transform_start_time": 1716758075.3662915, "input_transform_end_time": 1716758075.3663042, "result_transform_start_time": 1716758075.3698182, "result_transform_end_time": 1716758075.3698308}}
{"task_id": "12f1eb7d-3ad2-465c-9176-6f4313a9a850", "function_name": "noop_task", "parent_task_ids": [], "submit_time": 1716758075.3882022, "received_time": 1716758075.4426837, "execution": {"hostname": "escience-taps", "execution_start_time": 1716758075.4269269, "execution_end_time": 1716758075.4334152, "task_start_time": 1716758075.4269423, "task_end_time": 1716758075.4334037, "input_transform_start_time": 1716758075.4269333, "input_transform_end_time": 1716758075.426942, "result_transform_start_time": 1716758075.433404, "result_transform_end_time": 1716758075.4334147}}
{"task_id": "370fa5d2-51d4-4938-90a6-3b6e9105aba8", "function_name": "noop_task", "parent_task_ids": [], "submit_time": 1716758075.4517698, "received_time": 1716758075.5012589, "execution": {"hostname": "escience-taps", "execution_start_time": 1716758075.48901, "execution_end_time": 1716758075.492825, "task_start_time": 1716758075.4890323, "task_end_time": 1716758075.4928138, "input_transform_start_time": 1716758075.4890194, "input_transform_end_time": 1716758075.489032, "result_transform_start_time": 1716758075.492814, "result_transform_end_time": 1716758075.4928248}}
{"task_id": "2e46e304-4a9c-488c-a725-4ffbfde46be7", "function_name": "noop_task", "parent_task_ids": [], "submit_time": 1716758075.5093527, "received_time": 1716758075.5575562, "execution": {"hostname": "escience-taps", "execution_start_time": 1716758075.5422888, "execution_end_time": 1716758075.548773, "task_start_time": 1716758075.5423093, "task_end_time": 1716758075.5487554, "input_transform_start_time": 1716758075.5422976, "input_transform_end_time": 1716758075.5423088, "result_transform_start_time": 1716758075.548756, "result_transform_end_time": 1716758075.5487728}}
{"task_id": "27c8db82-b8ff-4f03-9c49-643bce3af1a2", "function_name": "noop_task", "parent_task_ids": [], "submit_time": 1716758075.5661757, "received_time": 1716758075.6132638, "execution": {"hostname": "escience-taps", "execution_start_time": 1716758075.6013167, "execution_end_time": 1716758075.6046562, "task_start_time": 1716758075.6013267, "task_end_time": 1716758075.6046479, "input_transform_start_time": 1716758075.6013215, "input_transform_end_time": 1716758075.6013262, "result_transform_start_time": 1716758075.604648, "result_transform_end_time": 1716758075.604656}}
{"task_id": "5b314a8f-05d0-4bc3-bbbb-40aa460f3a50", "function_name": "noop_task", "parent_task_ids": [], "submit_time": 1716758075.6211789, "received_time": 1716758075.667023, "execution": {"hostname": "escience-taps", "execution_start_time": 1716758075.653852, "execution_end_time": 1716758075.6572669, "task_start_time": 1716758075.6538672, "task_end_time": 1716758075.6572602, "input_transform_start_time": 1716758075.6538591, "input_transform_end_time": 1716758075.653867, "result_transform_start_time": 1716758075.6572607, "result_transform_end_time": 1716758075.6572666}}
{"task_id": "aabb4147-f3d2-4def-a094-b7dc9ec5c9ba", "function_name": "noop_task", "parent_task_ids": [], "submit_time": 1716758075.6736643, "received_time": 1716758075.7212145, "execution": {"hostname": "escience-taps", "execution_start_time": 1716758075.708032, "execution_end_time": 1716758075.7132316, "task_start_time": 1716758075.7080462, "task_end_time": 1716758075.7132235, "input_transform_start_time": 1716758075.708038, "input_transform_end_time": 1716758075.7080457, "result_transform_start_time": 1716758075.7132237, "result_transform_end_time": 1716758075.7132313}}
