{"task_id": "36940078-1614-4c97-91e3-313095f28f14", "function_name": "id", "parent_task_ids": [], "submit_time": 1716758078.297298, "received_time": 1716758078.9956565, "execution": {"hostname": "escience-taps", "execution_start_time": 1716758078.9717765, "execution_end_time": 1716758078.9717963, "task_start_time": 1716758078.9717877, "task_end_time": 1716758078.9717886, "input_transform_start_time": 1716758078.9717805, "input_transform_end_time": 1716758078.9717875, "result_transform_start_time": 1716758078.9717886, "result_transform_end_time": 1716758078.9717963}}
{"task_id": "f222a804-a1c7-42e0-8f8e-457019600f2b", "function_name": "noop_task", "parent_task_ids": [], "submit_time": 1716758078.9858558, "received_time": 1716758079.0333896, "execution": {"hostname": "escience-taps", "execution_start_time": 1716758079.0201395, "execution_end_time": 1716758079.0248063, "task_start_time": 1716758079.0201573, "task_end_time": 1716758079.0247936, "input_transform_start_time": 1716758079.0201478, "input_transform_end_time": 1716758079.020157, "result_transform_start_time": 1716758079.024794, "result_transform_end_time": 1716758079.0248058}}
{"task_id": "044f8944-3910-4b98-83c7-963e28a9ebd8", "function_name": "noop_task", "parent_task_ids": [], "submit_time": 1716758079.0378184, "received_time": 1716758079.08468, "execution": {"hostname": "escience-taps", "execution_start_time": 1716758079.0742958, "execution_end_time": 1716758079.0775743, "task_start_time": 1716758079.0743222, "task_end_time": 1716758079.07756, "input_transform_start_time": 1716758079.0743074, "input_transform_end_time": 1716758079.0743217, "result_transform_start_time": 1716758079.0775607, "result_transform_end_time": 1716758079.0775743}}
{"task_id": "0569c6b6-8082-4239-96a0-bc2ba6cc43aa", "function_name": "noop_task", "parent_task_ids": [], "submit_time": 1716758079.0914085, "received_time": 1716758079.1371136, "execution": {"hostname": "escience-taps", "execution_start_time": 1716758079.1233487, "execution_end_time": 1716758079.129837, "task_start_time": 1716758079.1233695, "task_end_time": 1716758079.1298232, "input_transform_start_time": 1716758079.1233575, "input_transform_end_time": 1716758079.1233692, "result_transform_start_time": 1716758079.1298237, "result_transform_end_time": 1716758079.1298366}}
{"task_id": "37c29705-7512-40b6-8637-73bae4be9449", "function_name": "noop_task", "parent_task_ids": [], "submit_time": 1716758079.1463246, "received_time": 1716758079.1961534, "execution": {"hostname": "escience-taps", "execution_start_time": 1716758079.1826518, "execution_end_time": 1716758079.1860604, "task_start_time": 1716758079.182677, "task_end_time": 1716758079.1860468, "input_transform_start_time": 1716758079.1826632, "input_transform_end_time": 1716758079.1826768, "result_transform_start_time": 1716758079.186047, "result_transform_end_time": 1716758079.1860602}}
{"task_id": "c49891b7-4acd-42bd-9db6-6efc1e92c4fd", "function_name": "noop_task", "parent_task_ids": [], "submit_time": 1716758079.202379, "received_time": 1716758079.249543, "execution": {"hostname": "escience-taps", "execution_start_time": 1716758079.2350836, "execution_end_time": 1716758079.2389047, "task_start_time": 1716758079.2351007, "task_end_time": 1716758079.238897, "input_transform_start_time": 1716758079.2350914, "input_transform_end_time": 1716758079.2351005, "result_transform_start_time": 1716758079.238897, "result_transform_end_time": 1716758079.2389045}}
{"task_id": "87cb5ae5-54e3-416f-b8f4-64f56cfa966f", "function_name": "noop_task", "parent_task_ids": [], "submit_time": 1716758079.2552855, "received_time": 1716758079.2909744, "execution": {"hostname": "escience-taps", "execution_start_time": 1716758079.277472, "execution_end_time": 1716758079.2828057, "task_start_time": 1716758079.277492, "task_end_time": 1716758079.282798, "input_transform_start_time": 1716758079.27748, "input_transform_end_time": 1716758079.2774916, "result_transform_start_time": 1716758079.282798, "result_transform_end_time": 1716758079.2828054}}
{"task_id": "475f73e6-3d66-4061-8e9d-fef63d95d1f9", "function_name": "noop_task", "parent_task_ids": [], "submit_time": 1716758079.2965212, "received_time": 1716758079.3341494, "execution": {"hostname": "escience-taps", "execution_start_time": 1716758079.3192391, "execution_end_time": 1716758079.3261824, "task_start_time": 1716758079.3192587, "task_end_time": 1716758079.326168, "input_transform_start_time": 1716758079.319247, "input_transform_end_time": 1716758079.3192582, "result_transform_start_time": 1716758079.3261685, "result_transform_end_time": 1716758079.3261821}}
{"task_id": "56f506b6-9a59-4b62-915d-8060bdaa8561", "function_name": "noop_task", "parent_task_ids": [], "submit_time": 1716758079.3413825, "received_time": 1716758079.3853855, "execution": {"hostname": "escience-taps", "execution_start_time": 1716758079.3714542, "execution_end_time": 1716758079.3752103, "task_start_time": 1716758079.3714752, "task_end_time": 1716758079.375199, "input_transform_start_time": 1716758079.371464, "input_transform_end_time": 1716758079.371475, "result_transform_start_time": 1716758079.3751993, "result_transform_end_time": 1716758079.37521}}
{"task_id": "eb6783b2-d97e-4d65-a93b-9813af6e3e02", "function_name": "noop_task", "parent_task_ids": [], "submit_time": 1716758079.392042, "received_time": 1716758079.4385488, "execution": {"hostname": "escience-taps", "execution_start_time": 1716758079.4235322, "execution_end_time": 1716758079.4301147, "task_start_time": 1716758079.4235497, "task_end_time": 1716758079.4301043, "input_transform_start_time": 1716758079.42354, "input_transform_end_time": 1716758079.4235494, "result_transform_start_time": 1716758079.4301045, "result_transform_end_time": 1716758079.4301145}}
{"task_id": "59660ba2-1594-46b4-814a-578d4fb87708", "function_name": "noop_task", "parent_task_ids": [], "submit_time": 1716758079.4459925, "received_time": 1716758079.4901047, "execution": {"hostname": "escience-taps", "execution_start_time": 1716758079.4784288, "execution_end_time": 1716758079.4820535, "task_start_time": 1716758079.4784381, "task_end_time": 1716758079.482048, "input_transform_start_time": 1716758079.4784322, "input_transform_end_time": 1716758079.478438, "result_transform_start_time": 1716758079.4820483, "result_transform_end_time": 1716758079.4820535}}
