{"task_id": "57743a84-7731-47e1-a014-b4a964286d77", "function_name": "id", "parent_task_ids": [], "submit_time": 1716758446.438502, "received_time": 1716758446.4467711, "execution": {"hostname": "escience-taps", "execution_start_time": 1716758446.4458873, "execution_end_time": 1716758446.4459534, "task_start_time": 1716758446.4459336, "task_end_time": 1716758446.4459348, "input_transform_start_time": 1716758446.4459026, "input_transform_end_time": 1716758446.4459333, "result_transform_start_time": 1716758446.445935, "result_transform_end_time": 1716758446.4459534}}
{"task_id": "f2cb7526-f111-4c27-aa2f-7deef91fe5c5", "function_name": "noop_task", "parent_task_ids": [], "submit_time": 1716758446.4479272, "received_time": 1716758446.4493937, "execution": {"hostname": "escience-taps", "execution_start_time": 1716758446.4486256, "execution_end_time": 1716758446.4490814, "task_start_time": 1716758446.4486346, "task_end_time": 1716758446.449063, "input_transform_start_time": 1716758446.4486306, "input_transform_end_time": 1716758446.4486346, "result_transform_start_time": 1716758446.4490635, "result_transform_end_time": 1716758446.4490812}}
{"task_id": "b890c361-f9cc-4d9f-842a-453ac13b2fba", "function_name": "noop_task", "parent_task_ids": [], "submit_time": 1716758446.4498112, "received_time": 1716758446.4507003, "execution": {"hostname": "escience-taps", "execution_start_time": 1716758446.4501946, "execution_end_time": 1716758446.4504807, "task_start_time": 1716758446.4502013, "task_end_time": 1716758446.4504778, "input_transform_start_time": 1716758446.4501982, "input_transform_end_time": 1716758446.4502013, "result_transform_start_time": 1716758446.450478, "result_transform_end_time": 1716758446.4504807}}
{"task_id": "aff87493-89eb-4ba6-9c9c-ae0b2cc9c6ed", "function_name": "noop_task", "parent_task_ids": [], "submit_time": 1716758446.4510632, "received_time": 1716758446.4518714, "execution": {"hostname": "escience-taps", "execution_start_time": 1716758446.4513774, "execution_end_time": 1716758446.4516616, "task_start_time": 1716758446.4513862, "task_end_time": 1716758446.451659, "input_transform_start_time": 1716758446.451382, "input_transform_end_time": 1716758446.451386, "result_transform_start_time": 1716758446.451659, "result_transform_end_time": 1716758446.4516616}}
{"task_id": "1ff988c7-99ce-4015-9d0c-cb1e21463398", "function_name": "noop_task", "parent_task_ids": [], "submit_time": 1716758446.4522336, "received_time": 1716758446.4530375, "execution": {"hostname": "escience-taps", "execution_start_time": 1716758446.4525263, "execution_end_time": 1716758446.4528253, "task_start_time": 1716758446.4525323, "task_end_time": 1716758446.4528224, "input_transform_start_time": 1716758446.4525294, "input_transform_end_time": 1716758446.4525323, "result_transform_start_time": 1716758446.4528227, "result_transform_end_time": 1716758446.4528253}}
{"task_id": "5f40af9f-1cd3-4066-a654-ee8e39e8069c", "function_name": "noop_task", "parent_task_ids": [], "submit_time": 1716758446.453395, "received_time": 1716758446.4541638, "execution": {"hostname": "escience-taps", "execution_start_time": 1716758446.4536939, "execution_end_time": 1716758446.45397, "task_start_time": 1716758446.453699, "task_end_time": 1716758446.4539673, "input_transform_start_time": 1716758446.4536963, "input_transform_end_time": 1716758446.4536989, "result_transform_start_time": 1716758446.4539676, "result_transform_end_time": 1716758446.45397}}
{"task_id": "5eaf9db3-bab7-4013-a713-020a5f431ba1", "function_name": "noop_task", "parent_task_ids": [], "submit_time": 1716758446.4545236, "received_time": 1716758446.4552681, "execution": {"hostname": "escience-taps", "execution_start_time": 1716758446.4547923, "execution_end_time": 1716758446.4550707, "task_start_time": 1716758446.4547973, "task_end_time": 1716758446.4550645, "input_transform_start_time": 1716758446.4547946, "input_transform_end_time": 1716758446.4547973, "result_transform_start_time": 1716758446.4550648, "result_transform_end_time": 1716758446.4550707}}
{"task_id": "0d5d4ab4-687d-4f6c-a121-1436d07abfcf", "function_name": "noop_task", "parent_task_ids": [], "submit_time": 1716758446.455637, "received_time": 1716758446.4564393, "execution": {"hostname": "escience-taps", "execution_start_time": 1716758446.4559486, "execution_end_time": 1716758446.456228, "task_start_time": 1716758446.4559553, "task_end_time": 1716758446.4562247, "input_transform_start_time": 1716758446.455952, "input_transform_end_time": 1716758446.455955, "result_transform_start_time": 1716758446.4562247, "result_transform_end_time": 1716758446.4562278}}
{"task_id": "a678b938-1397-4e50-92a3-a2ba63c86be5", "function_name": "noop_task", "parent_task_ids": [], "submit_time": 1716758446.4568167, "received_time": 1716758446.459808, "execution": {"hostname": "escience-taps", "execution_start_time": 1716758446.4592505, "execution_end_time": 1716758446.4596112, "task_start_time": 1716758446.4592574, "task_end_time": 1716758446.4596074, "input_transform_start_time": 1716758446.459254, "input_transform_end_time": 1716758446.4592571, "result_transform_start_time": 1716758446.4596076, "result_transform_end_time": 1716758446.459611}}
{"task_id": "ff3b9243-83ab-49a9-aeb9-18d5676b076a", "function_name": "noop_task", "parent_task_ids": [], "submit_time": 1716758446.460175, "received_time": 1716758446.4610934, "execution": {"hostname": "escience-taps", "execution_start_time": 1716758446.460483, "execution_end_time": 1716758446.46086, "task_start_time": 1716758446.4604895, "task_end_time": 1716758446.4608567, "input_transform_start_time": 1716758446.4604864, "input_transform_end_time": 1716758446.4604893, "result_transform_start_time": 1716758446.460857, "result_transform_end_time": 1716758446.4608595}}
{"task_id": "9e8b5218-fdbf-40c6-8f56-a38e3993e454", "function_name": "noop_task", "parent_task_ids": [], "submit_time": 1716758446.4614193, "received_time": 1716758446.4621365, "execution": {"hostname": "escience-taps", "execution_start_time": 1716758446.4616973, "execution_end_time": 1716758446.4619715, "task_start_time": 1716758446.4617016, "task_end_time": 1716758446.4619687, "input_transform_start_time": 1716758446.4616992, "input_transform_end_time": 1716758446.4617016, "result_transform_start_time": 1716758446.461969, "result_transform_end_time": 1716758446.4619713}}
