{"task_id": "923d4d57-ee0e-4a22-a098-f39f61163656", "function_name": "id", "parent_task_ids": [], "submit_time": 1716760489.0006115, "received_time": 1716760490.4560664, "execution": {"hostname": "escience-taps", "execution_start_time": 1716760489.2888405, "execution_end_time": 1716760489.2888749, "task_start_time": 1716760489.288862, "task_end_time": 1716760489.2888644, "input_transform_start_time": 1716760489.2888517, "input_transform_end_time": 1716760489.2888618, "result_transform_start_time": 1716760489.2888644, "result_transform_end_time": 1716760489.288874}}
{"task_id": "b38be8ef-78bf-451f-a570-feea3da8fa3f", "function_name": "noop_task", "parent_task_ids": [], "submit_time": 1716760490.4573402, "received_time": 1716760491.9596322, "execution": {"hostname": "escience-taps", "execution_start_time": 1716760491.2823675, "execution_end_time": 1716760491.2830791, "task_start_time": 1716760491.282431, "task_end_time": 1716760491.2830372, "input_transform_start_time": 1716760491.2824006, "input_transform_end_time": 1716760491.2824306, "result_transform_start_time": 1716760491.2830374, "result_transform_end_time": 1716760491.283079}}
{"task_id": "00930b71-4e9c-41fc-826b-1de987786aea", "function_name": "noop_task", "parent_task_ids": [], "submit_time": 1716760491.960485, "received_time": 1716760492.9619036, "execution": {"hostname": "escience-taps", "execution_start_time": 1716760492.3615522, "execution_end_time": 1716760492.3621225, "task_start_time": 1716760492.3615768, "task_end_time": 1716760492.3621125, "input_transform_start_time": 1716760492.361564, "input_transform_end_time": 1716760492.3615766, "result_transform_start_time": 1716760492.362113, "result_transform_end_time": 1716760492.3621223}}
{"task_id": "5bc11afe-9da9-4032-b13f-422f8eaa3cb1", "function_name": "noop_task", "parent_task_ids": [], "submit_time": 1716760492.962768, "received_time": 1716760493.964685, "execution": {"hostname": "escience-taps", "execution_start_time": 1716760493.3772104, "execution_end_time": 1716760493.3777995, "task_start_time": 1716760493.3772368, "task_end_time": 1716760493.3777869, "input_transform_start_time": 1716760493.3772223, "input_transform_end_time": 1716760493.3772364, "result_transform_start_time": 1716760493.3777874, "result_transform_end_time": 1716760493.3777993}}
{"task_id": "18c115c6-f6b0-4bc7-b125-c4140e6c67ed", "function_name": "noop_task", "parent_task_ids": [], "submit_time": 1716760493.9655545, "received_time": 1716760495.4681442, "execution": {"hostname": "escience-taps", "execution_start_time": 1716760494.6498091, "execution_end_time": 1716760494.6503978, "task_start_time": 1716760494.6498294, "task_end_time": 1716760494.6503844, "input_transform_start_time": 1716760494.6498196, "input_transform_end_time": 1716760494.6498291, "result_transform_start_time": 1716760494.650385, "result_transform_end_time": 1716760494.6503975}}
{"task_id": "2fccb07a-437c-4a79-a449-3c268d3c1e9f", "function_name": "noop_task", "parent_task_ids": [], "submit_time": 1716760495.4690404, "received_time": 1716760496.4704704, "execution": {"hostname": "escience-taps", "execution_start_time": 1716760495.8801131, "execution_end_time": 1716760495.880574, "task_start_time": 1716760495.880133, "task_end_time": 1716760495.8805635, "input_transform_start_time": 1716760495.8801236, "input_transform_end_time": 1716760495.8801327, "result_transform_start_time": 1716760495.8805637, "result_transform_end_time": 1716760495.8805737}}
{"task_id": "2afb5a02-2182-4048-a36d-802b4d68a55c", "function_name": "noop_task", "parent_task_ids": [], "submit_time": 1716760496.471315, "received_time": 1716760497.4726105, "execution": {"hostname": "escience-taps", "execution_start_time": 1716760496.8747647, "execution_end_time": 1716760496.8753533, "task_start_time": 1716760496.8747876, "task_end_time": 1716760496.8753407, "input_transform_start_time": 1716760496.8747766, "input_transform_end_time": 1716760496.8747873, "result_transform_start_time": 1716760496.8753414, "result_transform_end_time": 1716760496.875353}}
{"task_id": "c8c06c47-df85-4dca-b0b8-6df88b2b97ab", "function_name": "noop_task", "parent_task_ids": [], "submit_time": 1716760497.4734845, "received_time": 1716760498.474582, "execution": {"hostname": "escience-taps", "execution_start_time": 1716760497.880235, "execution_end_time": 1716760497.880534, "task_start_time": 1716760497.8802505, "task_end_time": 1716760497.8805244, "input_transform_start_time": 1716760497.8802435, "input_transform_end_time": 1716760497.8802502, "result_transform_start_time": 1716760497.8805244, "result_transform_end_time": 1716760497.8805337}}
{"task_id": "63df582f-154f-473c-9545-f15001948a60", "function_name": "noop_task", "parent_task_ids": [], "submit_time": 1716760498.4754238, "received_time": 1716760499.47663, "execution": {"hostname": "escience-taps", "execution_start_time": 1716760498.8641703, "execution_end_time": 1716760498.8644679, "task_start_time": 1716760498.8641863, "task_end_time": 1716760498.8644586, "input_transform_start_time": 1716760498.864179, "input_transform_end_time": 1716760498.864186, "result_transform_start_time": 1716760498.8644586, "result_transform_end_time": 1716760498.8644679}}
{"task_id": "4850b9fc-efc7-4b0e-bfea-801210efc8f6", "function_name": "noop_task", "parent_task_ids": [], "submit_time": 1716760499.4774868, "received_time": 1716760500.479355, "execution": {"hostname": "escience-taps", "execution_start_time": 1716760499.8783472, "execution_end_time": 1716760499.878648, "task_start_time": 1716760499.8783636, "task_end_time": 1716760499.8786395, "input_transform_start_time": 1716760499.878355, "input_transform_end_time": 1716760499.8783636, "result_transform_start_time": 1716760499.8786397, "result_transform_end_time": 1716760499.8786478}}
{"task_id": "678dea34-7f01-497e-81e5-9ec23a41486f", "function_name": "noop_task", "parent_task_ids": [], "submit_time": 1716760500.480175, "received_time": 1716760501.4822302, "execution": {"hostname": "escience-taps", "execution_start_time": 1716760500.8812416, "execution_end_time": 1716760500.881533, "task_start_time": 1716760500.881257, "task_end_time": 1716760500.8815255, "input_transform_start_time": 1716760500.8812494, "input_transform_end_time": 1716760500.8812568, "result_transform_start_time": 1716760500.8815258, "result_transform_end_time": 1716760500.8815327}}
