{"task_id": "a4e52e1a-5f86-48de-8b41-ae1c687e9c35", "function_name": "id", "parent_task_ids": [], "submit_time": 1716759287.4758306, "received_time": 1716759288.127209, "execution": {"hostname": "escience-taps", "execution_start_time": 1716759288.123061, "execution_end_time": 1716759288.123071, "task_start_time": 1716759288.123067, "task_end_time": 1716759288.1230674, "input_transform_start_time": 1716759288.1230636, "input_transform_end_time": 1716759288.1230667, "result_transform_start_time": 1716759288.1230674, "result_transform_end_time": 1716759288.1230707}}
{"task_id": "f48f7ff4-5936-43b6-b158-d094de26ba98", "function_name": "noop_task", "parent_task_ids": [], "submit_time": 1716759288.1279502, "received_time": 1716759288.1344895, "execution": {"hostname": "escience-taps", "execution_start_time": 1716759288.1337204, "execution_end_time": 1716759288.1338253, "task_start_time": 1716759288.1337276, "task_end_time": 1716759288.1338205, "input_transform_start_time": 1716759288.133724, "input_transform_end_time": 1716759288.1337273, "result_transform_start_time": 1716759288.1338205, "result_transform_end_time": 1716759288.1338253}}
{"task_id": "2ec8156c-58a3-4a11-b769-9d7e78f8b90a", "function_name": "noop_task", "parent_task_ids": [], "submit_time": 1716759288.1346939, "received_time": 1716759288.1371195, "execution": {"hostname": "escience-taps", "execution_start_time": 1716759288.1363494, "execution_end_time": 1716759288.1364605, "task_start_time": 1716759288.13636, "task_end_time": 1716759288.136456, "input_transform_start_time": 1716759288.1363544, "input_transform_end_time": 1716759288.1363597, "result_transform_start_time": 1716759288.1364563, "result_transform_end_time": 1716759288.1364605}}
{"task_id": "1ad1fa6d-5e8b-4247-a43e-bc162e9e0d63", "function_name": "noop_task", "parent_task_ids": [], "submit_time": 1716759288.1372924, "received_time": 1716759288.1392622, "execution": {"hostname": "escience-taps", "execution_start_time": 1716759288.1385443, "execution_end_time": 1716759288.1386485, "task_start_time": 1716759288.138553, "task_end_time": 1716759288.138645, "input_transform_start_time": 1716759288.1385481, "input_transform_end_time": 1716759288.138553, "result_transform_start_time": 1716759288.1386452, "result_transform_end_time": 1716759288.1386483}}
{"task_id": "1c5a1b01-42fc-4381-a1fb-0ea493b4e484", "function_name": "noop_task", "parent_task_ids": [], "submit_time": 1716759288.1394296, "received_time": 1716759288.1413283, "execution": {"hostname": "escience-taps", "execution_start_time": 1716759288.1405966, "execution_end_time": 1716759288.14069, "task_start_time": 1716759288.1406028, "task_end_time": 1716759288.1406868, "input_transform_start_time": 1716759288.1405995, "input_transform_end_time": 1716759288.1406026, "result_transform_start_time": 1716759288.140687, "result_transform_end_time": 1716759288.14069}}
{"task_id": "953c3839-5170-4966-b25c-a1d88fb45065", "function_name": "noop_task", "parent_task_ids": [], "submit_time": 1716759288.1415346, "received_time": 1716759288.1435125, "execution": {"hostname": "escience-taps", "execution_start_time": 1716759288.1427996, "execution_end_time": 1716759288.1429083, "task_start_time": 1716759288.142808, "task_end_time": 1716759288.1429036, "input_transform_start_time": 1716759288.1428037, "input_transform_end_time": 1716759288.1428077, "result_transform_start_time": 1716759288.1429036, "result_transform_end_time": 1716759288.142908}}
{"task_id": "ec9165c6-01b2-4b91-b4d6-ae2b3b2133a6", "function_name": "noop_task", "parent_task_ids": [], "submit_time": 1716759288.1436791, "received_time": 1716759288.145455, "execution": {"hostname": "escience-taps", "execution_start_time": 1716759288.1448407, "execution_end_time": 1716759288.1449344, "task_start_time": 1716759288.1448474, "task_end_time": 1716759288.144931, "input_transform_start_time": 1716759288.144844, "input_transform_end_time": 1716759288.1448472, "result_transform_start_time": 1716759288.1449313, "result_transform_end_time": 1716759288.1449344}}
{"task_id": "941f5e6a-2bb6-4164-942d-16d1684bdfa6", "function_name": "noop_task", "parent_task_ids": [], "submit_time": 1716759288.1456265, "received_time": 1716759288.147462, "execution": {"hostname": "escience-taps", "execution_start_time": 1716759288.146764, "execution_end_time": 1716759288.146882, "task_start_time": 1716759288.1467733, "task_end_time": 1716759288.1468759, "input_transform_start_time": 1716759288.1467679, "input_transform_end_time": 1716759288.146773, "result_transform_start_time": 1716759288.146876, "result_transform_end_time": 1716759288.146882}}
{"task_id": "9303344b-7271-4013-ace0-c5f2da8b786a", "function_name": "noop_task", "parent_task_ids": [], "submit_time": 1716759288.1476493, "received_time": 1716759288.149395, "execution": {"hostname": "escience-taps", "execution_start_time": 1716759288.148708, "execution_end_time": 1716759288.1488152, "task_start_time": 1716759288.1487138, "task_end_time": 1716759288.1488109, "input_transform_start_time": 1716759288.1487107, "input_transform_end_time": 1716759288.1487136, "result_transform_start_time": 1716759288.1488109, "result_transform_end_time": 1716759288.148815}}
{"task_id": "28674a64-f30c-4a8d-bf8e-fee1eae3420c", "function_name": "noop_task", "parent_task_ids": [], "submit_time": 1716759288.1495671, "received_time": 1716759288.1513538, "execution": {"hostname": "escience-taps", "execution_start_time": 1716759288.150698, "execution_end_time": 1716759288.1507978, "task_start_time": 1716759288.1507037, "task_end_time": 1716759288.150794, "input_transform_start_time": 1716759288.1507008, "input_transform_end_time": 1716759288.1507037, "result_transform_start_time": 1716759288.150794, "result_transform_end_time": 1716759288.1507978}}
{"task_id": "cf4ea7ce-75ed-4429-af93-1066573ab60d", "function_name": "noop_task", "parent_task_ids": [], "submit_time": 1716759288.1515074, "received_time": 1716759288.1531825, "execution": {"hostname": "escience-taps", "execution_start_time": 1716759288.1525085, "execution_end_time": 1716759288.1526074, "task_start_time": 1716759288.1525137, "task_end_time": 1716759288.1526043, "input_transform_start_time": 1716759288.152511, "input_transform_end_time": 1716759288.1525137, "result_transform_start_time": 1716759288.1526046, "result_transform_end_time": 1716759288.1526074}}
