{"task_id": "ca962fd6-b5ee-4231-a18e-4556b3fa8f53", "function_name": "id", "parent_task_ids": [], "submit_time": 1716758443.0948215, "received_time": 1716758443.1033013, "execution": {"hostname": "escience-taps", "execution_start_time": 1716758443.1024354, "execution_end_time": 1716758443.102502, "task_start_time": 1716758443.1024818, "task_end_time": 1716758443.1024833, "input_transform_start_time": 1716758443.1024544, "input_transform_end_time": 1716758443.1024818, "result_transform_start_time": 1716758443.1024835, "result_transform_end_time": 1716758443.1025019}}
{"task_id": "591a208b-45a4-4817-9265-fb5da3681752", "function_name": "noop_task", "parent_task_ids": [], "submit_time": 1716758443.104461, "received_time": 1716758443.1059632, "execution": {"hostname": "escience-taps", "execution_start_time": 1716758443.1052155, "execution_end_time": 1716758443.1056514, "task_start_time": 1716758443.1052258, "task_end_time": 1716758443.1056337, "input_transform_start_time": 1716758443.1052217, "input_transform_end_time": 1716758443.1052258, "result_transform_start_time": 1716758443.1056337, "result_transform_end_time": 1716758443.1056514}}
{"task_id": "387d2a98-730e-4a37-b941-24645f327fd1", "function_name": "noop_task", "parent_task_ids": [], "submit_time": 1716758443.1063552, "received_time": 1716758443.107303, "execution": {"hostname": "escience-taps", "execution_start_time": 1716758443.1067939, "execution_end_time": 1716758443.1070797, "task_start_time": 1716758443.1068025, "task_end_time": 1716758443.1070764, "input_transform_start_time": 1716758443.106799, "input_transform_end_time": 1716758443.1068025, "result_transform_start_time": 1716758443.1070764, "result_transform_end_time": 1716758443.1070797}}
{"task_id": "bace89f8-71b7-4675-ac77-cf287c38e19e", "function_name": "noop_task", "parent_task_ids": [], "submit_time": 1716758443.1076705, "received_time": 1716758443.1084967, "execution": {"hostname": "escience-taps", "execution_start_time": 1716758443.1079886, "execution_end_time": 1716758443.1082726, "task_start_time": 1716758443.1079974, "task_end_time": 1716758443.1082695, "input_transform_start_time": 1716758443.1079934, "input_transform_end_time": 1716758443.1079972, "result_transform_start_time": 1716758443.10827, "result_transform_end_time": 1716758443.1082726}}
{"task_id": "fdd7c706-8d4f-475f-93ee-83a0ab5f7d65", "function_name": "noop_task", "parent_task_ids": [], "submit_time": 1716758443.1088886, "received_time": 1716758443.1096988, "execution": {"hostname": "escience-taps", "execution_start_time": 1716758443.1092048, "execution_end_time": 1716758443.1094868, "task_start_time": 1716758443.1092107, "task_end_time": 1716758443.1094837, "input_transform_start_time": 1716758443.1092079, "input_transform_end_time": 1716758443.1092107, "result_transform_start_time": 1716758443.109484, "result_transform_end_time": 1716758443.1094866}}
{"task_id": "4a1311b2-c5a1-43df-ba3d-a84152ae726c", "function_name": "noop_task", "parent_task_ids": [], "submit_time": 1716758443.110052, "received_time": 1716758443.1108148, "execution": {"hostname": "escience-taps", "execution_start_time": 1716758443.110338, "execution_end_time": 1716758443.110616, "task_start_time": 1716758443.1103432, "task_end_time": 1716758443.1106136, "input_transform_start_time": 1716758443.1103406, "input_transform_end_time": 1716758443.1103432, "result_transform_start_time": 1716758443.1106136, "result_transform_end_time": 1716758443.110616}}
{"task_id": "0efb2c6d-a237-4ba0-8a34-a425e77dbfcb", "function_name": "noop_task", "parent_task_ids": [], "submit_time": 1716758443.1111774, "received_time": 1716758443.1119428, "execution": {"hostname": "escience-taps", "execution_start_time": 1716758443.1114602, "execution_end_time": 1716758443.111739, "task_start_time": 1716758443.111465, "task_end_time": 1716758443.111733, "input_transform_start_time": 1716758443.1114626, "input_transform_end_time": 1716758443.111465, "result_transform_start_time": 1716758443.111733, "result_transform_end_time": 1716758443.111739}}
{"task_id": "1bc75634-e670-498a-8abc-90228ffaffb4", "function_name": "noop_task", "parent_task_ids": [], "submit_time": 1716758443.1123128, "received_time": 1716758443.1131248, "execution": {"hostname": "escience-taps", "execution_start_time": 1716758443.1126177, "execution_end_time": 1716758443.1129012, "task_start_time": 1716758443.1126242, "task_end_time": 1716758443.112898, "input_transform_start_time": 1716758443.1126206, "input_transform_end_time": 1716758443.112624, "result_transform_start_time": 1716758443.1128983, "result_transform_end_time": 1716758443.1129012}}
{"task_id": "ad3aa198-a298-474e-830f-6bfc20c88246", "function_name": "noop_task", "parent_task_ids": [], "submit_time": 1716758443.1134942, "received_time": 1716758443.1164296, "execution": {"hostname": "escience-taps", "execution_start_time": 1716758443.115866, "execution_end_time": 1716758443.116227, "task_start_time": 1716758443.1158729, "task_end_time": 1716758443.1162229, "input_transform_start_time": 1716758443.1158695, "input_transform_end_time": 1716758443.1158729, "result_transform_start_time": 1716758443.1162233, "result_transform_end_time": 1716758443.116227}}
{"task_id": "ca65099a-7703-4205-87ae-75ca6fa26da2", "function_name": "noop_task", "parent_task_ids": [], "submit_time": 1716758443.1168425, "received_time": 1716758443.117621, "execution": {"hostname": "escience-taps", "execution_start_time": 1716758443.1171384, "execution_end_time": 1716758443.1174524, "task_start_time": 1716758443.1171446, "task_end_time": 1716758443.1174495, "input_transform_start_time": 1716758443.1171417, "input_transform_end_time": 1716758443.1171446, "result_transform_start_time": 1716758443.1174498, "result_transform_end_time": 1716758443.1174524}}
{"task_id": "79d062bd-8f90-4b98-961c-1c0195c01dde", "function_name": "noop_task", "parent_task_ids": [], "submit_time": 1716758443.117941, "received_time": 1716758443.118663, "execution": {"hostname": "escience-taps", "execution_start_time": 1716758443.1182165, "execution_end_time": 1716758443.1184912, "task_start_time": 1716758443.1182208, "task_end_time": 1716758443.1184886, "input_transform_start_time": 1716758443.1182187, "input_transform_end_time": 1716758443.1182208, "result_transform_start_time": 1716758443.1184886, "result_transform_end_time": 1716758443.1184912}}
