{"task_id": "a6ecc73d-39fc-4a81-91e2-f99f6ed884c3", "function_name": "id", "parent_task_ids": [], "submit_time": 1716761325.8104084, "received_time": 1716761327.2483242, "execution": {"hostname": "escience-taps", "execution_start_time": 1716761326.0914235, "execution_end_time": 1716761326.0914416, "task_start_time": 1716761326.0914354, "task_end_time": 1716761326.0914364, "input_transform_start_time": 1716761326.0914292, "input_transform_end_time": 1716761326.0914352, "result_transform_start_time": 1716761326.0914364, "result_transform_end_time": 1716761326.0914414}}
{"task_id": "cd325c26-91fa-4268-9ed5-38799908d750", "function_name": "noop_task", "parent_task_ids": [], "submit_time": 1716761327.3072932, "received_time": 1716761327.749555, "execution": {"hostname": "escience-taps", "execution_start_time": 1716761327.486156, "execution_end_time": 1716761327.5380557, "task_start_time": 1716761327.4861774, "task_end_time": 1716761327.5286298, "input_transform_start_time": 1716761327.4861684, "input_transform_end_time": 1716761327.4861772, "result_transform_start_time": 1716761327.5286298, "result_transform_end_time": 1716761327.5380552}}
{"task_id": "00e02daa-8fc1-4ec6-b56b-e940d929de7c", "function_name": "noop_task", "parent_task_ids": [], "submit_time": 1716761327.8200219, "received_time": 1716761328.752185, "execution": {"hostname": "escience-taps", "execution_start_time": 1716761328.4968717, "execution_end_time": 1716761328.545069, "task_start_time": 1716761328.4968822, "task_end_time": 1716761328.5346007, "input_transform_start_time": 1716761328.4968772, "input_transform_end_time": 1716761328.496882, "result_transform_start_time": 1716761328.5346014, "result_transform_end_time": 1716761328.5450685}}
{"task_id": "31947b7e-fd5f-4fbd-adff-735e6ff251ca", "function_name": "noop_task", "parent_task_ids": [], "submit_time": 1716761328.8245466, "received_time": 1716761329.7546518, "execution": {"hostname": "escience-taps", "execution_start_time": 1716761329.4979193, "execution_end_time": 1716761329.5438514, "task_start_time": 1716761329.49793, "task_end_time": 1716761329.5351589, "input_transform_start_time": 1716761329.497925, "input_transform_end_time": 1716761329.49793, "result_transform_start_time": 1716761329.5351593, "result_transform_end_time": 1716761329.5438514}}
{"task_id": "3ca110a9-6c05-4ece-9c57-290edc598834", "function_name": "noop_task", "parent_task_ids": [], "submit_time": 1716761329.8142867, "received_time": 1716761330.7570398, "execution": {"hostname": "escience-taps", "execution_start_time": 1716761330.4909296, "execution_end_time": 1716761330.5364022, "task_start_time": 1716761330.4909406, "task_end_time": 1716761330.5277956, "input_transform_start_time": 1716761330.4909356, "input_transform_end_time": 1716761330.4909403, "result_transform_start_time": 1716761330.5277963, "result_transform_end_time": 1716761330.536402}}
{"task_id": "c544d73b-eaa3-4943-bd39-1092ed7091cc", "function_name": "noop_task", "parent_task_ids": [], "submit_time": 1716761330.816333, "received_time": 1716761331.759728, "execution": {"hostname": "escience-taps", "execution_start_time": 1716761331.495582, "execution_end_time": 1716761331.5423615, "task_start_time": 1716761331.495593, "task_end_time": 1716761331.5330617, "input_transform_start_time": 1716761331.495588, "input_transform_end_time": 1716761331.4955926, "result_transform_start_time": 1716761331.5330625, "result_transform_end_time": 1716761331.5423613}}
{"task_id": "abeadcba-e88b-4a57-b0db-80373914561b", "function_name": "noop_task", "parent_task_ids": [], "submit_time": 1716761331.8182256, "received_time": 1716761332.261393, "execution": {"hostname": "escience-taps", "execution_start_time": 1716761331.9417691, "execution_end_time": 1716761332.0176823, "task_start_time": 1716761331.9418046, "task_end_time": 1716761332.006131, "input_transform_start_time": 1716761331.941788, "input_transform_end_time": 1716761331.9418042, "result_transform_start_time": 1716761332.0061314, "result_transform_end_time": 1716761332.017682}}
{"task_id": "ffeb83ee-6953-49b6-a0d6-292c819d9f60", "function_name": "noop_task", "parent_task_ids": [], "submit_time": 1716761332.332423, "received_time": 1716761332.762513, "execution": {"hostname": "escience-taps", "execution_start_time": 1716761332.4363835, "execution_end_time": 1716761332.5064561, "task_start_time": 1716761332.4364235, "task_end_time": 1716761332.4975183, "input_transform_start_time": 1716761332.4364078, "input_transform_end_time": 1716761332.436423, "result_transform_start_time": 1716761332.4975197, "result_transform_end_time": 1716761332.506456}}
{"task_id": "fec328a1-093a-4492-a970-c055386382a9", "function_name": "noop_task", "parent_task_ids": [], "submit_time": 1716761332.821418, "received_time": 1716761333.263356, "execution": {"hostname": "escience-taps", "execution_start_time": 1716761332.9379785, "execution_end_time": 1716761333.010349, "task_start_time": 1716761332.9380057, "task_end_time": 1716761333.0012107, "input_transform_start_time": 1716761332.9379945, "input_transform_end_time": 1716761332.9380054, "result_transform_start_time": 1716761333.0012114, "result_transform_end_time": 1716761333.0103488}}
{"task_id": "2426bd49-90b5-451e-82e6-aab396142b05", "function_name": "noop_task", "parent_task_ids": [], "submit_time": 1716761333.3335671, "received_time": 1716761333.764494, "execution": {"hostname": "escience-taps", "execution_start_time": 1716761333.4423327, "execution_end_time": 1716761333.514159, "task_start_time": 1716761333.4423625, "task_end_time": 1716761333.5049257, "input_transform_start_time": 1716761333.442351, "input_transform_end_time": 1716761333.4423623, "result_transform_start_time": 1716761333.5049262, "result_transform_end_time": 1716761333.5141585}}
{"task_id": "abd5b42f-4a06-438e-a24e-a2635674036c", "function_name": "noop_task", "parent_task_ids": [], "submit_time": 1716761333.8237908, "received_time": 1716761334.265811, "execution": {"hostname": "escience-taps", "execution_start_time": 1716761333.935554, "execution_end_time": 1716761334.0062423, "task_start_time": 1716761333.9355836, "task_end_time": 1716761333.9978733, "input_transform_start_time": 1716761333.9355721, "input_transform_end_time": 1716761333.935583, "result_transform_start_time": 1716761333.997874, "result_transform_end_time": 1716761334.006242}}
