{"task_id": "93e1f80d-e001-43a8-8c82-5287da5ebba3", "function_name": "id", "parent_task_ids": [], "submit_time": 1716758060.730838, "received_time": 1716758061.4258363, "execution": {"hostname": "escience-taps", "execution_start_time": 1716758061.4172072, "execution_end_time": 1716758061.417232, "task_start_time": 1716758061.417221, "task_end_time": 1716758061.4172235, "input_transform_start_time": 1716758061.4172144, "input_transform_end_time": 1716758061.417221, "result_transform_start_time": 1716758061.4172237, "result_transform_end_time": 1716758061.4172318}}
{"task_id": "d0fd3f8e-d963-4ccf-82c0-fc96e5a34725", "function_name": "noop_task", "parent_task_ids": [], "submit_time": 1716758061.4245908, "received_time": 1716758061.4465506, "execution": {"hostname": "escience-taps", "execution_start_time": 1716758061.4421751, "execution_end_time": 1716758061.4428148, "task_start_time": 1716758061.4421926, "task_end_time": 1716758061.4428055, "input_transform_start_time": 1716758061.4421835, "input_transform_end_time": 1716758061.442192, "result_transform_start_time": 1716758061.4428058, "result_transform_end_time": 1716758061.4428144}}
{"task_id": "08cdf43b-586c-4097-b059-88bd5d7f2ded", "function_name": "noop_task", "parent_task_ids": [], "submit_time": 1716758061.4477868, "received_time": 1716758061.4581852, "execution": {"hostname": "escience-taps", "execution_start_time": 1716758061.4541812, "execution_end_time": 1716758061.454849, "task_start_time": 1716758061.4542093, "task_end_time": 1716758061.4548376, "input_transform_start_time": 1716758061.4541965, "input_transform_end_time": 1716758061.454209, "result_transform_start_time": 1716758061.454838, "result_transform_end_time": 1716758061.4548488}}
{"task_id": "6de5f20d-188a-45c7-aa34-65e78eb33bef", "function_name": "noop_task", "parent_task_ids": [], "submit_time": 1716758061.4593701, "received_time": 1716758061.4789996, "execution": {"hostname": "escience-taps", "execution_start_time": 1716758061.4751937, "execution_end_time": 1716758061.47574, "task_start_time": 1716758061.4752138, "task_end_time": 1716758061.475731, "input_transform_start_time": 1716758061.4752033, "input_transform_end_time": 1716758061.4752138, "result_transform_start_time": 1716758061.4757311, "result_transform_end_time": 1716758061.4757397}}
{"task_id": "461ddc45-2278-41bb-9456-83a0bb8fbb64", "function_name": "noop_task", "parent_task_ids": [], "submit_time": 1716758061.4802601, "received_time": 1716758061.4961371, "execution": {"hostname": "escience-taps", "execution_start_time": 1716758061.4924471, "execution_end_time": 1716758061.4930785, "task_start_time": 1716758061.4924746, "task_end_time": 1716758061.4930642, "input_transform_start_time": 1716758061.492461, "input_transform_end_time": 1716758061.492474, "result_transform_start_time": 1716758061.4930644, "result_transform_end_time": 1716758061.4930782}}
{"task_id": "b5686df2-318a-4476-8a8d-8f615b23fe07", "function_name": "noop_task", "parent_task_ids": [], "submit_time": 1716758061.4972732, "received_time": 1716758061.5106843, "execution": {"hostname": "escience-taps", "execution_start_time": 1716758061.50705, "execution_end_time": 1716758061.507921, "task_start_time": 1716758061.5070748, "task_end_time": 1716758061.5079067, "input_transform_start_time": 1716758061.5070617, "input_transform_end_time": 1716758061.5070746, "result_transform_start_time": 1716758061.5079072, "result_transform_end_time": 1716758061.5079207}}
{"task_id": "e641ad3d-2f7b-47ec-ade1-38a34f99ad75", "function_name": "noop_task", "parent_task_ids": [], "submit_time": 1716758061.5117304, "received_time": 1716758061.5248818, "execution": {"hostname": "escience-taps", "execution_start_time": 1716758061.5218613, "execution_end_time": 1716758061.5223203, "task_start_time": 1716758061.5218709, "task_end_time": 1716758061.5223143, "input_transform_start_time": 1716758061.5218658, "input_transform_end_time": 1716758061.5218709, "result_transform_start_time": 1716758061.5223145, "result_transform_end_time": 1716758061.52232}}
{"task_id": "e566f0bd-e82e-4e18-a3d8-edf5c9b8a7d0", "function_name": "noop_task", "parent_task_ids": [], "submit_time": 1716758061.5262728, "received_time": 1716758061.542212, "execution": {"hostname": "escience-taps", "execution_start_time": 1716758061.5383534, "execution_end_time": 1716758061.5388963, "task_start_time": 1716758061.5383735, "task_end_time": 1716758061.5388842, "input_transform_start_time": 1716758061.538363, "input_transform_end_time": 1716758061.5383732, "result_transform_start_time": 1716758061.5388844, "result_transform_end_time": 1716758061.538896}}
{"task_id": "8b871555-4958-415c-937a-ea1207ac7e87", "function_name": "noop_task", "parent_task_ids": [], "submit_time": 1716758061.5432851, "received_time": 1716758061.5582128, "execution": {"hostname": "escience-taps", "execution_start_time": 1716758061.554274, "execution_end_time": 1716758061.5549524, "task_start_time": 1716758061.5542912, "task_end_time": 1716758061.5549414, "input_transform_start_time": 1716758061.5542817, "input_transform_end_time": 1716758061.554291, "result_transform_start_time": 1716758061.554942, "result_transform_end_time": 1716758061.5549521}}
{"task_id": "b7e31de7-536e-421d-b3a5-01499238f3c5", "function_name": "noop_task", "parent_task_ids": [], "submit_time": 1716758061.5594652, "received_time": 1716758061.5734444, "execution": {"hostname": "escience-taps", "execution_start_time": 1716758061.5699244, "execution_end_time": 1716758061.5706506, "task_start_time": 1716758061.5699406, "task_end_time": 1716758061.5706427, "input_transform_start_time": 1716758061.569932, "input_transform_end_time": 1716758061.5699403, "result_transform_start_time": 1716758061.5706432, "result_transform_end_time": 1716758061.5706506}}
{"task_id": "541e255f-5db9-4afe-a65b-c3a68f5a1bea", "function_name": "noop_task", "parent_task_ids": [], "submit_time": 1716758061.5746489, "received_time": 1716758061.5894792, "execution": {"hostname": "escience-taps", "execution_start_time": 1716758061.585934, "execution_end_time": 1716758061.586584, "task_start_time": 1716758061.585952, "task_end_time": 1716758061.5865755, "input_transform_start_time": 1716758061.585942, "input_transform_end_time": 1716758061.5859518, "result_transform_start_time": 1716758061.586576, "result_transform_end_time": 1716758061.586584}}
