{"task_id": "5d1aaf3f-600b-41d3-b378-afb41193315c", "function_name": "_map_function_for_enron_run_mode", "parent_task_ids": [], "submit_time": 1716647768.5751183, "received_time": 1716647769.6272674, "execution": {"hostname": "escience-taps", "execution_start_time": 1716647769.3047588, "execution_end_time": 1716647769.5835829, "task_start_time": 1716647769.3047729, "task_end_time": 1716647769.5835721, "input_transform_start_time": 1716647769.3047643, "input_transform_end_time": 1716647769.3047729, "result_transform_start_time": 1716647769.5835726, "result_transform_end_time": 1716647769.5835826}}
{"task_id": "33d240ac-92a8-4f2c-93dd-8594d26ff463", "function_name": "_map_function_for_enron_run_mode", "parent_task_ids": [], "submit_time": 1716647768.5781024, "received_time": 1716647769.679648, "execution": {"hostname": "escience-taps", "execution_start_time": 1716647769.3480601, "execution_end_time": 1716647769.6478367, "task_start_time": 1716647769.3480752, "task_end_time": 1716647769.647827, "input_transform_start_time": 1716647769.3480654, "input_transform_end_time": 1716647769.348075, "result_transform_start_time": 1716647769.6478271, "result_transform_end_time": 1716647769.6478367}}
{"task_id": "001319f7-ed61-45db-8d08-a02be00abcd4", "function_name": "_map_function_for_enron_run_mode", "parent_task_ids": [], "submit_time": 1716647768.571232, "received_time": 1716647769.8221915, "execution": {"hostname": "escience-taps", "execution_start_time": 1716647769.344957, "execution_end_time": 1716647769.793008, "task_start_time": 1716647769.3449714, "task_end_time": 1716647769.7929966, "input_transform_start_time": 1716647769.3449621, "input_transform_end_time": 1716647769.3449712, "result_transform_start_time": 1716647769.792997, "result_transform_end_time": 1716647769.7930079}}
{"task_id": "9271ebec-701c-4e8e-b0e4-c747705c3045", "function_name": "_map_function_for_enron_run_mode", "parent_task_ids": [], "submit_time": 1716647768.5747468, "received_time": 1716647769.9066498, "execution": {"hostname": "escience-taps", "execution_start_time": 1716647769.3338747, "execution_end_time": 1716647769.8523655, "task_start_time": 1716647769.3338883, "task_end_time": 1716647769.8523548, "input_transform_start_time": 1716647769.3338792, "input_transform_end_time": 1716647769.3338883, "result_transform_start_time": 1716647769.852355, "result_transform_end_time": 1716647769.8523653}}
{"task_id": "671d5709-7b57-44be-9104-74e761c476d1", "function_name": "_map_function_for_enron_run_mode", "parent_task_ids": [], "submit_time": 1716647768.574013, "received_time": 1716647769.9868984, "execution": {"hostname": "escience-taps", "execution_start_time": 1716647769.3352005, "execution_end_time": 1716647769.9381402, "task_start_time": 1716647769.3352084, "task_end_time": 1716647769.9381275, "input_transform_start_time": 1716647769.3352041, "input_transform_end_time": 1716647769.3352082, "result_transform_start_time": 1716647769.9381278, "result_transform_end_time": 1716647769.9381402}}
{"task_id": "84c28db3-ac8d-4845-897c-ac28ff8cb1b8", "function_name": "_map_function_for_enron_run_mode", "parent_task_ids": [], "submit_time": 1716647768.5778663, "received_time": 1716647770.1323483, "execution": {"hostname": "escience-taps", "execution_start_time": 1716647769.3409605, "execution_end_time": 1716647770.086025, "task_start_time": 1716647769.3409748, "task_end_time": 1716647770.0860128, "input_transform_start_time": 1716647769.3409653, "input_transform_end_time": 1716647769.3409748, "result_transform_start_time": 1716647770.086013, "result_transform_end_time": 1716647770.0860248}}
{"task_id": "275b30e6-fa96-4b5d-89c5-6219b9d5705a", "function_name": "_map_function_for_enron_run_mode", "parent_task_ids": [], "submit_time": 1716647768.5729623, "received_time": 1716647770.2219753, "execution": {"hostname": "escience-taps", "execution_start_time": 1716647769.3418334, "execution_end_time": 1716647770.119043, "task_start_time": 1716647769.3418462, "task_end_time": 1716647770.119032, "input_transform_start_time": 1716647769.3418376, "input_transform_end_time": 1716647769.341846, "result_transform_start_time": 1716647770.119032, "result_transform_end_time": 1716647770.1190429}}
{"task_id": "35c30687-730b-424b-9370-ea83328b073f", "function_name": "_map_function_for_enron_run_mode", "parent_task_ids": [], "submit_time": 1716647768.5695553, "received_time": 1716647770.2774677, "execution": {"hostname": "escience-taps", "execution_start_time": 1716647769.3340652, "execution_end_time": 1716647770.1234837, "task_start_time": 1716647769.3340786, "task_end_time": 1716647770.1234732, "input_transform_start_time": 1716647769.3340697, "input_transform_end_time": 1716647769.3340786, "result_transform_start_time": 1716647770.1234734, "result_transform_end_time": 1716647770.1234834}}
{"task_id": "ca868017-d8f6-49df-ad7c-9f4b83ee9374", "function_name": "_map_function_for_enron_run_mode", "parent_task_ids": [], "submit_time": 1716647768.5754817, "received_time": 1716647770.3613684, "execution": {"hostname": "escience-taps", "execution_start_time": 1716647769.3440974, "execution_end_time": 1716647770.1420712, "task_start_time": 1716647769.344112, "task_end_time": 1716647770.1420596, "input_transform_start_time": 1716647769.3441021, "input_transform_end_time": 1716647769.3441117, "result_transform_start_time": 1716647770.1420598, "result_transform_end_time": 1716647770.142071}}
{"task_id": "cc2cdbe4-1406-4087-92cb-8d92f5d3e528", "function_name": "_map_function_for_enron_run_mode", "parent_task_ids": [], "submit_time": 1716647768.5714846, "received_time": 1716647770.4191182, "execution": {"hostname": "escience-taps", "execution_start_time": 1716647769.3459651, "execution_end_time": 1716647770.152269, "task_start_time": 1716647769.345979, "task_end_time": 1716647770.1522586, "input_transform_start_time": 1716647769.3459697, "input_transform_end_time": 1716647769.3459787, "result_transform_start_time": 1716647770.1522589, "result_transform_end_time": 1716647770.152269}}
{"task_id": "f0a4b365-3262-411b-a9f9-e09b67573979", "function_name": "_map_function_for_enron_run_mode", "parent_task_ids": [], "submit_time": 1716647768.5758343, "received_time": 1716647770.4724655, "execution": {"hostname": "escience-taps", "execution_start_time": 1716647769.3476439, "execution_end_time": 1716647770.159079, "task_start_time": 1716647769.3476634, "task_end_time": 1716647770.1590679, "input_transform_start_time": 1716647769.3476505, "input_transform_end_time": 1716647769.3476632, "result_transform_start_time": 1716647770.159068, "result_transform_end_time": 1716647770.159079}}
{"task_id": "172f8dde-5a39-4da9-a875-355fada03279", "function_name": "_map_function_for_enron_run_mode", "parent_task_ids": [], "submit_time": 1716647768.5731487, "received_time": 1716647770.523109, "execution": {"hostname": "escience-taps", "execution_start_time": 1716647769.3260574, "execution_end_time": 1716647770.1758008, "task_start_time": 1716647769.326072, "task_end_time": 1716647770.175788, "input_transform_start_time": 1716647769.326062, "input_transform_end_time": 1716647769.326072, "result_transform_start_time": 1716647770.1757889, "result_transform_end_time": 1716647770.1758006}}
{"task_id": "59f0cb74-6fed-4818-99b8-a5cdad7fb807", "function_name": "_map_function_for_enron_run_mode", "parent_task_ids": [], "submit_time": 1716647768.5717547, "received_time": 1716647770.6013415, "execution": {"hostname": "escience-taps", "execution_start_time": 1716647769.348673, "execution_end_time": 1716647770.1895814, "task_start_time": 1716647769.3486922, "task_end_time": 1716647770.189571, "input_transform_start_time": 1716647769.3486798, "input_transform_end_time": 1716647769.348692, "result_transform_start_time": 1716647770.1895714, "result_transform_end_time": 1716647770.1895812}}
{"task_id": "41261a4a-0d4f-4350-a89a-dd3af1d930b2", "function_name": "_map_function_for_enron_run_mode", "parent_task_ids": [], "submit_time": 1716647768.5705097,