{"task_id": "99dce62e-723f-4489-a134-169afc051859", "function_name": "id", "parent_task_ids": [], "submit_time": 1716763219.3017457, "received_time": 1716763219.3099678, "execution": {"hostname": "escience-taps", "execution_start_time": 1716763219.309071, "execution_end_time": 1716763219.3091512, "task_start_time": 1716763219.3091307, "task_end_time": 1716763219.309132, "input_transform_start_time": 1716763219.309088, "input_transform_end_time": 1716763219.3091204, "result_transform_start_time": 1716763219.309132, "result_transform_end_time": 1716763219.309151}}
{"task_id": "5f3aac30-2590-4384-ad8c-0257e63eab63", "function_name": "noop_task", "parent_task_ids": [], "submit_time": 1716763219.310807, "received_time": 1716763219.3153067, "execution": {"hostname": "escience-taps", "execution_start_time": 1716763219.3133206, "execution_end_time": 1716763219.3149877, "task_start_time": 1716763219.3133495, "task_end_time": 1716763219.3147132, "input_transform_start_time": 1716763219.3133416, "input_transform_end_time": 1716763219.313349, "result_transform_start_time": 1716763219.3147132, "result_transform_end_time": 1716763219.3149874}}
{"task_id": "51851f62-d75d-4072-8304-9400d8920b13", "function_name": "noop_task", "parent_task_ids": [], "submit_time": 1716763219.3156834, "received_time": 1716763219.3169382, "execution": {"hostname": "escience-taps", "execution_start_time": 1716763219.3162386, "execution_end_time": 1716763219.3167737, "task_start_time": 1716763219.3162513, "task_end_time": 1716763219.316541, "input_transform_start_time": 1716763219.3162467, "input_transform_end_time": 1716763219.316251, "result_transform_start_time": 1716763219.3165412, "result_transform_end_time": 1716763219.3167734}}
{"task_id": "63f6ce60-78db-48e0-8778-37267a8f694e", "function_name": "noop_task", "parent_task_ids": [], "submit_time": 1716763219.3171973, "received_time": 1716763219.3183148, "execution": {"hostname": "escience-taps", "execution_start_time": 1716763219.3177438, "execution_end_time": 1716763219.3181586, "task_start_time": 1716763219.3177595, "task_end_time": 1716763219.3179975, "input_transform_start_time": 1716763219.3177514, "input_transform_end_time": 1716763219.3177595, "result_transform_start_time": 1716763219.3179975, "result_transform_end_time": 1716763219.3181584}}
{"task_id": "9912ded8-8bb7-438d-a9d4-532b1a42d602", "function_name": "noop_task", "parent_task_ids": [], "submit_time": 1716763219.318556, "received_time": 1716763219.3196065, "execution": {"hostname": "escience-taps", "execution_start_time": 1716763219.319021, "execution_end_time": 1716763219.3194644, "task_start_time": 1716763219.3190327, "task_end_time": 1716763219.3192863, "input_transform_start_time": 1716763219.3190281, "input_transform_end_time": 1716763219.3190327, "result_transform_start_time": 1716763219.3192866, "result_transform_end_time": 1716763219.3194642}}
{"task_id": "a93665bc-6f15-4117-955b-de141309617b", "function_name": "noop_task", "parent_task_ids": [], "submit_time": 1716763219.3198571, "received_time": 1716763219.320866, "execution": {"hostname": "escience-taps", "execution_start_time": 1716763219.3203263, "execution_end_time": 1716763219.3207154, "task_start_time": 1716763219.3203387, "task_end_time": 1716763219.320569, "input_transform_start_time": 1716763219.3203337, "input_transform_end_time": 1716763219.3203385, "result_transform_start_time": 1716763219.3205693, "result_transform_end_time": 1716763219.3207152}}
{"task_id": "0c84f49b-1c2b-496c-b357-66ef0bb21370", "function_name": "noop_task", "parent_task_ids": [], "submit_time": 1716763219.3235989, "received_time": 1716763219.3247998, "execution": {"hostname": "escience-taps", "execution_start_time": 1716763219.324162, "execution_end_time": 1716763219.3246264, "task_start_time": 1716763219.3241768, "task_end_time": 1716763219.3244407, "input_transform_start_time": 1716763219.3241708, "input_transform_end_time": 1716763219.3241765, "result_transform_start_time": 1716763219.3244407, "result_transform_end_time": 1716763219.3246262}}
{"task_id": "67734c9a-bacd-4112-b306-5f00f96b91a4", "function_name": "noop_task", "parent_task_ids": [], "submit_time": 1716763219.3250463, "received_time": 1716763219.326067, "execution": {"hostname": "escience-taps", "execution_start_time": 1716763219.3255322, "execution_end_time": 1716763219.3259132, "task_start_time": 1716763219.3255434, "task_end_time": 1716763219.3257608, "input_transform_start_time": 1716763219.3255389, "input_transform_end_time": 1716763219.3255432, "result_transform_start_time": 1716763219.3257608, "result_transform_end_time": 1716763219.3259127}}
{"task_id": "ccd7608c-8988-411c-a54d-4184a6f846db", "function_name": "noop_task", "parent_task_ids": [], "submit_time": 1716763219.3263066, "received_time": 1716763219.3273158, "execution": {"hostname": "escience-taps", "execution_start_time": 1716763219.3267753, "execution_end_time": 1716763219.3271828, "task_start_time": 1716763219.326786, "task_end_time": 1716763219.327024, "input_transform_start_time": 1716763219.326782, "input_transform_end_time": 1716763219.3267858, "result_transform_start_time": 1716763219.327024, "result_transform_end_time": 1716763219.3271828}}
{"task_id": "42462a4c-8892-489b-b668-dc4a338fe7e8", "function_name": "noop_task", "parent_task_ids": [], "submit_time": 1716763219.3275564, "received_time": 1716763219.328475, "execution": {"hostname": "escience-taps", "execution_start_time": 1716763219.3279877, "execution_end_time": 1716763219.32835, "task_start_time": 1716763219.327997, "task_end_time": 1716763219.3282068, "input_transform_start_time": 1716763219.3279936, "input_transform_end_time": 1716763219.327997, "result_transform_start_time": 1716763219.328207, "result_transform_end_time": 1716763219.32835}}
{"task_id": "e34d08b2-1e86-489e-ae8a-8414092e6d75", "function_name": "noop_task", "parent_task_ids": [], "submit_time": 1716763219.3286903, "received_time": 1716763219.3296459, "execution": {"hostname": "escience-taps", "execution_start_time": 1716763219.3291352, "execution_end_time": 1716763219.329501, "task_start_time": 1716763219.329144, "task_end_time": 1716763219.329355, "input_transform_start_time": 1716763219.329141, "input_transform_end_time": 1716763219.3291438, "result_transform_start_time": 1716763219.329355, "result_transform_end_time": 1716763219.329501}}
