{"task_id": "129acc57-705e-4b34-9a05-b16b33eb9e2c", "function_name": "id", "parent_task_ids": [], "submit_time": 1716760929.7956715, "received_time": 1716760931.223525, "execution": {"hostname": "escience-taps", "execution_start_time": 1716760930.1030042, "execution_end_time": 1716760930.1030302, "task_start_time": 1716760930.1030197, "task_end_time": 1716760930.1030211, "input_transform_start_time": 1716760930.1030123, "input_transform_end_time": 1716760930.1030195, "result_transform_start_time": 1716760930.1030214, "result_transform_end_time": 1716760930.10303}}
{"task_id": "6bca210f-fdd2-4f38-8533-10ffed61b89f", "function_name": "noop_task", "parent_task_ids": [], "submit_time": 1716760931.2242033, "received_time": 1716760932.2263296, "execution": {"hostname": "escience-taps", "execution_start_time": 1716760931.3898883, "execution_end_time": 1716760931.3903012, "task_start_time": 1716760931.3899107, "task_end_time": 1716760931.3901417, "input_transform_start_time": 1716760931.3899012, "input_transform_end_time": 1716760931.3899105, "result_transform_start_time": 1716760931.3901417, "result_transform_end_time": 1716760931.390301}}
{"task_id": "3dae50b8-430f-4e35-b18e-f268a2d61ae8", "function_name": "noop_task", "parent_task_ids": [], "submit_time": 1716760932.2271345, "received_time": 1716760933.2288811, "execution": {"hostname": "escience-taps", "execution_start_time": 1716760932.7173414, "execution_end_time": 1716760932.7177544, "task_start_time": 1716760932.7173674, "task_end_time": 1716760932.7175987, "input_transform_start_time": 1716760932.717358, "input_transform_end_time": 1716760932.717367, "result_transform_start_time": 1716760932.7175987, "result_transform_end_time": 1716760932.7177544}}
{"task_id": "624b04d7-7ce5-442f-98c9-ad32b713066d", "function_name": "noop_task", "parent_task_ids": [], "submit_time": 1716760933.2296996, "received_time": 1716760933.7307925, "execution": {"hostname": "escience-taps", "execution_start_time": 1716760933.3375707, "execution_end_time": 1716760933.3379548, "task_start_time": 1716760933.3375933, "task_end_time": 1716760933.3378139, "input_transform_start_time": 1716760933.3375854, "input_transform_end_time": 1716760933.3375933, "result_transform_start_time": 1716760933.337814, "result_transform_end_time": 1716760933.3379545}}
{"task_id": "4bb15a06-5b33-492a-a542-610eb60a14dd", "function_name": "noop_task", "parent_task_ids": [], "submit_time": 1716760933.731529, "received_time": 1716760934.2321856, "execution": {"hostname": "escience-taps", "execution_start_time": 1716760933.8464837, "execution_end_time": 1716760933.8469813, "task_start_time": 1716760933.8465054, "task_end_time": 1716760933.8468103, "input_transform_start_time": 1716760933.8464994, "input_transform_end_time": 1716760933.8465054, "result_transform_start_time": 1716760933.8468106, "result_transform_end_time": 1716760933.846981}}
{"task_id": "9e6f0e1f-f8fc-4001-be13-8de060f4adcd", "function_name": "noop_task", "parent_task_ids": [], "submit_time": 1716760934.2329295, "received_time": 1716760934.7333388, "execution": {"hostname": "escience-taps", "execution_start_time": 1716760934.3354635, "execution_end_time": 1716760934.335846, "task_start_time": 1716760934.3354857, "task_end_time": 1716760934.3357043, "input_transform_start_time": 1716760934.3354762, "input_transform_end_time": 1716760934.3354857, "result_transform_start_time": 1716760934.3357043, "result_transform_end_time": 1716760934.335846}}
{"task_id": "5448330c-0639-4b0a-8e3c-3d6921fc6311", "function_name": "noop_task", "parent_task_ids": [], "submit_time": 1716760934.7340503, "received_time": 1716760935.2348235, "execution": {"hostname": "escience-taps", "execution_start_time": 1716760934.8433683, "execution_end_time": 1716760934.8437474, "task_start_time": 1716760934.8433928, "task_end_time": 1716760934.8436081, "input_transform_start_time": 1716760934.8433821, "input_transform_end_time": 1716760934.8433926, "result_transform_start_time": 1716760934.8436081, "result_transform_end_time": 1716760934.8437471}}
{"task_id": "cdf152f6-24d0-4b21-8d58-97c941340094", "function_name": "noop_task", "parent_task_ids": [], "submit_time": 1716760935.23554, "received_time": 1716760935.7357569, "execution": {"hostname": "escience-taps", "execution_start_time": 1716760935.3410273, "execution_end_time": 1716760935.3414123, "task_start_time": 1716760935.3410532, "task_end_time": 1716760935.3412793, "input_transform_start_time": 1716760935.3410425, "input_transform_end_time": 1716760935.341053, "result_transform_start_time": 1716760935.3412793, "result_transform_end_time": 1716760935.341412}}
{"task_id": "78b91f91-2fba-440d-a51f-5b79244fe9ec", "function_name": "noop_task", "parent_task_ids": [], "submit_time": 1716760935.7364726, "received_time": 1716760936.23766, "execution": {"hostname": "escience-taps", "execution_start_time": 1716760935.8388622, "execution_end_time": 1716760935.8392596, "task_start_time": 1716760935.8388884, "task_end_time": 1716760935.8391056, "input_transform_start_time": 1716760935.8388789, "input_transform_end_time": 1716760935.8388882, "result_transform_start_time": 1716760935.8391058, "result_transform_end_time": 1716760935.8392596}}
{"task_id": "ff166589-f835-48ca-821e-e12505ee74da", "function_name": "noop_task", "parent_task_ids": [], "submit_time": 1716760936.2383823, "received_time": 1716760937.740941, "execution": {"hostname": "escience-taps", "execution_start_time": 1716760936.9634986, "execution_end_time": 1716760936.9638543, "task_start_time": 1716760936.9635096, "task_end_time": 1716760936.9636872, "input_transform_start_time": 1716760936.9635046, "input_transform_end_time": 1716760936.9635096, "result_transform_start_time": 1716760936.9636874, "result_transform_end_time": 1716760936.963854}}
{"task_id": "e7ef9c4f-8751-484f-a6d6-ec988d6f171a", "function_name": "noop_task", "parent_task_ids": [], "submit_time": 1716760937.7416527, "received_time": 1716760939.2441792, "execution": {"hostname": "escience-taps", "execution_start_time": 1716760938.4625413, "execution_end_time": 1716760938.4628897, "task_start_time": 1716760938.462552, "task_end_time": 1716760938.4627259, "input_transform_start_time": 1716760938.4625475, "input_transform_end_time": 1716760938.4625518, "result_transform_start_time": 1716760938.462726, "result_transform_end_time": 1716760938.4628897}}
