{"task_id": "fc06a024-36cd-4120-8336-3537c3a1c854", "function_name": "id", "parent_task_ids": [], "submit_time": 1716758180.5227354, "received_time": 1716758181.2092857, "execution": {"hostname": "escience-taps", "execution_start_time": 1716758181.198883, "execution_end_time": 1716758181.198919, "task_start_time": 1716758181.1989064, "task_end_time": 1716758181.1989079, "input_transform_start_time": 1716758181.198892, "input_transform_end_time": 1716758181.1989062, "result_transform_start_time": 1716758181.198908, "result_transform_end_time": 1716758181.1989188}}
{"task_id": "36652d3c-d114-460c-858f-d83bde37d81b", "function_name": "noop_task", "parent_task_ids": [], "submit_time": 1716758181.2530177, "received_time": 1716758181.5061886, "execution": {"hostname": "escience-taps", "execution_start_time": 1716758181.456881, "execution_end_time": 1716758181.501602, "task_start_time": 1716758181.4569287, "task_end_time": 1716758181.4923928, "input_transform_start_time": 1716758181.4569104, "input_transform_end_time": 1716758181.4569285, "result_transform_start_time": 1716758181.4923935, "result_transform_end_time": 1716758181.5016017}}
{"task_id": "f26fc82a-1558-4376-85de-1fef19909564", "function_name": "noop_task", "parent_task_ids": [], "submit_time": 1716758181.5288067, "received_time": 1716758181.7690456, "execution": {"hostname": "escience-taps", "execution_start_time": 1716758181.7179232, "execution_end_time": 1716758181.7616677, "task_start_time": 1716758181.7179794, "task_end_time": 1716758181.7526026, "input_transform_start_time": 1716758181.7179587, "input_transform_end_time": 1716758181.7179792, "result_transform_start_time": 1716758181.7526028, "result_transform_end_time": 1716758181.7616673}}
{"task_id": "1d3c0eb1-72ac-4cf2-acca-ba81c336e1ec", "function_name": "noop_task", "parent_task_ids": [], "submit_time": 1716758181.7916634, "received_time": 1716758182.0363467, "execution": {"hostname": "escience-taps", "execution_start_time": 1716758181.9857574, "execution_end_time": 1716758182.0291705, "task_start_time": 1716758181.985801, "task_end_time": 1716758182.0201702, "input_transform_start_time": 1716758181.985782, "input_transform_end_time": 1716758181.9858005, "result_transform_start_time": 1716758182.0201705, "result_transform_end_time": 1716758182.0291703}}
{"task_id": "572efbca-c59d-4d0d-badb-4bd928b504fd", "function_name": "noop_task", "parent_task_ids": [], "submit_time": 1716758182.0591135, "received_time": 1716758182.3020325, "execution": {"hostname": "escience-taps", "execution_start_time": 1716758182.2222133, "execution_end_time": 1716758182.2949002, "task_start_time": 1716758182.222493, "task_end_time": 1716758182.2800593, "input_transform_start_time": 1716758182.2224827, "input_transform_end_time": 1716758182.2224927, "result_transform_start_time": 1716758182.2800596, "result_transform_end_time": 1716758182.2949}}
{"task_id": "8c04374a-c4f6-4a7b-9b4b-b82abfaed3f1", "function_name": "noop_task", "parent_task_ids": [], "submit_time": 1716758182.324298, "received_time": 1716758182.5750687, "execution": {"hostname": "escience-taps", "execution_start_time": 1716758182.4978135, "execution_end_time": 1716758182.5686061, "task_start_time": 1716758182.4978364, "task_end_time": 1716758182.5559454, "input_transform_start_time": 1716758182.4978247, "input_transform_end_time": 1716758182.497836, "result_transform_start_time": 1716758182.5559456, "result_transform_end_time": 1716758182.568606}}
{"task_id": "37d46930-57c2-4380-b581-f9c27af8d8dc", "function_name": "noop_task", "parent_task_ids": [], "submit_time": 1716758182.5981698, "received_time": 1716758182.8330247, "execution": {"hostname": "escience-taps", "execution_start_time": 1716758182.7831566, "execution_end_time": 1716758182.8264906, "task_start_time": 1716758182.783182, "task_end_time": 1716758182.8177881, "input_transform_start_time": 1716758182.7831697, "input_transform_end_time": 1716758182.7831817, "result_transform_start_time": 1716758182.8177884, "result_transform_end_time": 1716758182.8264906}}
{"task_id": "c5520387-0fba-44c7-bfa4-87aba2da82cf", "function_name": "noop_task", "parent_task_ids": [], "submit_time": 1716758182.855662, "received_time": 1716758183.0935369, "execution": {"hostname": "escience-taps", "execution_start_time": 1716758183.0155618, "execution_end_time": 1716758183.0868423, "task_start_time": 1716758183.0155864, "task_end_time": 1716758183.073191, "input_transform_start_time": 1716758183.0155737, "input_transform_end_time": 1716758183.0155861, "result_transform_start_time": 1716758183.0731914, "result_transform_end_time": 1716758183.0868423}}
{"task_id": "09160708-814b-4823-ad4d-87ba1623fe22", "function_name": "noop_task", "parent_task_ids": [], "submit_time": 1716758183.1159675, "received_time": 1716758183.3288972, "execution": {"hostname": "escience-taps", "execution_start_time": 1716758183.281602, "execution_end_time": 1716758183.323119, "task_start_time": 1716758183.2816222, "task_end_time": 1716758183.3145554, "input_transform_start_time": 1716758183.2816124, "input_transform_end_time": 1716758183.2816222, "result_transform_start_time": 1716758183.3145554, "result_transform_end_time": 1716758183.3231187}}
{"task_id": "c406c902-0552-4807-ae17-11ee15341535", "function_name": "noop_task", "parent_task_ids": [], "submit_time": 1716758183.3517208, "received_time": 1716758183.5881977, "execution": {"hostname": "escience-taps", "execution_start_time": 1716758183.5099337, "execution_end_time": 1716758183.5820694, "task_start_time": 1716758183.5099528, "task_end_time": 1716758183.5674956, "input_transform_start_time": 1716758183.5099444, "input_transform_end_time": 1716758183.5099525, "result_transform_start_time": 1716758183.5674958, "result_transform_end_time": 1716758183.5820694}}
{"task_id": "c68b46fb-44b8-45ed-abca-adfe5eb07502", "function_name": "noop_task", "parent_task_ids": [], "submit_time": 1716758183.61085, "received_time": 1716758183.858054, "execution": {"hostname": "escience-taps", "execution_start_time": 1716758183.7794507, "execution_end_time": 1716758183.8517532, "task_start_time": 1716758183.779492, "task_end_time": 1716758183.836286, "input_transform_start_time": 1716758183.7794755, "input_transform_end_time": 1716758183.7794917, "result_transform_start_time": 1716758183.8362863, "result_transform_end_time": 1716758183.851753}}
