{"task_id": "78bcd7e7-cf21-4f8d-991a-d8874ea0ceb2", "function_name": "id", "parent_task_ids": [], "submit_time": 1716758202.8728719, "received_time": 1716758203.5634384, "execution": {"hostname": "escience-taps", "execution_start_time": 1716758203.5515454, "execution_end_time": 1716758203.5515804, "task_start_time": 1716758203.5515668, "task_end_time": 1716758203.5515683, "input_transform_start_time": 1716758203.5515525, "input_transform_end_time": 1716758203.5515664, "result_transform_start_time": 1716758203.5515687, "result_transform_end_time": 1716758203.5515802}}
{"task_id": "d38df5cd-d237-478f-9784-14ead4e4d048", "function_name": "noop_task", "parent_task_ids": [], "submit_time": 1716758203.5626361, "received_time": 1716758203.5886858, "execution": {"hostname": "escience-taps", "execution_start_time": 1716758203.5793695, "execution_end_time": 1716758203.581878, "task_start_time": 1716758203.5794013, "task_end_time": 1716758203.5814931, "input_transform_start_time": 1716758203.5793881, "input_transform_end_time": 1716758203.579401, "result_transform_start_time": 1716758203.5814936, "result_transform_end_time": 1716758203.581878}}
{"task_id": "67659bb0-10f8-4b19-af79-7250759c6292", "function_name": "noop_task", "parent_task_ids": [], "submit_time": 1716758203.5893512, "received_time": 1716758203.6000223, "execution": {"hostname": "escience-taps", "execution_start_time": 1716758203.5942068, "execution_end_time": 1716758203.59537, "task_start_time": 1716758203.5942526, "task_end_time": 1716758203.5951476, "input_transform_start_time": 1716758203.5942335, "input_transform_end_time": 1716758203.5942523, "result_transform_start_time": 1716758203.5951478, "result_transform_end_time": 1716758203.5953698}}
{"task_id": "c2216836-65d9-439a-9092-ac750ff6b43b", "function_name": "noop_task", "parent_task_ids": [], "submit_time": 1716758203.601291, "received_time": 1716758203.6217258, "execution": {"hostname": "escience-taps", "execution_start_time": 1716758203.6163065, "execution_end_time": 1716758203.6171174, "task_start_time": 1716758203.6163292, "task_end_time": 1716758203.616917, "input_transform_start_time": 1716758203.6163204, "input_transform_end_time": 1716758203.616329, "result_transform_start_time": 1716758203.616917, "result_transform_end_time": 1716758203.6171172}}
{"task_id": "d080f4fe-6f9f-4c45-923c-0eafec83ac0e", "function_name": "noop_task", "parent_task_ids": [], "submit_time": 1716758203.6230075, "received_time": 1716758203.6441562, "execution": {"hostname": "escience-taps", "execution_start_time": 1716758203.6375885, "execution_end_time": 1716758203.6391866, "task_start_time": 1716758203.6376336, "task_end_time": 1716758203.638824, "input_transform_start_time": 1716758203.6376107, "input_transform_end_time": 1716758203.637633, "result_transform_start_time": 1716758203.638824, "result_transform_end_time": 1716758203.6391864}}
{"task_id": "d6ee4a79-3554-482a-ba46-65dc1752201e", "function_name": "noop_task", "parent_task_ids": [], "submit_time": 1716758203.6451693, "received_time": 1716758203.6659207, "execution": {"hostname": "escience-taps", "execution_start_time": 1716758203.6599782, "execution_end_time": 1716758203.660865, "task_start_time": 1716758203.6600025, "task_end_time": 1716758203.6606433, "input_transform_start_time": 1716758203.6599908, "input_transform_end_time": 1716758203.6600022, "result_transform_start_time": 1716758203.6606436, "result_transform_end_time": 1716758203.660865}}
{"task_id": "3ddb9c41-2f18-4543-9377-76d1fb43a46c", "function_name": "noop_task", "parent_task_ids": [], "submit_time": 1716758203.6663938, "received_time": 1716758203.6864145, "execution": {"hostname": "escience-taps", "execution_start_time": 1716758203.680827, "execution_end_time": 1716758203.681951, "task_start_time": 1716758203.6808524, "task_end_time": 1716758203.68172, "input_transform_start_time": 1716758203.680841, "input_transform_end_time": 1716758203.6808522, "result_transform_start_time": 1716758203.6817203, "result_transform_end_time": 1716758203.6819508}}
{"task_id": "2e520f11-3cf6-4077-a05b-acfc91d79e9d", "function_name": "noop_task", "parent_task_ids": [], "submit_time": 1716758203.687621, "received_time": 1716758203.7042663, "execution": {"hostname": "escience-taps", "execution_start_time": 1716758203.6969118, "execution_end_time": 1716758203.697991, "task_start_time": 1716758203.6969318, "task_end_time": 1716758203.6977973, "input_transform_start_time": 1716758203.6969216, "input_transform_end_time": 1716758203.6969316, "result_transform_start_time": 1716758203.6977975, "result_transform_end_time": 1716758203.6979907}}
{"task_id": "389813c6-7d13-42b4-9362-237bd10ea43c", "function_name": "noop_task", "parent_task_ids": [], "submit_time": 1716758203.7048192, "received_time": 1716758203.7200623, "execution": {"hostname": "escience-taps", "execution_start_time": 1716758203.7142544, "execution_end_time": 1716758203.7155643, "task_start_time": 1716758203.7142892, "task_end_time": 1716758203.7153306, "input_transform_start_time": 1716758203.7142727, "input_transform_end_time": 1716758203.714289, "result_transform_start_time": 1716758203.7153306, "result_transform_end_time": 1716758203.7155643}}
{"task_id": "2b1dab17-83ba-4ad0-90c8-90748920384e", "function_name": "noop_task", "parent_task_ids": [], "submit_time": 1716758203.7219737, "received_time": 1716758203.7386868, "execution": {"hostname": "escience-taps", "execution_start_time": 1716758203.7330287, "execution_end_time": 1716758203.7340145, "task_start_time": 1716758203.733049, "task_end_time": 1716758203.733831, "input_transform_start_time": 1716758203.7330399, "input_transform_end_time": 1716758203.7330487, "result_transform_start_time": 1716758203.7338312, "result_transform_end_time": 1716758203.7340143}}
{"task_id": "ae97780f-2c74-4ca0-91c9-4719e42ea064", "function_name": "noop_task", "parent_task_ids": [], "submit_time": 1716758203.7397099, "received_time": 1716758203.7584336, "execution": {"hostname": "escience-taps", "execution_start_time": 1716758203.7537043, "execution_end_time": 1716758203.7546837, "task_start_time": 1716758203.753728, "task_end_time": 1716758203.754519, "input_transform_start_time": 1716758203.753718, "input_transform_end_time": 1716758203.7537277, "result_transform_start_time": 1716758203.7545192, "result_transform_end_time": 1716758203.7546835}}
