{"task_id": "69edcf3d-c3e9-4189-855d-376b5acb12d6", "function_name": "id", "parent_task_ids": [], "submit_time": 1716758460.231189, "received_time": 1716758460.2395756, "execution": {"hostname": "escience-taps", "execution_start_time": 1716758460.2386956, "execution_end_time": 1716758460.2387674, "task_start_time": 1716758460.238749, "task_end_time": 1716758460.23875, "input_transform_start_time": 1716758460.2387116, "input_transform_end_time": 1716758460.2387488, "result_transform_start_time": 1716758460.2387502, "result_transform_end_time": 1716758460.2387674}}
{"task_id": "2525fd91-9b65-48e1-a226-d5915866327c", "function_name": "noop_task", "parent_task_ids": [], "submit_time": 1716758460.2701995, "received_time": 1716758460.3286984, "execution": {"hostname": "escience-taps", "execution_start_time": 1716758460.2890038, "execution_end_time": 1716758460.3141563, "task_start_time": 1716758460.2890224, "task_end_time": 1716758460.314125, "input_transform_start_time": 1716758460.2890146, "input_transform_end_time": 1716758460.2890222, "result_transform_start_time": 1716758460.314125, "result_transform_end_time": 1716758460.3141563}}
{"task_id": "56035ddb-dc78-42ed-881a-373ea1961566", "function_name": "noop_task", "parent_task_ids": [], "submit_time": 1716758460.3567052, "received_time": 1716758460.3954885, "execution": {"hostname": "escience-taps", "execution_start_time": 1716758460.3653734, "execution_end_time": 1716758460.387623, "task_start_time": 1716758460.3653922, "task_end_time": 1716758460.38761, "input_transform_start_time": 1716758460.365384, "input_transform_end_time": 1716758460.365392, "result_transform_start_time": 1716758460.3876102, "result_transform_end_time": 1716758460.3876228}}
{"task_id": "8ceddc3b-acbc-47b4-9ba7-ec22c117049a", "function_name": "noop_task", "parent_task_ids": [], "submit_time": 1716758460.4184554, "received_time": 1716758460.4595401, "execution": {"hostname": "escience-taps", "execution_start_time": 1716758460.4294353, "execution_end_time": 1716758460.4516535, "task_start_time": 1716758460.4294612, "task_end_time": 1716758460.4516406, "input_transform_start_time": 1716758460.4294515, "input_transform_end_time": 1716758460.4294612, "result_transform_start_time": 1716758460.4516406, "result_transform_end_time": 1716758460.4516535}}
{"task_id": "bf6c8ee7-5531-464a-be0a-de07feea0306", "function_name": "noop_task", "parent_task_ids": [], "submit_time": 1716758460.4827006, "received_time": 1716758460.5234804, "execution": {"hostname": "escience-taps", "execution_start_time": 1716758460.4937327, "execution_end_time": 1716758460.515756, "task_start_time": 1716758460.4937456, "task_end_time": 1716758460.515743, "input_transform_start_time": 1716758460.493739, "input_transform_end_time": 1716758460.4937456, "result_transform_start_time": 1716758460.5157433, "result_transform_end_time": 1716758460.5157554}}
{"task_id": "c60c8c0c-0f70-4257-84ed-25cbb144c336", "function_name": "noop_task", "parent_task_ids": [], "submit_time": 1716758460.5458882, "received_time": 1716758460.5854607, "execution": {"hostname": "escience-taps", "execution_start_time": 1716758460.5558572, "execution_end_time": 1716758460.5780258, "task_start_time": 1716758460.5558727, "task_end_time": 1716758460.5780122, "input_transform_start_time": 1716758460.5558655, "input_transform_end_time": 1716758460.5558724, "result_transform_start_time": 1716758460.5780122, "result_transform_end_time": 1716758460.5780258}}
{"task_id": "b9c22830-2a50-44f9-9986-2f0239614a32", "function_name": "noop_task", "parent_task_ids": [], "submit_time": 1716758460.6080186, "received_time": 1716758460.6477556, "execution": {"hostname": "escience-taps", "execution_start_time": 1716758460.6183138, "execution_end_time": 1716758460.6403127, "task_start_time": 1716758460.618328, "task_end_time": 1716758460.6402912, "input_transform_start_time": 1716758460.6183212, "input_transform_end_time": 1716758460.6183279, "result_transform_start_time": 1716758460.6402917, "result_transform_end_time": 1716758460.6403127}}
{"task_id": "9834f307-85d2-4e1d-b297-510150b2eab1", "function_name": "noop_task", "parent_task_ids": [], "submit_time": 1716758460.6700294, "received_time": 1716758460.7095578, "execution": {"hostname": "escience-taps", "execution_start_time": 1716758460.6800995, "execution_end_time": 1716758460.702176, "task_start_time": 1716758460.6801147, "task_end_time": 1716758460.7021646, "input_transform_start_time": 1716758460.680107, "input_transform_end_time": 1716758460.6801145, "result_transform_start_time": 1716758460.7021646, "result_transform_end_time": 1716758460.7021759}}
{"task_id": "0f8468c5-016e-4c70-93f3-d2c6a0dad307", "function_name": "noop_task", "parent_task_ids": [], "submit_time": 1716758460.7318902, "received_time": 1716758460.773408, "execution": {"hostname": "escience-taps", "execution_start_time": 1716758460.7451618, "execution_end_time": 1716758460.7671258, "task_start_time": 1716758460.7451727, "task_end_time": 1716758460.7671137, "input_transform_start_time": 1716758460.7451682, "input_transform_end_time": 1716758460.7451727, "result_transform_start_time": 1716758460.767114, "result_transform_end_time": 1716758460.7671251}}
{"task_id": "44e78d8e-0102-4499-8861-b20347abb9a3", "function_name": "noop_task", "parent_task_ids": [], "submit_time": 1716758460.8045998, "received_time": 1716758460.8422678, "execution": {"hostname": "escience-taps", "execution_start_time": 1716758460.8144114, "execution_end_time": 1716758460.836363, "task_start_time": 1716758460.8144252, "task_end_time": 1716758460.83635, "input_transform_start_time": 1716758460.8144197, "input_transform_end_time": 1716758460.814425, "result_transform_start_time": 1716758460.8363502, "result_transform_end_time": 1716758460.836363}}
{"task_id": "feb5246b-3433-4378-9336-a3782f964ab4", "function_name": "noop_task", "parent_task_ids": [], "submit_time": 1716758460.86274, "received_time": 1716758460.9002428, "execution": {"hostname": "escience-taps", "execution_start_time": 1716758460.8727021, "execution_end_time": 1716758460.8947282, "task_start_time": 1716758460.8727179, "task_end_time": 1716758460.8947146, "input_transform_start_time": 1716758460.872712, "input_transform_end_time": 1716758460.8727176, "result_transform_start_time": 1716758460.8947146, "result_transform_end_time": 1716758460.894728}}
