{"task_id": "057eb674-8f36-4b41-94e4-6e572ef355c1", "function_name": "_map_function_for_enron_run_mode", "parent_task_ids": [], "submit_time": 1716648073.3717127, "received_time": 1716648075.5131915, "execution": {"hostname": "escience-taps", "execution_start_time": 1716648075.1976745, "execution_end_time": 1716648075.4566774, "task_start_time": 1716648075.197682, "task_end_time": 1716648075.4566655, "input_transform_start_time": 1716648075.1976779, "input_transform_end_time": 1716648075.197682, "result_transform_start_time": 1716648075.4566658, "result_transform_end_time": 1716648075.4566774}}
{"task_id": "d4c92dfa-6e28-4bc8-891f-254b17478d91", "function_name": "_map_function_for_enron_run_mode", "parent_task_ids": [], "submit_time": 1716648073.3742385, "received_time": 1716648075.5258555, "execution": {"hostname": "escience-taps", "execution_start_time": 1716648075.198577, "execution_end_time": 1716648075.4650066, "task_start_time": 1716648075.198584, "task_end_time": 1716648075.464995, "input_transform_start_time": 1716648075.1985805, "input_transform_end_time": 1716648075.1985838, "result_transform_start_time": 1716648075.464996, "result_transform_end_time": 1716648075.4650066}}
{"task_id": "fa525e71-2096-430d-8204-dc89c0d01ca8", "function_name": "_map_function_for_enron_run_mode", "parent_task_ids": [], "submit_time": 1716648073.3662035, "received_time": 1716648075.5969543, "execution": {"hostname": "escience-taps", "execution_start_time": 1716648075.1369207, "execution_end_time": 1716648075.559976, "task_start_time": 1716648075.1369278, "task_end_time": 1716648075.5599668, "input_transform_start_time": 1716648075.1369238, "input_transform_end_time": 1716648075.1369278, "result_transform_start_time": 1716648075.559967, "result_transform_end_time": 1716648075.5599759}}
{"task_id": "b079e7cb-6b73-434f-8ec4-79ef44118eb0", "function_name": "_map_function_for_enron_run_mode", "parent_task_ids": [], "submit_time": 1716648073.3710766, "received_time": 1716648075.7162724, "execution": {"hostname": "escience-taps", "execution_start_time": 1716648075.1983318, "execution_end_time": 1716648075.6735682, "task_start_time": 1716648075.1983387, "task_end_time": 1716648075.6735559, "input_transform_start_time": 1716648075.1983352, "input_transform_end_time": 1716648075.1983385, "result_transform_start_time": 1716648075.6735568, "result_transform_end_time": 1716648075.673568}}
{"task_id": "5660b841-6893-4af2-989f-9e128a05580b", "function_name": "_map_function_for_enron_run_mode", "parent_task_ids": [], "submit_time": 1716648073.3698306, "received_time": 1716648075.7689302, "execution": {"hostname": "escience-taps", "execution_start_time": 1716648075.1513462, "execution_end_time": 1716648075.7206662, "task_start_time": 1716648075.1513526, "task_end_time": 1716648075.7206564, "input_transform_start_time": 1716648075.1513493, "input_transform_end_time": 1716648075.1513524, "result_transform_start_time": 1716648075.7206566, "result_transform_end_time": 1716648075.720666}}
{"task_id": "d5e91be3-ea18-4459-b5ad-d808c88da049", "function_name": "_map_function_for_enron_run_mode", "parent_task_ids": [], "submit_time": 1716648073.3588743, "received_time": 1716648075.9225438, "execution": {"hostname": "escience-taps", "execution_start_time": 1716648075.1310413, "execution_end_time": 1716648075.8654268, "task_start_time": 1716648075.1310482, "task_end_time": 1716648075.8654156, "input_transform_start_time": 1716648075.1310444, "input_transform_end_time": 1716648075.131048, "result_transform_start_time": 1716648075.865417, "result_transform_end_time": 1716648075.8654265}}
{"task_id": "10d95fbe-9355-422a-8ce7-f3af6f46eddf", "function_name": "_map_function_for_enron_run_mode", "parent_task_ids": [], "submit_time": 1716648073.368228, "received_time": 1716648075.948881, "execution": {"hostname": "escience-taps", "execution_start_time": 1716648075.162184, "execution_end_time": 1716648075.8795686, "task_start_time": 1716648075.162191, "task_end_time": 1716648075.8795576, "input_transform_start_time": 1716648075.1621873, "input_transform_end_time": 1716648075.1621907, "result_transform_start_time": 1716648075.879558, "result_transform_end_time": 1716648075.8795683}}
{"task_id": "f2cbc8e0-8d54-4c13-90ba-97ef131af7a2", "function_name": "_map_function_for_enron_run_mode", "parent_task_ids": [], "submit_time": 1716648073.3739192, "received_time": 1716648075.9668138, "execution": {"hostname": "escience-taps", "execution_start_time": 1716648075.1964257, "execution_end_time": 1716648075.9016798, "task_start_time": 1716648075.1964326, "task_end_time": 1716648075.9016685, "input_transform_start_time": 1716648075.1964288, "input_transform_end_time": 1716648075.1964326, "result_transform_start_time": 1716648075.901669, "result_transform_end_time": 1716648075.9016798}}
{"task_id": "00d59944-e9ca-44ce-9bd8-26d04946bd77", "function_name": "_map_function_for_enron_run_mode", "parent_task_ids": [], "submit_time": 1716648073.3665345, "received_time": 1716648075.9916315, "execution": {"hostname": "escience-taps", "execution_start_time": 1716648075.148197, "execution_end_time": 1716648075.912304, "task_start_time": 1716648075.1482036, "task_end_time": 1716648075.9122941, "input_transform_start_time": 1716648075.1482003, "input_transform_end_time": 1716648075.1482036, "result_transform_start_time": 1716648075.9122944, "result_transform_end_time": 1716648075.912304}}
{"task_id": "effe0793-7427-409e-b0bd-522d4a9f5f2b", "function_name": "_map_function_for_enron_run_mode", "parent_task_ids": [], "submit_time": 1716648073.365129, "received_time": 1716648076.0165074, "execution": {"hostname": "escience-taps", "execution_start_time": 1716648075.0611215, "execution_end_time": 1716648075.9175916, "task_start_time": 1716648075.0611277, "task_end_time": 1716648075.9175818, "input_transform_start_time": 1716648075.0611243, "input_transform_end_time": 1716648075.0611274, "result_transform_start_time": 1716648075.917582, "result_transform_end_time": 1716648075.9175913}}
{"task_id": "a8acc461-49a7-45e1-8b3f-92424df0a21f", "function_name": "_map_function_for_enron_run_mode", "parent_task_ids": [], "submit_time": 1716648073.3685389, "received_time": 1716648076.0385437, "execution": {"hostname": "escience-taps", "execution_start_time": 1716648075.162818, "execution_end_time": 1716648075.9383438, "task_start_time": 1716648075.1628256, "task_end_time": 1716648075.9383316, "input_transform_start_time": 1716648075.162821, "input_transform_end_time": 1716648075.162825, "result_transform_start_time": 1716648075.9383323, "result_transform_end_time": 1716648075.9383435}}
{"task_id": "bf931044-c168-47d4-b535-68c9a4029719", "function_name": "_map_function_for_enron_run_mode", "parent_task_ids": [], "submit_time": 1716648073.3669305, "received_time": 1716648076.060528, "execution": {"hostname": "escience-taps", "execution_start_time": 1716648075.1582913, "execution_end_time": 1716648075.9449759, "task_start_time": 1716648075.1582997, "task_end_time": 1716648075.9449654, "input_transform_start_time": 1716648075.1582944, "input_transform_end_time": 1716648075.1582997, "result_transform_start_time": 1716648075.9449656, "result_transform_end_time": 1716648075.9449759}}
{"task_id": "92056adb-f715-4fcd-b093-4a3c514704b9", "function_name": "_map_function_for_enron_run_mode", "parent_task_ids": [], "submit_time": 1716648073.3723407, "received_time": 1716648076.0938551, "execution": {"hostname": "escience-taps", "execution_start_time": 1716648075.1950014, "execution_end_time": 1716648075.9363732, "task_start_time": 1716648075.1950088, "task_end_time": 1716648075.9363623, "input_transform_start_time": 1716648075.1950045, "input_transform_end_time": 1716648075.1950088, "result_transform_start_time": 1716648075.9363625, "result_transform_end_time": 1716648075.936373}}
{"task_id": "879b9786-9d50-41f2-af91-e212da2b5042", "function_name": "_map_function_for_enron_run_mode", "parent_task_ids": [], "submit_time": 1716648073.372975,