{"task_id": "aa2527fb-93b8-44bb-bd90-d20d4fb4a1e0", "function_name": "id", "parent_task_ids": [], "submit_time": 1716758206.1907675, "received_time": 1716758206.8725033, "execution": {"hostname": "escience-taps", "execution_start_time": 1716758206.8638046, "execution_end_time": 1716758206.8638415, "task_start_time": 1716758206.863829, "task_end_time": 1716758206.8638306, "input_transform_start_time": 1716758206.8638124, "input_transform_end_time": 1716758206.8638284, "result_transform_start_time": 1716758206.863831, "result_transform_end_time": 1716758206.8638413}}
{"task_id": "7433d15a-6ffe-4458-967f-7e42012de9c8", "function_name": "noop_task", "parent_task_ids": [], "submit_time": 1716758206.8717535, "received_time": 1716758206.8948262, "execution": {"hostname": "escience-taps", "execution_start_time": 1716758206.8885353, "execution_end_time": 1716758206.891236, "task_start_time": 1716758206.8885696, "task_end_time": 1716758206.8906984, "input_transform_start_time": 1716758206.8885558, "input_transform_end_time": 1716758206.888569, "result_transform_start_time": 1716758206.890699, "result_transform_end_time": 1716758206.8912358}}
{"task_id": "98d39e5f-acc4-40ce-9731-14c671209dcc", "function_name": "noop_task", "parent_task_ids": [], "submit_time": 1716758206.8962011, "received_time": 1716758206.9072497, "execution": {"hostname": "escience-taps", "execution_start_time": 1716758206.9026918, "execution_end_time": 1716758206.9042265, "task_start_time": 1716758206.9027376, "task_end_time": 1716758206.9039056, "input_transform_start_time": 1716758206.9027166, "input_transform_end_time": 1716758206.9027374, "result_transform_start_time": 1716758206.903906, "result_transform_end_time": 1716758206.9042263}}
{"task_id": "f667643e-50f3-442d-b5f4-3b35d51d31ce", "function_name": "noop_task", "parent_task_ids": [], "submit_time": 1716758206.9081988, "received_time": 1716758206.921822, "execution": {"hostname": "escience-taps", "execution_start_time": 1716758206.9175746, "execution_end_time": 1716758206.9185677, "task_start_time": 1716758206.917601, "task_end_time": 1716758206.9183593, "input_transform_start_time": 1716758206.917588, "input_transform_end_time": 1716758206.9176009, "result_transform_start_time": 1716758206.9183593, "result_transform_end_time": 1716758206.9185674}}
{"task_id": "e7816e58-6f7c-46b3-ad70-c647ddab82f1", "function_name": "noop_task", "parent_task_ids": [], "submit_time": 1716758206.922305, "received_time": 1716758206.9384441, "execution": {"hostname": "escience-taps", "execution_start_time": 1716758206.933877, "execution_end_time": 1716758206.9355862, "task_start_time": 1716758206.9339178, "task_end_time": 1716758206.935224, "input_transform_start_time": 1716758206.9339004, "input_transform_end_time": 1716758206.9339175, "result_transform_start_time": 1716758206.9352243, "result_transform_end_time": 1716758206.935586}}
{"task_id": "f2e8f84c-670b-4996-b387-80a80e1937a8", "function_name": "noop_task", "parent_task_ids": [], "submit_time": 1716758206.9395278, "received_time": 1716758206.9534838, "execution": {"hostname": "escience-taps", "execution_start_time": 1716758206.9492614, "execution_end_time": 1716758206.950424, "task_start_time": 1716758206.949285, "task_end_time": 1716758206.9501617, "input_transform_start_time": 1716758206.949274, "input_transform_end_time": 1716758206.9492848, "result_transform_start_time": 1716758206.950162, "result_transform_end_time": 1716758206.9504237}}
{"task_id": "d369b06a-6d5d-47a2-ba12-b282e9e90b96", "function_name": "noop_task", "parent_task_ids": [], "submit_time": 1716758206.9545774, "received_time": 1716758206.9696467, "execution": {"hostname": "escience-taps", "execution_start_time": 1716758206.9648302, "execution_end_time": 1716758206.9662054, "task_start_time": 1716758206.9648557, "task_end_time": 1716758206.9658663, "input_transform_start_time": 1716758206.9648442, "input_transform_end_time": 1716758206.9648552, "result_transform_start_time": 1716758206.9658666, "result_transform_end_time": 1716758206.9662054}}
{"task_id": "02aa6bc0-083a-47b2-a9ef-bb956e51b2c9", "function_name": "noop_task", "parent_task_ids": [], "submit_time": 1716758206.9708765, "received_time": 1716758206.9852312, "execution": {"hostname": "escience-taps", "execution_start_time": 1716758206.9806035, "execution_end_time": 1716758206.9818397, "task_start_time": 1716758206.980624, "task_end_time": 1716758206.9815416, "input_transform_start_time": 1716758206.980614, "input_transform_end_time": 1716758206.9806237, "result_transform_start_time": 1716758206.9815419, "result_transform_end_time": 1716758206.9818394}}
{"task_id": "db994a65-d70d-4f5a-8cfa-dc8bd4a1d7c7", "function_name": "noop_task", "parent_task_ids": [], "submit_time": 1716758206.9863386, "received_time": 1716758206.9991794, "execution": {"hostname": "escience-taps", "execution_start_time": 1716758206.9953477, "execution_end_time": 1716758206.9967942, "task_start_time": 1716758206.995377, "task_end_time": 1716758206.9965696, "input_transform_start_time": 1716758206.995363, "input_transform_end_time": 1716758206.9953768, "result_transform_start_time": 1716758206.99657, "result_transform_end_time": 1716758206.9967937}}
{"task_id": "aac3bb78-e564-4603-a3b1-d8112a5d2797", "function_name": "noop_task", "parent_task_ids": [], "submit_time": 1716758207.0001307, "received_time": 1716758207.015269, "execution": {"hostname": "escience-taps", "execution_start_time": 1716758207.011754, "execution_end_time": 1716758207.0128121, "task_start_time": 1716758207.0117724, "task_end_time": 1716758207.0126066, "input_transform_start_time": 1716758207.0117645, "input_transform_end_time": 1716758207.0117722, "result_transform_start_time": 1716758207.0126069, "result_transform_end_time": 1716758207.0128121}}
{"task_id": "a762fb40-53ba-4d1c-9f51-862be5071c1c", "function_name": "noop_task", "parent_task_ids": [], "submit_time": 1716758207.0162747, "received_time": 1716758207.029423, "execution": {"hostname": "escience-taps", "execution_start_time": 1716758207.02602, "execution_end_time": 1716758207.02714, "task_start_time": 1716758207.0260332, "task_end_time": 1716758207.0268428, "input_transform_start_time": 1716758207.0260274, "input_transform_end_time": 1716758207.0260332, "result_transform_start_time": 1716758207.026843, "result_transform_end_time": 1716758207.0271397}}
