{"task_id": "3c38c69f-b2a6-403b-a1a1-23a2442283fd", "function_name": "id", "parent_task_ids": [], "submit_time": 1716758497.0190167, "received_time": 1716758497.0274794, "execution": {"hostname": "escience-taps", "execution_start_time": 1716758497.0264275, "execution_end_time": 1716758497.026498, "task_start_time": 1716758497.026478, "task_end_time": 1716758497.026479, "input_transform_start_time": 1716758497.0264437, "input_transform_end_time": 1716758497.0264752, "result_transform_start_time": 1716758497.026479, "result_transform_end_time": 1716758497.026498}}
{"task_id": "bc0f2ce2-c0f9-47b6-b7cd-b7ea95aa22d1", "function_name": "noop_task", "parent_task_ids": [], "submit_time": 1716758497.0283198, "received_time": 1716758497.0304537, "execution": {"hostname": "escience-taps", "execution_start_time": 1716758497.029387, "execution_end_time": 1716758497.0301683, "task_start_time": 1716758497.0294082, "task_end_time": 1716758497.0299141, "input_transform_start_time": 1716758497.0294032, "input_transform_end_time": 1716758497.0294082, "result_transform_start_time": 1716758497.0299144, "result_transform_end_time": 1716758497.030168}}
{"task_id": "c174c462-81ba-4899-83fc-8fc6eacc9532", "function_name": "noop_task", "parent_task_ids": [], "submit_time": 1716758497.0307813, "received_time": 1716758497.0318112, "execution": {"hostname": "escience-taps", "execution_start_time": 1716758497.031305, "execution_end_time": 1716758497.0316062, "task_start_time": 1716758497.0313165, "task_end_time": 1716758497.0314684, "input_transform_start_time": 1716758497.0313122, "input_transform_end_time": 1716758497.0313163, "result_transform_start_time": 1716758497.0314686, "result_transform_end_time": 1716758497.0316062}}
{"task_id": "6e74754a-e7ee-43e5-8246-257ea252e50e", "function_name": "noop_task", "parent_task_ids": [], "submit_time": 1716758497.0320537, "received_time": 1716758497.033064, "execution": {"hostname": "escience-taps", "execution_start_time": 1716758497.0325534, "execution_end_time": 1716758497.0328727, "task_start_time": 1716758497.032567, "task_end_time": 1716758497.0327156, "input_transform_start_time": 1716758497.0325596, "input_transform_end_time": 1716758497.0325668, "result_transform_start_time": 1716758497.0327158, "result_transform_end_time": 1716758497.0328724}}
{"task_id": "554dc423-5191-4700-85b7-9efef34be002", "function_name": "noop_task", "parent_task_ids": [], "submit_time": 1716758497.0333052, "received_time": 1716758497.0342536, "execution": {"hostname": "escience-taps", "execution_start_time": 1716758497.033747, "execution_end_time": 1716758497.034059, "task_start_time": 1716758497.033756, "task_end_time": 1716758497.0339115, "input_transform_start_time": 1716758497.0337522, "input_transform_end_time": 1716758497.0337555, "result_transform_start_time": 1716758497.0339115, "result_transform_end_time": 1716758497.0340588}}
{"task_id": "396f3dab-b620-4290-8b35-2dac4d157937", "function_name": "noop_task", "parent_task_ids": [], "submit_time": 1716758497.034491, "received_time": 1716758497.0353928, "execution": {"hostname": "escience-taps", "execution_start_time": 1716758497.0349348, "execution_end_time": 1716758497.0352118, "task_start_time": 1716758497.0349438, "task_end_time": 1716758497.0350888, "input_transform_start_time": 1716758497.0349402, "input_transform_end_time": 1716758497.0349436, "result_transform_start_time": 1716758497.0350893, "result_transform_end_time": 1716758497.0352118}}
{"task_id": "e2f9bf45-697c-470e-9baa-64b0e7207e9a", "function_name": "noop_task", "parent_task_ids": [], "submit_time": 1716758497.0356274, "received_time": 1716758497.0387976, "execution": {"hostname": "escience-taps", "execution_start_time": 1716758497.0382996, "execution_end_time": 1716758497.0385797, "task_start_time": 1716758497.0383084, "task_end_time": 1716758497.0384555, "input_transform_start_time": 1716758497.0383048, "input_transform_end_time": 1716758497.0383081, "result_transform_start_time": 1716758497.0384555, "result_transform_end_time": 1716758497.0385797}}
{"task_id": "6456681b-5020-4c27-855f-7f04748f8699", "function_name": "noop_task", "parent_task_ids": [], "submit_time": 1716758497.0390718, "received_time": 1716758497.0400348, "execution": {"hostname": "escience-taps", "execution_start_time": 1716758497.0395272, "execution_end_time": 1716758497.0398161, "task_start_time": 1716758497.0395367, "task_end_time": 1716758497.0396805, "input_transform_start_time": 1716758497.0395327, "input_transform_end_time": 1716758497.0395367, "result_transform_start_time": 1716758497.0396805, "result_transform_end_time": 1716758497.039816}}
{"task_id": "6b40760f-1348-4478-b450-bedf4bc9e9f5", "function_name": "noop_task", "parent_task_ids": [], "submit_time": 1716758497.0402856, "received_time": 1716758497.0420325, "execution": {"hostname": "escience-taps", "execution_start_time": 1716758497.0415237, "execution_end_time": 1716758497.041845, "task_start_time": 1716758497.041533, "task_end_time": 1716758497.0417044, "input_transform_start_time": 1716758497.0415294, "input_transform_end_time": 1716758497.0415328, "result_transform_start_time": 1716758497.0417044, "result_transform_end_time": 1716758497.041845}}
{"task_id": "66c2460f-42ff-442b-9499-de3fedd83c98", "function_name": "noop_task", "parent_task_ids": [], "submit_time": 1716758497.0422807, "received_time": 1716758497.0432196, "execution": {"hostname": "escience-taps", "execution_start_time": 1716758497.04269, "execution_end_time": 1716758497.0430176, "task_start_time": 1716758497.0426981, "task_end_time": 1716758497.0428379, "input_transform_start_time": 1716758497.0426953, "input_transform_end_time": 1716758497.0426981, "result_transform_start_time": 1716758497.0428379, "result_transform_end_time": 1716758497.0430174}}
{"task_id": "89a1ce2f-4498-4ff0-a2d6-9bbffb738521", "function_name": "noop_task", "parent_task_ids": [], "submit_time": 1716758497.0434487, "received_time": 1716758497.0443184, "execution": {"hostname": "escience-taps", "execution_start_time": 1716758497.0438848, "execution_end_time": 1716758497.0441594, "task_start_time": 1716758497.0438924, "task_end_time": 1716758497.0440311, "input_transform_start_time": 1716758497.0438898, "input_transform_end_time": 1716758497.0438924, "result_transform_start_time": 1716758497.0440311, "result_transform_end_time": 1716758497.0441594}}
