{"task_id": "954d5331-3c6c-4572-9172-f1ae45a1cf3c", "function_name": "id", "parent_task_ids": [], "submit_time": 1716758155.645121, "received_time": 1716758156.3295817, "execution": {"hostname": "escience-taps", "execution_start_time": 1716758156.3183372, "execution_end_time": 1716758156.3183804, "task_start_time": 1716758156.3183649, "task_end_time": 1716758156.3183675, "input_transform_start_time": 1716758156.3183482, "input_transform_end_time": 1716758156.3183646, "result_transform_start_time": 1716758156.318368, "result_transform_end_time": 1716758156.31838}}
{"task_id": "9d3b6d32-0225-4c22-a828-28aca108781a", "function_name": "noop_task", "parent_task_ids": [], "submit_time": 1716758156.328408, "received_time": 1716758156.3752842, "execution": {"hostname": "escience-taps", "execution_start_time": 1716758156.3621113, "execution_end_time": 1716758156.3715134, "task_start_time": 1716758156.3621488, "task_end_time": 1716758156.3695405, "input_transform_start_time": 1716758156.362134, "input_transform_end_time": 1716758156.3621483, "result_transform_start_time": 1716758156.3695407, "result_transform_end_time": 1716758156.3715131}}
{"task_id": "c95f5b1b-f678-48e4-994c-9a391bce00ae", "function_name": "noop_task", "parent_task_ids": [], "submit_time": 1716758156.378774, "received_time": 1716758156.4170873, "execution": {"hostname": "escience-taps", "execution_start_time": 1716758156.4081616, "execution_end_time": 1716758156.4140558, "task_start_time": 1716758156.4082155, "task_end_time": 1716758156.412661, "input_transform_start_time": 1716758156.408193, "input_transform_end_time": 1716758156.4082153, "result_transform_start_time": 1716758156.4126616, "result_transform_end_time": 1716758156.4140556}}
{"task_id": "dd903dd0-146d-4b66-ba82-67d83747ef46", "function_name": "noop_task", "parent_task_ids": [], "submit_time": 1716758156.4206738, "received_time": 1716758156.4585402, "execution": {"hostname": "escience-taps", "execution_start_time": 1716758156.4440248, "execution_end_time": 1716758156.4545944, "task_start_time": 1716758156.444057, "task_end_time": 1716758156.4523122, "input_transform_start_time": 1716758156.4440415, "input_transform_end_time": 1716758156.4440567, "result_transform_start_time": 1716758156.452313, "result_transform_end_time": 1716758156.454594}}
{"task_id": "897608d2-e3cb-4354-af50-6f98ff5a6c27", "function_name": "noop_task", "parent_task_ids": [], "submit_time": 1716758156.4618514, "received_time": 1716758156.487906, "execution": {"hostname": "escience-taps", "execution_start_time": 1716758156.479617, "execution_end_time": 1716758156.4852946, "task_start_time": 1716758156.479655, "task_end_time": 1716758156.483981, "input_transform_start_time": 1716758156.4796364, "input_transform_end_time": 1716758156.4796546, "result_transform_start_time": 1716758156.483981, "result_transform_end_time": 1716758156.4852946}}
{"task_id": "97fc9f09-892f-403b-a390-11a90033d904", "function_name": "noop_task", "parent_task_ids": [], "submit_time": 1716758156.491208, "received_time": 1716758156.523392, "execution": {"hostname": "escience-taps", "execution_start_time": 1716758156.509016, "execution_end_time": 1716758156.519935, "task_start_time": 1716758156.5090432, "task_end_time": 1716758156.5174632, "input_transform_start_time": 1716758156.509031, "input_transform_end_time": 1716758156.509043, "result_transform_start_time": 1716758156.517464, "result_transform_end_time": 1716758156.5199344}}
{"task_id": "fba6ca12-6f5c-4b85-855b-3f397865d497", "function_name": "noop_task", "parent_task_ids": [], "submit_time": 1716758156.5262876, "received_time": 1716758156.5562422, "execution": {"hostname": "escience-taps", "execution_start_time": 1716758156.5438085, "execution_end_time": 1716758156.5530956, "task_start_time": 1716758156.5438495, "task_end_time": 1716758156.550558, "input_transform_start_time": 1716758156.543831, "input_transform_end_time": 1716758156.5438492, "result_transform_start_time": 1716758156.5505588, "result_transform_end_time": 1716758156.5530953}}
{"task_id": "6f071a89-afbd-4262-980f-08823d92775b", "function_name": "noop_task", "parent_task_ids": [], "submit_time": 1716758156.5592306, "received_time": 1716758156.5914404, "execution": {"hostname": "escience-taps", "execution_start_time": 1716758156.5766854, "execution_end_time": 1716758156.5873868, "task_start_time": 1716758156.576712, "task_end_time": 1716758156.5849874, "input_transform_start_time": 1716758156.576699, "input_transform_end_time": 1716758156.5767117, "result_transform_start_time": 1716758156.5849879, "result_transform_end_time": 1716758156.5873864}}
{"task_id": "4515dcac-4b3f-4745-a834-4cf2504bdc65", "function_name": "noop_task", "parent_task_ids": [], "submit_time": 1716758156.5945992, "received_time": 1716758156.6203892, "execution": {"hostname": "escience-taps", "execution_start_time": 1716758156.6121964, "execution_end_time": 1716758156.617832, "task_start_time": 1716758156.6122305, "task_end_time": 1716758156.6165435, "input_transform_start_time": 1716758156.6122158, "input_transform_end_time": 1716758156.61223, "result_transform_start_time": 1716758156.6165435, "result_transform_end_time": 1716758156.617832}}
{"task_id": "b3c5f552-f53f-43f3-a6d5-a8489b2873a1", "function_name": "noop_task", "parent_task_ids": [], "submit_time": 1716758156.623596, "received_time": 1716758156.655148, "execution": {"hostname": "escience-taps", "execution_start_time": 1716758156.640973, "execution_end_time": 1716758156.6512942, "task_start_time": 1716758156.6409993, "task_end_time": 1716758156.6489904, "input_transform_start_time": 1716758156.6409879, "input_transform_end_time": 1716758156.640999, "result_transform_start_time": 1716758156.6489906, "result_transform_end_time": 1716758156.6512938}}
{"task_id": "8c505f15-3d27-43fc-8964-0a0f249f873b", "function_name": "noop_task", "parent_task_ids": [], "submit_time": 1716758156.657883, "received_time": 1716758156.6832128, "execution": {"hostname": "escience-taps", "execution_start_time": 1716758156.6753078, "execution_end_time": 1716758156.680853, "task_start_time": 1716758156.6753407, "task_end_time": 1716758156.679575, "input_transform_start_time": 1716758156.675326, "input_transform_end_time": 1716758156.6753407, "result_transform_start_time": 1716758156.679575, "result_transform_end_time": 1716758156.6808527}}
