{"task_id": "d863a8ea-a47d-448d-a6b8-cffdaec08d37", "function_name": "id", "parent_task_ids": [], "submit_time": 1716760679.9429228, "received_time": 1716760681.7450972, "execution": {"hostname": "escience-taps", "execution_start_time": 1716760680.6312008, "execution_end_time": 1716760680.6312337, "task_start_time": 1716760680.6312227, "task_end_time": 1716760680.631224, "input_transform_start_time": 1716760680.63121, "input_transform_end_time": 1716760680.6312225, "result_transform_start_time": 1716760680.6312244, "result_transform_end_time": 1716760680.6312332}}
{"task_id": "b2889589-5701-40c0-9f52-383be2632c59", "function_name": "noop_task", "parent_task_ids": [], "submit_time": 1716760681.7906096, "received_time": 1716760687.267197, "execution": {"hostname": "escience-taps", "execution_start_time": 1716760684.7983203, "execution_end_time": 1716760684.8123221, "task_start_time": 1716760684.7983553, "task_end_time": 1716760684.8123026, "input_transform_start_time": 1716760684.7983427, "input_transform_end_time": 1716760684.7983549, "result_transform_start_time": 1716760684.8123028, "result_transform_end_time": 1716760684.812322}}
{"task_id": "500fa8cc-97a3-4baf-8394-125e78d2aae9", "function_name": "noop_task", "parent_task_ids": [], "submit_time": 1716760687.3162637, "received_time": 1716760693.2894554, "execution": {"hostname": "escience-taps", "execution_start_time": 1716760690.7143838, "execution_end_time": 1716760690.7282882, "task_start_time": 1716760690.7144222, "task_end_time": 1716760690.7282681, "input_transform_start_time": 1716760690.7144074, "input_transform_end_time": 1716760690.7144222, "result_transform_start_time": 1716760690.7282686, "result_transform_end_time": 1716760690.7282882}}
{"task_id": "02da7174-9626-424b-9881-72a2ec67e205", "function_name": "noop_task", "parent_task_ids": [], "submit_time": 1716760693.3270218, "received_time": 1716760698.817182, "execution": {"hostname": "escience-taps", "execution_start_time": 1716760696.0076356, "execution_end_time": 1716760696.0213861, "task_start_time": 1716760696.0076556, "task_end_time": 1716760696.0213745, "input_transform_start_time": 1716760696.0076473, "input_transform_end_time": 1716760696.0076556, "result_transform_start_time": 1716760696.0213747, "result_transform_end_time": 1716760696.021386}}
{"task_id": "8bd44c58-51dc-4dd2-b9d4-419e2dfbdbcf", "function_name": "noop_task", "parent_task_ids": [], "submit_time": 1716760698.853743, "received_time": 1716760703.8436801, "execution": {"hostname": "escience-taps", "execution_start_time": 1716760701.358891, "execution_end_time": 1716760701.3726046, "task_start_time": 1716760701.358911, "task_end_time": 1716760701.3725908, "input_transform_start_time": 1716760701.3589034, "input_transform_end_time": 1716760701.358911, "result_transform_start_time": 1716760701.372591, "result_transform_end_time": 1716760701.3726044}}
{"task_id": "2b4e3510-4256-46cc-8b59-56eac34041ec", "function_name": "noop_task", "parent_task_ids": [], "submit_time": 1716760703.8802283, "received_time": 1716760709.3668113, "execution": {"hostname": "escience-taps", "execution_start_time": 1716760706.524805, "execution_end_time": 1716760706.5385077, "task_start_time": 1716760706.5248227, "task_end_time": 1716760706.5384955, "input_transform_start_time": 1716760706.524815, "input_transform_end_time": 1716760706.5248225, "result_transform_start_time": 1716760706.5384958, "result_transform_end_time": 1716760706.5385075}}
{"task_id": "1ce1306a-b422-49eb-b4ef-6b7ae21eb0a5", "function_name": "noop_task", "parent_task_ids": [], "submit_time": 1716760709.4035187, "received_time": 1716760714.8942423, "execution": {"hostname": "escience-taps", "execution_start_time": 1716760712.0207543, "execution_end_time": 1716760712.034532, "task_start_time": 1716760712.020778, "task_end_time": 1716760712.03452, "input_transform_start_time": 1716760712.020768, "input_transform_end_time": 1716760712.0207777, "result_transform_start_time": 1716760712.0345201, "result_transform_end_time": 1716760712.0345318}}
{"task_id": "3514a27a-6b28-4235-8ddb-0ddd929d8d9d", "function_name": "noop_task", "parent_task_ids": [], "submit_time": 1716760714.9313512, "received_time": 1716760720.415788, "execution": {"hostname": "escience-taps", "execution_start_time": 1716760717.7509358, "execution_end_time": 1716760717.7647336, "task_start_time": 1716760717.7509565, "task_end_time": 1716760717.7647197, "input_transform_start_time": 1716760717.750948, "input_transform_end_time": 1716760717.7509563, "result_transform_start_time": 1716760717.76472, "result_transform_end_time": 1716760717.764733}}
{"task_id": "5aa5b4fc-3a18-4f60-a82f-afc3f2cda307", "function_name": "noop_task", "parent_task_ids": [], "submit_time": 1716760720.4525533, "received_time": 1716760725.9427133, "execution": {"hostname": "escience-taps", "execution_start_time": 1716760723.2710025, "execution_end_time": 1716760723.2848384, "task_start_time": 1716760723.2710252, "task_end_time": 1716760723.2848237, "input_transform_start_time": 1716760723.2710152, "input_transform_end_time": 1716760723.2710245, "result_transform_start_time": 1716760723.2848237, "result_transform_end_time": 1716760723.2848384}}
{"task_id": "140573fc-84f7-4f81-b8a2-6c96cec93589", "function_name": "noop_task", "parent_task_ids": [], "submit_time": 1716760725.9794297, "received_time": 1716760731.4640045, "execution": {"hostname": "escience-taps", "execution_start_time": 1716760728.5482628, "execution_end_time": 1716760728.56214, "task_start_time": 1716760728.5482807, "task_end_time": 1716760728.5621288, "input_transform_start_time": 1716760728.5482743, "input_transform_end_time": 1716760728.5482807, "result_transform_start_time": 1716760728.5621288, "result_transform_end_time": 1716760728.56214}}
{"task_id": "2a6d0771-d9a6-469a-bef0-b598c677d9da", "function_name": "noop_task", "parent_task_ids": [], "submit_time": 1716760731.502251, "received_time": 1716760738.4941986, "execution": {"hostname": "escience-taps", "execution_start_time": 1716760735.9303734, "execution_end_time": 1716760735.9443903, "task_start_time": 1716760735.930395, "task_end_time": 1716760735.9443786, "input_transform_start_time": 1716760735.9303849, "input_transform_end_time": 1716760735.9303946, "result_transform_start_time": 1716760735.9443786, "result_transform_end_time": 1716760735.94439}}
