{"task_id": "c3e7cd79-28d5-4e00-b8aa-9d8e713c9021", "function_name": "_map_function_for_enron_run_mode", "parent_task_ids": [], "submit_time": 1716648047.8585024, "received_time": 1716648050.0003445, "execution": {"hostname": "escience-taps", "execution_start_time": 1716648049.685196, "execution_end_time": 1716648049.945273, "task_start_time": 1716648049.6852033, "task_end_time": 1716648049.9452596, "input_transform_start_time": 1716648049.6851993, "input_transform_end_time": 1716648049.6852028, "result_transform_start_time": 1716648049.9452605, "result_transform_end_time": 1716648049.945273}}
{"task_id": "4c54a05e-429f-4c24-a43f-1254c1bf6fae", "function_name": "_map_function_for_enron_run_mode", "parent_task_ids": [], "submit_time": 1716648047.8610253, "received_time": 1716648050.0160491, "execution": {"hostname": "escience-taps", "execution_start_time": 1716648049.6881542, "execution_end_time": 1716648049.9573653, "task_start_time": 1716648049.6881604, "task_end_time": 1716648049.9573529, "input_transform_start_time": 1716648049.688157, "input_transform_end_time": 1716648049.6881604, "result_transform_start_time": 1716648049.957354, "result_transform_end_time": 1716648049.9573653}}
{"task_id": "ab5fea69-ab8b-46be-b5a7-ba156c9dae42", "function_name": "_map_function_for_enron_run_mode", "parent_task_ids": [], "submit_time": 1716648047.8530312, "received_time": 1716648050.0816221, "execution": {"hostname": "escience-taps", "execution_start_time": 1716648049.618878, "execution_end_time": 1716648050.0457654, "task_start_time": 1716648049.6188855, "task_end_time": 1716648050.0457532, "input_transform_start_time": 1716648049.6188812, "input_transform_end_time": 1716648049.6188855, "result_transform_start_time": 1716648050.0457542, "result_transform_end_time": 1716648050.0457652}}
{"task_id": "fdc98fb4-853c-4c0b-86e9-49b4789a2ced", "function_name": "_map_function_for_enron_run_mode", "parent_task_ids": [], "submit_time": 1716648047.85787, "received_time": 1716648050.210741, "execution": {"hostname": "escience-taps", "execution_start_time": 1716648049.6857362, "execution_end_time": 1716648050.156722, "task_start_time": 1716648049.685743, "task_end_time": 1716648050.1567094, "input_transform_start_time": 1716648049.6857393, "input_transform_end_time": 1716648049.6857429, "result_transform_start_time": 1716648050.1567104, "result_transform_end_time": 1716648050.1567218}}
{"task_id": "b9dbcbe1-c04a-4e26-8f4b-23603d9799f1", "function_name": "_map_function_for_enron_run_mode", "parent_task_ids": [], "submit_time": 1716648047.8566148, "received_time": 1716648050.2558887, "execution": {"hostname": "escience-taps", "execution_start_time": 1716648049.6320999, "execution_end_time": 1716648050.2038324, "task_start_time": 1716648049.6321068, "task_end_time": 1716648050.2038214, "input_transform_start_time": 1716648049.632103, "input_transform_end_time": 1716648049.6321065, "result_transform_start_time": 1716648050.2038217, "result_transform_end_time": 1716648050.2038321}}
{"task_id": "8c69f934-c8da-4bf6-bbc2-78fa49dea598", "function_name": "_map_function_for_enron_run_mode", "parent_task_ids": [], "submit_time": 1716648047.8454673, "received_time": 1716648050.4185698, "execution": {"hostname": "escience-taps", "execution_start_time": 1716648049.6170545, "execution_end_time": 1716648050.3587394, "task_start_time": 1716648049.6170619, "task_end_time": 1716648050.358727, "input_transform_start_time": 1716648049.6170578, "input_transform_end_time": 1716648049.6170616, "result_transform_start_time": 1716648050.3587282, "result_transform_end_time": 1716648050.3587394}}
{"task_id": "8f722f0b-31de-4fba-ab2c-e0f3db382132", "function_name": "_map_function_for_enron_run_mode", "parent_task_ids": [], "submit_time": 1716648047.8550184, "received_time": 1716648050.4455624, "execution": {"hostname": "escience-taps", "execution_start_time": 1716648049.648642, "execution_end_time": 1716648050.358325, "task_start_time": 1716648049.648649, "task_end_time": 1716648050.358311, "input_transform_start_time": 1716648049.6486452, "input_transform_end_time": 1716648049.6486487, "result_transform_start_time": 1716648050.3583121, "result_transform_end_time": 1716648050.358325}}
{"task_id": "e9165c70-9853-4404-962b-3957b171fda7", "function_name": "_map_function_for_enron_run_mode", "parent_task_ids": [], "submit_time": 1716648047.8606896, "received_time": 1716648050.4630067, "execution": {"hostname": "escience-taps", "execution_start_time": 1716648049.690815, "execution_end_time": 1716648050.3906732, "task_start_time": 1716648049.6908221, "task_end_time": 1716648050.3906622, "input_transform_start_time": 1716648049.6908183, "input_transform_end_time": 1716648049.690822, "result_transform_start_time": 1716648050.3906624, "result_transform_end_time": 1716648050.390673}}
{"task_id": "2041cacf-bbfb-4bd9-89e4-981f969d34fe", "function_name": "_map_function_for_enron_run_mode", "parent_task_ids": [], "submit_time": 1716648047.853356, "received_time": 1716648050.487131, "execution": {"hostname": "escience-taps", "execution_start_time": 1716648049.639822, "execution_end_time": 1716648050.4092948, "task_start_time": 1716648049.6398287, "task_end_time": 1716648050.4092834, "input_transform_start_time": 1716648049.6398253, "input_transform_end_time": 1716648049.6398287, "result_transform_start_time": 1716648050.4092836, "result_transform_end_time": 1716648050.4092946}}
{"task_id": "cb52ac14-666a-46c0-9a86-6a9574955cdf", "function_name": "_map_function_for_enron_run_mode", "parent_task_ids": [], "submit_time": 1716648047.8553257, "received_time": 1716648050.5104852, "execution": {"hostname": "escience-taps", "execution_start_time": 1716648049.6510653, "execution_end_time": 1716648050.4224186, "task_start_time": 1716648049.6510727, "task_end_time": 1716648050.4224083, "input_transform_start_time": 1716648049.6510684, "input_transform_end_time": 1716648049.6510727, "result_transform_start_time": 1716648050.422409, "result_transform_end_time": 1716648050.4224186}}
{"task_id": "783c095f-3dfa-4087-b5cb-2cf6b96c0b02", "function_name": "_map_function_for_enron_run_mode", "parent_task_ids": [], "submit_time": 1716648047.8537495, "received_time": 1716648050.5331757, "execution": {"hostname": "escience-taps", "execution_start_time": 1716648049.648568, "execution_end_time": 1716648050.4302819, "task_start_time": 1716648049.6485744, "task_end_time": 1716648050.4302728, "input_transform_start_time": 1716648049.6485708, "input_transform_end_time": 1716648049.6485744, "result_transform_start_time": 1716648050.430273, "result_transform_end_time": 1716648050.4302816}}
{"task_id": "0e1f8ea1-d618-4971-9d26-06a22498fc41", "function_name": "_map_function_for_enron_run_mode", "parent_task_ids": [], "submit_time": 1716648047.8591304, "received_time": 1716648050.5672038, "execution": {"hostname": "escience-taps", "execution_start_time": 1716648049.6951752, "execution_end_time": 1716648050.4400313, "task_start_time": 1716648049.6951816, "task_end_time": 1716648050.44002, "input_transform_start_time": 1716648049.6951783, "input_transform_end_time": 1716648049.6951814, "result_transform_start_time": 1716648050.4400203, "result_transform_end_time": 1716648050.4400313}}
{"task_id": "23c0bf91-cd71-41cf-ba0b-626d9c99aa3f", "function_name": "_map_function_for_enron_run_mode", "parent_task_ids": [], "submit_time": 1716648047.8597574, "received_time": 1716648050.589725, "execution": {"hostname": "escience-taps", "execution_start_time": 1716648049.6963413, "execution_end_time": 1716648050.4815478, "task_start_time": 1716648049.6963484, "task_end_time": 1716648050.481537, "input_transform_start_time": 1716648049.6963444, "input_transform_end_time": 1716648049.6963482, "result_transform_start_time": 1716648050.4815376, "result_transform_end_time": 1716648050.4815476}}
{"task_id": "d033d93a-1f59-4c43-9d6b-e441aa028eb9", "function_name": "_map_function_for_enron_run_mode", "parent_task_ids": [], "submit_time": 1716648047.8519857,