{"task_id": "703e5f2b-ac39-4b61-8ad1-2a89212477c0", "function_name": "id", "parent_task_ids": [], "submit_time": 1716758221.4094713, "received_time": 1716758222.0802765, "execution": {"hostname": "escience-taps", "execution_start_time": 1716758222.0700214, "execution_end_time": 1716758222.070041, "task_start_time": 1716758222.070033, "task_end_time": 1716758222.070034, "input_transform_start_time": 1716758222.0700257, "input_transform_end_time": 1716758222.0700328, "result_transform_start_time": 1716758222.0700343, "result_transform_end_time": 1716758222.070041}}
{"task_id": "5f401b87-fced-406d-ae7b-2c7384bb88b9", "function_name": "noop_task", "parent_task_ids": [], "submit_time": 1716758222.085146, "received_time": 1716758222.145118, "execution": {"hostname": "escience-taps", "execution_start_time": 1716758222.129398, "execution_end_time": 1716758222.1399174, "task_start_time": 1716758222.1294258, "task_end_time": 1716758222.1378734, "input_transform_start_time": 1716758222.1294138, "input_transform_end_time": 1716758222.1294255, "result_transform_start_time": 1716758222.137874, "result_transform_end_time": 1716758222.1399171}}
{"task_id": "383ef8be-90c3-4c8a-9790-a9cb61e5352f", "function_name": "noop_task", "parent_task_ids": [], "submit_time": 1716758222.1511295, "received_time": 1716758222.1819355, "execution": {"hostname": "escience-taps", "execution_start_time": 1716758222.172942, "execution_end_time": 1716758222.1784866, "task_start_time": 1716758222.1729894, "task_end_time": 1716758222.1776662, "input_transform_start_time": 1716758222.172972, "input_transform_end_time": 1716758222.1729891, "result_transform_start_time": 1716758222.1776667, "result_transform_end_time": 1716758222.1784863}}
{"task_id": "2a19952d-94c5-4a85-87e5-91623db77788", "function_name": "noop_task", "parent_task_ids": [], "submit_time": 1716758222.1857665, "received_time": 1716758222.2151694, "execution": {"hostname": "escience-taps", "execution_start_time": 1716758222.2063272, "execution_end_time": 1716758222.2116597, "task_start_time": 1716758222.20636, "task_end_time": 1716758222.2106555, "input_transform_start_time": 1716758222.2063441, "input_transform_end_time": 1716758222.2063599, "result_transform_start_time": 1716758222.2106557, "result_transform_end_time": 1716758222.2116597}}
{"task_id": "980f1a03-10aa-475e-8161-53a4af8f2e19", "function_name": "noop_task", "parent_task_ids": [], "submit_time": 1716758222.2185278, "received_time": 1716758222.2456796, "execution": {"hostname": "escience-taps", "execution_start_time": 1716758222.2357788, "execution_end_time": 1716758222.2421396, "task_start_time": 1716758222.2358193, "task_end_time": 1716758222.2413278, "input_transform_start_time": 1716758222.2358024, "input_transform_end_time": 1716758222.235819, "result_transform_start_time": 1716758222.2413282, "result_transform_end_time": 1716758222.2421393}}
{"task_id": "bfd8cefa-e4de-405a-93bb-741856e999e9", "function_name": "noop_task", "parent_task_ids": [], "submit_time": 1716758222.2489088, "received_time": 1716758222.2731721, "execution": {"hostname": "escience-taps", "execution_start_time": 1716758222.2656796, "execution_end_time": 1716758222.2704628, "task_start_time": 1716758222.265697, "task_end_time": 1716758222.2696853, "input_transform_start_time": 1716758222.2656896, "input_transform_end_time": 1716758222.265697, "result_transform_start_time": 1716758222.2696855, "result_transform_end_time": 1716758222.2704625}}
{"task_id": "393a9318-14c4-4203-bb84-def23132f517", "function_name": "noop_task", "parent_task_ids": [], "submit_time": 1716758222.2763379, "received_time": 1716758222.3012187, "execution": {"hostname": "escience-taps", "execution_start_time": 1716758222.2934546, "execution_end_time": 1716758222.2985914, "task_start_time": 1716758222.2934809, "task_end_time": 1716758222.2977848, "input_transform_start_time": 1716758222.293469, "input_transform_end_time": 1716758222.2934806, "result_transform_start_time": 1716758222.297785, "result_transform_end_time": 1716758222.2985911}}
{"task_id": "0edde2e3-2733-42e6-b998-0140a4ca516f", "function_name": "noop_task", "parent_task_ids": [], "submit_time": 1716758222.3046625, "received_time": 1716758222.3294952, "execution": {"hostname": "escience-taps", "execution_start_time": 1716758222.321654, "execution_end_time": 1716758222.3265233, "task_start_time": 1716758222.3216724, "task_end_time": 1716758222.3257341, "input_transform_start_time": 1716758222.3216634, "input_transform_end_time": 1716758222.3216722, "result_transform_start_time": 1716758222.3257344, "result_transform_end_time": 1716758222.3265233}}
{"task_id": "89e27dfc-354e-4e63-8190-3495072f636c", "function_name": "noop_task", "parent_task_ids": [], "submit_time": 1716758222.3325067, "received_time": 1716758222.3607314, "execution": {"hostname": "escience-taps", "execution_start_time": 1716758222.3495038, "execution_end_time": 1716758222.3550916, "task_start_time": 1716758222.349527, "task_end_time": 1716758222.3543017, "input_transform_start_time": 1716758222.349516, "input_transform_end_time": 1716758222.3495266, "result_transform_start_time": 1716758222.354302, "result_transform_end_time": 1716758222.355091}}
{"task_id": "91be8565-6d2d-43af-a4d3-eb4a1a7055bd", "function_name": "noop_task", "parent_task_ids": [], "submit_time": 1716758222.3653774, "received_time": 1716758222.3901114, "execution": {"hostname": "escience-taps", "execution_start_time": 1716758222.3821, "execution_end_time": 1716758222.3874712, "task_start_time": 1716758222.3821163, "task_end_time": 1716758222.3867028, "input_transform_start_time": 1716758222.3821094, "input_transform_end_time": 1716758222.382116, "result_transform_start_time": 1716758222.386703, "result_transform_end_time": 1716758222.387471}}
{"task_id": "f31549e4-ebcc-43c1-aa8d-b19e83c6c5ee", "function_name": "noop_task", "parent_task_ids": [], "submit_time": 1716758222.3944774, "received_time": 1716758222.4200144, "execution": {"hostname": "escience-taps", "execution_start_time": 1716758222.4116063, "execution_end_time": 1716758222.4173834, "task_start_time": 1716758222.411633, "task_end_time": 1716758222.4165921, "input_transform_start_time": 1716758222.4116213, "input_transform_end_time": 1716758222.4116325, "result_transform_start_time": 1716758222.4165924, "result_transform_end_time": 1716758222.4173832}}
