{"task_id": "8ebf57b2-189e-474d-b1b1-5580d9285201", "function_name": "id", "parent_task_ids": [], "submit_time": 1716760742.7795093, "received_time": 1716760744.7574294, "execution": {"hostname": "escience-taps", "execution_start_time": 1716760744.177747, "execution_end_time": 1716760744.1777554, "task_start_time": 1716760744.1777523, "task_end_time": 1716760744.1777527, "input_transform_start_time": 1716760744.1777494, "input_transform_end_time": 1716760744.177752, "result_transform_start_time": 1716760744.1777527, "result_transform_end_time": 1716760744.1777554}}
{"task_id": "a4efd671-baf7-426d-b6f3-c1e9cdf1e3fc", "function_name": "noop_task", "parent_task_ids": [], "submit_time": 1716760744.8028307, "received_time": 1716760751.277131, "execution": {"hostname": "escience-taps", "execution_start_time": 1716760748.5238752, "execution_end_time": 1716760748.5377939, "task_start_time": 1716760748.5238967, "task_end_time": 1716760748.5377798, "input_transform_start_time": 1716760748.5238864, "input_transform_end_time": 1716760748.5238962, "result_transform_start_time": 1716760748.53778, "result_transform_end_time": 1716760748.5377939}}
{"task_id": "c3f28674-6bee-4a20-8b02-933b47bd4eea", "function_name": "noop_task", "parent_task_ids": [], "submit_time": 1716760751.3255022, "received_time": 1716760757.297989, "execution": {"hostname": "escience-taps", "execution_start_time": 1716760754.582415, "execution_end_time": 1716760754.5962813, "task_start_time": 1716760754.582433, "task_end_time": 1716760754.596268, "input_transform_start_time": 1716760754.5824246, "input_transform_end_time": 1716760754.582433, "result_transform_start_time": 1716760754.5962687, "result_transform_end_time": 1716760754.596281}}
{"task_id": "4a57d704-600e-4b9a-9a7d-bacaa9efdcb3", "function_name": "noop_task", "parent_task_ids": [], "submit_time": 1716760757.3354743, "received_time": 1716760762.825444, "execution": {"hostname": "escience-taps", "execution_start_time": 1716760760.4012198, "execution_end_time": 1716760760.4149647, "task_start_time": 1716760760.4012363, "task_end_time": 1716760760.414953, "input_transform_start_time": 1716760760.4012282, "input_transform_end_time": 1716760760.4012363, "result_transform_start_time": 1716760760.4149532, "result_transform_end_time": 1716760760.4149647}}
{"task_id": "dd4503de-5872-485c-9486-9b7a6440dab5", "function_name": "noop_task", "parent_task_ids": [], "submit_time": 1716760762.862428, "received_time": 1716760768.3516183, "execution": {"hostname": "escience-taps", "execution_start_time": 1716760765.9400725, "execution_end_time": 1716760765.9538834, "task_start_time": 1716760765.9400885, "task_end_time": 1716760765.953871, "input_transform_start_time": 1716760765.9400811, "input_transform_end_time": 1716760765.9400885, "result_transform_start_time": 1716760765.9538713, "result_transform_end_time": 1716760765.9538832}}
{"task_id": "fae8650e-3ada-4cce-8981-664f277a17f0", "function_name": "noop_task", "parent_task_ids": [], "submit_time": 1716760768.3892581, "received_time": 1716760773.8735406, "execution": {"hostname": "escience-taps", "execution_start_time": 1716760771.4342217, "execution_end_time": 1716760771.447985, "task_start_time": 1716760771.4342356, "task_end_time": 1716760771.4479709, "input_transform_start_time": 1716760771.4342287, "input_transform_end_time": 1716760771.4342356, "result_transform_start_time": 1716760771.447971, "result_transform_end_time": 1716760771.4479847}}
{"task_id": "3c836282-1875-42ee-9724-afba1e1bacf2", "function_name": "noop_task", "parent_task_ids": [], "submit_time": 1716760773.9101553, "received_time": 1716760778.898258, "execution": {"hostname": "escience-taps", "execution_start_time": 1716760776.4603367, "execution_end_time": 1716760776.4741943, "task_start_time": 1716760776.460388, "task_end_time": 1716760776.4741623, "input_transform_start_time": 1716760776.46036, "input_transform_end_time": 1716760776.4603868, "result_transform_start_time": 1716760776.4741626, "result_transform_end_time": 1716760776.4741943}}
{"task_id": "eba43e23-2d60-418c-b98a-138883cc6baf", "function_name": "noop_task", "parent_task_ids": [], "submit_time": 1716760778.9358149, "received_time": 1716760784.425168, "execution": {"hostname": "escience-taps", "execution_start_time": 1716760781.5915122, "execution_end_time": 1716760781.6053035, "task_start_time": 1716760781.59153, "task_end_time": 1716760781.6052926, "input_transform_start_time": 1716760781.5915225, "input_transform_end_time": 1716760781.5915298, "result_transform_start_time": 1716760781.6052928, "result_transform_end_time": 1716760781.6053033}}
{"task_id": "31da637d-351e-46b3-9d19-2cac5efd0e44", "function_name": "noop_task", "parent_task_ids": [], "submit_time": 1716760784.4622636, "received_time": 1716760789.952425, "execution": {"hostname": "escience-taps", "execution_start_time": 1716760787.231532, "execution_end_time": 1716760787.2453046, "task_start_time": 1716760787.231547, "task_end_time": 1716760787.2452965, "input_transform_start_time": 1716760787.2315402, "input_transform_end_time": 1716760787.231547, "result_transform_start_time": 1716760787.2452967, "result_transform_end_time": 1716760787.2453043}}
{"task_id": "514b7dcc-3356-458d-98ea-d75b33caf7ac", "function_name": "noop_task", "parent_task_ids": [], "submit_time": 1716760789.9889376, "received_time": 1716760795.471937, "execution": {"hostname": "escience-taps", "execution_start_time": 1716760792.9903193, "execution_end_time": 1716760793.0042217, "task_start_time": 1716760792.9903421, "task_end_time": 1716760793.004207, "input_transform_start_time": 1716760792.9903316, "input_transform_end_time": 1716760792.990342, "result_transform_start_time": 1716760793.004207, "result_transform_end_time": 1716760793.0042214}}
{"task_id": "5ff29a76-1f17-4d6d-8e0f-bb18ead3fcd3", "function_name": "noop_task", "parent_task_ids": [], "submit_time": 1716760795.509548, "received_time": 1716760801.4995139, "execution": {"hostname": "escience-taps", "execution_start_time": 1716760798.6593482, "execution_end_time": 1716760798.6732588, "task_start_time": 1716760798.6593666, "task_end_time": 1716760798.6732469, "input_transform_start_time": 1716760798.6593578, "input_transform_end_time": 1716760798.6593664, "result_transform_start_time": 1716760798.6732473, "result_transform_end_time": 1716760798.6732588}}
