{"task_id": "6a4260d7-f372-4196-a6d1-5998c8cc05f9", "function_name": "id", "parent_task_ids": [], "submit_time": 1716761186.8780987, "received_time": 1716761189.0252979, "execution": {"hostname": "escience-taps", "execution_start_time": 1716761188.4644847, "execution_end_time": 1716761188.464494, "task_start_time": 1716761188.4644904, "task_end_time": 1716761188.464491, "input_transform_start_time": 1716761188.4644868, "input_transform_end_time": 1716761188.4644902, "result_transform_start_time": 1716761188.464491, "result_transform_end_time": 1716761188.4644938}}
{"task_id": "1199ae63-c316-4dab-91aa-8b2ce79e84c0", "function_name": "noop_task", "parent_task_ids": [], "submit_time": 1716761189.026135, "received_time": 1716761190.027567, "execution": {"hostname": "escience-taps", "execution_start_time": 1716761189.4939399, "execution_end_time": 1716761189.4950666, "task_start_time": 1716761189.4939644, "task_end_time": 1716761189.494613, "input_transform_start_time": 1716761189.4939563, "input_transform_end_time": 1716761189.4939642, "result_transform_start_time": 1716761189.4946136, "result_transform_end_time": 1716761189.4950662}}
{"task_id": "3a50bc2a-0911-4f18-9fc7-c801c3bc1ae3", "function_name": "noop_task", "parent_task_ids": [], "submit_time": 1716761190.0284588, "received_time": 1716761190.5291471, "execution": {"hostname": "escience-taps", "execution_start_time": 1716761190.156085, "execution_end_time": 1716761190.156926, "task_start_time": 1716761190.156111, "task_end_time": 1716761190.1566296, "input_transform_start_time": 1716761190.1561022, "input_transform_end_time": 1716761190.156111, "result_transform_start_time": 1716761190.1566298, "result_transform_end_time": 1716761190.1569254}}
{"task_id": "30d860f5-f637-4ae5-9a9b-4234f6430486", "function_name": "noop_task", "parent_task_ids": [], "submit_time": 1716761190.5299582, "received_time": 1716761191.0306256, "execution": {"hostname": "escience-taps", "execution_start_time": 1716761190.6343083, "execution_end_time": 1716761190.6351404, "task_start_time": 1716761190.6343324, "task_end_time": 1716761190.6348398, "input_transform_start_time": 1716761190.6343234, "input_transform_end_time": 1716761190.6343324, "result_transform_start_time": 1716761190.63484, "result_transform_end_time": 1716761190.6351402}}
{"task_id": "e7a9f6cb-ab04-45a5-a2c7-d43ae32d1da4", "function_name": "noop_task", "parent_task_ids": [], "submit_time": 1716761191.0315404, "received_time": 1716761191.5319326, "execution": {"hostname": "escience-taps", "execution_start_time": 1716761191.1315634, "execution_end_time": 1716761191.1323898, "task_start_time": 1716761191.131587, "task_end_time": 1716761191.132093, "input_transform_start_time": 1716761191.131578, "input_transform_end_time": 1716761191.1315868, "result_transform_start_time": 1716761191.1320932, "result_transform_end_time": 1716761191.1323898}}
{"task_id": "df581323-3623-43b6-969d-84f00c267c1f", "function_name": "noop_task", "parent_task_ids": [], "submit_time": 1716761191.5327272, "received_time": 1716761192.0329185, "execution": {"hostname": "escience-taps", "execution_start_time": 1716761191.6472864, "execution_end_time": 1716761191.6484458, "task_start_time": 1716761191.6473117, "task_end_time": 1716761191.647987, "input_transform_start_time": 1716761191.6473022, "input_transform_end_time": 1716761191.6473117, "result_transform_start_time": 1716761191.6479874, "result_transform_end_time": 1716761191.6484456}}
{"task_id": "cdfca286-7250-4a4a-bd23-8bc6f1a2a66e", "function_name": "noop_task", "parent_task_ids": [], "submit_time": 1716761192.033708, "received_time": 1716761193.0352054, "execution": {"hostname": "escience-taps", "execution_start_time": 1716761192.7449903, "execution_end_time": 1716761192.746738, "task_start_time": 1716761192.7450013, "task_end_time": 1716761192.7464945, "input_transform_start_time": 1716761192.744996, "input_transform_end_time": 1716761192.7450013, "result_transform_start_time": 1716761192.7464948, "result_transform_end_time": 1716761192.746738}}
{"task_id": "a32df127-5f8b-47aa-822b-8b6fb0308c73", "function_name": "noop_task", "parent_task_ids": [], "submit_time": 1716761193.0359652, "received_time": 1716761194.0379264, "execution": {"hostname": "escience-taps", "execution_start_time": 1716761193.7562702, "execution_end_time": 1716761193.7581935, "task_start_time": 1716761193.756281, "task_end_time": 1716761193.7577715, "input_transform_start_time": 1716761193.756276, "input_transform_end_time": 1716761193.7562807, "result_transform_start_time": 1716761193.757772, "result_transform_end_time": 1716761193.7581928}}
{"task_id": "5833e3f7-b8c9-4ef9-9704-b91485fcac04", "function_name": "noop_task", "parent_task_ids": [], "submit_time": 1716761194.0388672, "received_time": 1716761195.0402443, "execution": {"hostname": "escience-taps", "execution_start_time": 1716761194.7457893, "execution_end_time": 1716761194.7475376, "task_start_time": 1716761194.7458, "task_end_time": 1716761194.7472901, "input_transform_start_time": 1716761194.745795, "input_transform_end_time": 1716761194.7458, "result_transform_start_time": 1716761194.7472904, "result_transform_end_time": 1716761194.7475374}}
{"task_id": "237a3c13-01ce-40bb-a1d8-8484f4e884fa", "function_name": "noop_task", "parent_task_ids": [], "submit_time": 1716761195.040998, "received_time": 1716761196.0424027, "execution": {"hostname": "escience-taps", "execution_start_time": 1716761195.755314, "execution_end_time": 1716761195.757113, "task_start_time": 1716761195.755325, "task_end_time": 1716761195.7567158, "input_transform_start_time": 1716761195.75532, "input_transform_end_time": 1716761195.7553248, "result_transform_start_time": 1716761195.7567163, "result_transform_end_time": 1716761195.757113}}
{"task_id": "36bdfda2-7f3d-4ffc-8066-28fc89e60e5c", "function_name": "noop_task", "parent_task_ids": [], "submit_time": 1716761196.043123, "received_time": 1716761197.0446167, "execution": {"hostname": "escience-taps", "execution_start_time": 1716761196.750838, "execution_end_time": 1716761196.7525723, "task_start_time": 1716761196.750849, "task_end_time": 1716761196.7522442, "input_transform_start_time": 1716761196.750844, "input_transform_end_time": 1716761196.7508488, "result_transform_start_time": 1716761196.752245, "result_transform_end_time": 1716761196.752572}}
