{"task_id": "fd88c03c-f549-4571-8961-b2ef17a88f3c", "function_name": "id", "parent_task_ids": [], "submit_time": 1716758227.3257458, "received_time": 1716758228.0599668, "execution": {"hostname": "escience-taps", "execution_start_time": 1716758228.001329, "execution_end_time": 1716758228.0013516, "task_start_time": 1716758228.001342, "task_end_time": 1716758228.0013428, "input_transform_start_time": 1716758228.0013332, "input_transform_end_time": 1716758228.0013416, "result_transform_start_time": 1716758228.001343, "result_transform_end_time": 1716758228.0013514}}
{"task_id": "354b2780-2bcf-4baa-8a5a-4bb0fe579ad4", "function_name": "noop_task", "parent_task_ids": [], "submit_time": 1716758228.0555558, "received_time": 1716758228.354925, "execution": {"hostname": "escience-taps", "execution_start_time": 1716758228.292802, "execution_end_time": 1716758228.348281, "task_start_time": 1716758228.292835, "task_end_time": 1716758228.337169, "input_transform_start_time": 1716758228.2928212, "input_transform_end_time": 1716758228.2928348, "result_transform_start_time": 1716758228.3371692, "result_transform_end_time": 1716758228.348281}}
{"task_id": "a0026d88-92e4-4d81-8130-accb9b5bd961", "function_name": "noop_task", "parent_task_ids": [], "submit_time": 1716758228.3843582, "received_time": 1716758228.6116698, "execution": {"hostname": "escience-taps", "execution_start_time": 1716758228.5483582, "execution_end_time": 1716758228.6044621, "task_start_time": 1716758228.5484126, "task_end_time": 1716758228.5926688, "input_transform_start_time": 1716758228.5483902, "input_transform_end_time": 1716758228.5484123, "result_transform_start_time": 1716758228.5926692, "result_transform_end_time": 1716758228.604462}}
{"task_id": "448d2902-8f53-4e0f-8200-b7ccade6b49f", "function_name": "noop_task", "parent_task_ids": [], "submit_time": 1716758228.6411984, "received_time": 1716758228.8651476, "execution": {"hostname": "escience-taps", "execution_start_time": 1716758228.8037531, "execution_end_time": 1716758228.8580372, "task_start_time": 1716758228.8037949, "task_end_time": 1716758228.8476717, "input_transform_start_time": 1716758228.8037744, "input_transform_end_time": 1716758228.8037944, "result_transform_start_time": 1716758228.847672, "result_transform_end_time": 1716758228.858037}}
{"task_id": "f2d8f413-487f-4ea1-b81d-dfa13dceed60", "function_name": "noop_task", "parent_task_ids": [], "submit_time": 1716758228.8941996, "received_time": 1716758229.1438851, "execution": {"hostname": "escience-taps", "execution_start_time": 1716758229.0833523, "execution_end_time": 1716758229.1367648, "task_start_time": 1716758229.083384, "task_end_time": 1716758229.1270218, "input_transform_start_time": 1716758229.08337, "input_transform_end_time": 1716758229.0833838, "result_transform_start_time": 1716758229.127022, "result_transform_end_time": 1716758229.1367645}}
{"task_id": "9197ca8b-e73a-409d-97cb-841a9b2a38bd", "function_name": "noop_task", "parent_task_ids": [], "submit_time": 1716758229.172644, "received_time": 1716758229.3921204, "execution": {"hostname": "escience-taps", "execution_start_time": 1716758229.3327987, "execution_end_time": 1716758229.384875, "task_start_time": 1716758229.3328252, "task_end_time": 1716758229.3746436, "input_transform_start_time": 1716758229.3328137, "input_transform_end_time": 1716758229.332825, "result_transform_start_time": 1716758229.3746438, "result_transform_end_time": 1716758229.3848746}}
{"task_id": "de2fb78d-3afe-49fd-bf1f-f4381031a9de", "function_name": "noop_task", "parent_task_ids": [], "submit_time": 1716758229.4214704, "received_time": 1716758229.6452146, "execution": {"hostname": "escience-taps", "execution_start_time": 1716758229.584505, "execution_end_time": 1716758229.6381536, "task_start_time": 1716758229.5845413, "task_end_time": 1716758229.627954, "input_transform_start_time": 1716758229.584527, "input_transform_end_time": 1716758229.584541, "result_transform_start_time": 1716758229.6279542, "result_transform_end_time": 1716758229.6381536}}
{"task_id": "f8b5175c-5c14-4810-8075-34dcd70e9b7f", "function_name": "noop_task", "parent_task_ids": [], "submit_time": 1716758229.676045, "received_time": 1716758229.8971338, "execution": {"hostname": "escience-taps", "execution_start_time": 1716758229.838304, "execution_end_time": 1716758229.8899379, "task_start_time": 1716758229.8383317, "task_end_time": 1716758229.8801787, "input_transform_start_time": 1716758229.838319, "input_transform_end_time": 1716758229.8383315, "result_transform_start_time": 1716758229.880179, "result_transform_end_time": 1716758229.8899379}}
{"task_id": "33ad3bf0-50d8-41db-b0d1-33cc4292abe4", "function_name": "noop_task", "parent_task_ids": [], "submit_time": 1716758229.9266696, "received_time": 1716758230.1464586, "execution": {"hostname": "escience-taps", "execution_start_time": 1716758230.0876136, "execution_end_time": 1716758230.1390398, "task_start_time": 1716758230.0876436, "task_end_time": 1716758230.1284068, "input_transform_start_time": 1716758230.0876298, "input_transform_end_time": 1716758230.0876434, "result_transform_start_time": 1716758230.1284072, "result_transform_end_time": 1716758230.1390395}}
{"task_id": "6e21d820-ce2b-4d2e-b665-479a7debef3f", "function_name": "noop_task", "parent_task_ids": [], "submit_time": 1716758230.1767857, "received_time": 1716758230.4016333, "execution": {"hostname": "escience-taps", "execution_start_time": 1716758230.3420608, "execution_end_time": 1716758230.3942354, "task_start_time": 1716758230.3420842, "task_end_time": 1716758230.3835754, "input_transform_start_time": 1716758230.3420734, "input_transform_end_time": 1716758230.3420837, "result_transform_start_time": 1716758230.383576, "result_transform_end_time": 1716758230.3942354}}
{"task_id": "eea68d7d-dc4e-4a91-bd53-7890a566b415", "function_name": "noop_task", "parent_task_ids": [], "submit_time": 1716758230.4311318, "received_time": 1716758230.6522138, "execution": {"hostname": "escience-taps", "execution_start_time": 1716758230.592063, "execution_end_time": 1716758230.6438932, "task_start_time": 1716758230.5920937, "task_end_time": 1716758230.6342623, "input_transform_start_time": 1716758230.5920804, "input_transform_end_time": 1716758230.5920935, "result_transform_start_time": 1716758230.6342623, "result_transform_end_time": 1716758230.643893}}
