{"task_id": "27ea1e53-c328-46d6-8002-8afbe5c55aba", "function_name": "id", "parent_task_ids": [], "submit_time": 1716760504.4785006, "received_time": 1716760506.461762, "execution": {"hostname": "escience-taps", "execution_start_time": 1716760505.9459422, "execution_end_time": 1716760505.945951, "task_start_time": 1716760505.9459474, "task_end_time": 1716760505.945948, "input_transform_start_time": 1716760505.9459445, "input_transform_end_time": 1716760505.9459474, "result_transform_start_time": 1716760505.9459481, "result_transform_end_time": 1716760505.9459507}}
{"task_id": "f6ecadec-8f27-49e8-a5f8-2cc4b42ac91e", "function_name": "noop_task", "parent_task_ids": [], "submit_time": 1716760506.4629936, "received_time": 1716760507.9647589, "execution": {"hostname": "escience-taps", "execution_start_time": 1716760507.5233486, "execution_end_time": 1716760507.5236316, "task_start_time": 1716760507.523356, "task_end_time": 1716760507.5236254, "input_transform_start_time": 1716760507.5233524, "input_transform_end_time": 1716760507.523356, "result_transform_start_time": 1716760507.5236256, "result_transform_end_time": 1716760507.5236313}}
{"task_id": "7633bb95-a4af-4cc2-991b-0049ff53b61c", "function_name": "noop_task", "parent_task_ids": [], "submit_time": 1716760507.9656456, "received_time": 1716760508.9673162, "execution": {"hostname": "escience-taps", "execution_start_time": 1716760508.3834002, "execution_end_time": 1716760508.3839984, "task_start_time": 1716760508.3834288, "task_end_time": 1716760508.383982, "input_transform_start_time": 1716760508.3834145, "input_transform_end_time": 1716760508.3834286, "result_transform_start_time": 1716760508.3839824, "result_transform_end_time": 1716760508.3839982}}
{"task_id": "759cd0ae-1d3b-4a95-9767-64c753f49025", "function_name": "noop_task", "parent_task_ids": [], "submit_time": 1716760508.9680738, "received_time": 1716760509.9699304, "execution": {"hostname": "escience-taps", "execution_start_time": 1716760509.3581932, "execution_end_time": 1716760509.3587284, "task_start_time": 1716760509.358211, "task_end_time": 1716760509.3587193, "input_transform_start_time": 1716760509.3582022, "input_transform_end_time": 1716760509.3582106, "result_transform_start_time": 1716760509.3587198, "result_transform_end_time": 1716760509.3587282}}
{"task_id": "77fbbb40-edde-460c-9eb4-82ea70c1049d", "function_name": "noop_task", "parent_task_ids": [], "submit_time": 1716760509.9706793, "received_time": 1716760510.9723225, "execution": {"hostname": "escience-taps", "execution_start_time": 1716760510.3732965, "execution_end_time": 1716760510.373842, "task_start_time": 1716760510.3733156, "task_end_time": 1716760510.3738327, "input_transform_start_time": 1716760510.373305, "input_transform_end_time": 1716760510.3733153, "result_transform_start_time": 1716760510.373833, "result_transform_end_time": 1716760510.3738418}}
{"task_id": "d1bc28bd-a02a-4ec3-aa0f-0f967909775b", "function_name": "noop_task", "parent_task_ids": [], "submit_time": 1716760510.9730864, "received_time": 1716760511.9750657, "execution": {"hostname": "escience-taps", "execution_start_time": 1716760511.365058, "execution_end_time": 1716760511.3656135, "task_start_time": 1716760511.3650844, "task_end_time": 1716760511.3656006, "input_transform_start_time": 1716760511.365071, "input_transform_end_time": 1716760511.3650842, "result_transform_start_time": 1716760511.365601, "result_transform_end_time": 1716760511.3656132}}
{"task_id": "bfae60e7-4e40-4d5d-a345-29297e5e516c", "function_name": "noop_task", "parent_task_ids": [], "submit_time": 1716760511.9758022, "received_time": 1716760512.9775662, "execution": {"hostname": "escience-taps", "execution_start_time": 1716760512.3608856, "execution_end_time": 1716760512.3614223, "task_start_time": 1716760512.3609045, "task_end_time": 1716760512.3614128, "input_transform_start_time": 1716760512.3608956, "input_transform_end_time": 1716760512.3609042, "result_transform_start_time": 1716760512.3614137, "result_transform_end_time": 1716760512.361422}}
{"task_id": "e774a4f3-9bc0-4637-8e34-173681b2f1b6", "function_name": "noop_task", "parent_task_ids": [], "submit_time": 1716760512.9784024, "received_time": 1716760513.9793148, "execution": {"hostname": "escience-taps", "execution_start_time": 1716760513.4071238, "execution_end_time": 1716760513.4076972, "task_start_time": 1716760513.4071424, "task_end_time": 1716760513.4076865, "input_transform_start_time": 1716760513.4071326, "input_transform_end_time": 1716760513.4071422, "result_transform_start_time": 1716760513.407687, "result_transform_end_time": 1716760513.407697}}
{"task_id": "96c0ac3b-21a3-4559-ba51-c8b1ef8dcc13", "function_name": "noop_task", "parent_task_ids": [], "submit_time": 1716760513.9801505, "received_time": 1716760514.9814599, "execution": {"hostname": "escience-taps", "execution_start_time": 1716760514.3713539, "execution_end_time": 1716760514.3719442, "task_start_time": 1716760514.3713756, "task_end_time": 1716760514.3719318, "input_transform_start_time": 1716760514.371365, "input_transform_end_time": 1716760514.3713753, "result_transform_start_time": 1716760514.3719323, "result_transform_end_time": 1716760514.3719442}}
{"task_id": "58e14293-1e18-4fff-b92b-6c94154040c9", "function_name": "noop_task", "parent_task_ids": [], "submit_time": 1716760514.9822874, "received_time": 1716760515.9844024, "execution": {"hostname": "escience-taps", "execution_start_time": 1716760515.418917, "execution_end_time": 1716760515.4195452, "task_start_time": 1716760515.418941, "task_end_time": 1716760515.4195302, "input_transform_start_time": 1716760515.4189284, "input_transform_end_time": 1716760515.4189408, "result_transform_start_time": 1716760515.4195309, "result_transform_end_time": 1716760515.419545}}
{"task_id": "640d9bb1-c1c2-43c1-8c12-1ac082bd874a", "function_name": "noop_task", "parent_task_ids": [], "submit_time": 1716760515.985235, "received_time": 1716760516.9867482, "execution": {"hostname": "escience-taps", "execution_start_time": 1716760516.381292, "execution_end_time": 1716760516.3818789, "task_start_time": 1716760516.3813164, "task_end_time": 1716760516.3818662, "input_transform_start_time": 1716760516.3813038, "input_transform_end_time": 1716760516.3813162, "result_transform_start_time": 1716760516.3818667, "result_transform_end_time": 1716760516.3818786}}
