{"task_id": "42cce9a4-3ece-441a-a28e-bbebf3ca9572", "function_name": "id", "parent_task_ids": [], "submit_time": 1716758165.926109, "received_time": 1716758166.6450734, "execution": {"hostname": "escience-taps", "execution_start_time": 1716758166.6028357, "execution_end_time": 1716758166.6028552, "task_start_time": 1716758166.6028473, "task_end_time": 1716758166.602848, "input_transform_start_time": 1716758166.6028397, "input_transform_end_time": 1716758166.6028469, "result_transform_start_time": 1716758166.6028483, "result_transform_end_time": 1716758166.602855}}
{"task_id": "ed537416-97a3-45ea-a4b7-6451e6d14e64", "function_name": "noop_task", "parent_task_ids": [], "submit_time": 1716758166.6419153, "received_time": 1716758166.8973396, "execution": {"hostname": "escience-taps", "execution_start_time": 1716758166.8464975, "execution_end_time": 1716758166.8911924, "task_start_time": 1716758166.8465292, "task_end_time": 1716758166.8820207, "input_transform_start_time": 1716758166.8465152, "input_transform_end_time": 1716758166.8465288, "result_transform_start_time": 1716758166.8820207, "result_transform_end_time": 1716758166.8911924}}
{"task_id": "6ff681eb-6500-4cf2-9d3c-b487c737e68d", "function_name": "noop_task", "parent_task_ids": [], "submit_time": 1716758166.9206111, "received_time": 1716758167.1371512, "execution": {"hostname": "escience-taps", "execution_start_time": 1716758167.086783, "execution_end_time": 1716758167.1305256, "task_start_time": 1716758167.0868382, "task_end_time": 1716758167.121135, "input_transform_start_time": 1716758167.0868173, "input_transform_end_time": 1716758167.086838, "result_transform_start_time": 1716758167.1211355, "result_transform_end_time": 1716758167.1305254}}
{"task_id": "a5bd2ab0-6c9a-4636-bcfc-156c5845e1e0", "function_name": "noop_task", "parent_task_ids": [], "submit_time": 1716758167.1608398, "received_time": 1716758167.3773434, "execution": {"hostname": "escience-taps", "execution_start_time": 1716758167.3248343, "execution_end_time": 1716758167.368474, "task_start_time": 1716758167.3248758, "task_end_time": 1716758167.3587992, "input_transform_start_time": 1716758167.3248537, "input_transform_end_time": 1716758167.3248756, "result_transform_start_time": 1716758167.3587997, "result_transform_end_time": 1716758167.3684738}}
{"task_id": "bbbb8f9f-5acd-46ce-b8cf-72f815abe297", "function_name": "noop_task", "parent_task_ids": [], "submit_time": 1716758167.40108, "received_time": 1716758167.6387002, "execution": {"hostname": "escience-taps", "execution_start_time": 1716758167.5888596, "execution_end_time": 1716758167.6321654, "task_start_time": 1716758167.5888994, "task_end_time": 1716758167.6233265, "input_transform_start_time": 1716758167.5888824, "input_transform_end_time": 1716758167.5888991, "result_transform_start_time": 1716758167.6233265, "result_transform_end_time": 1716758167.6321652}}
{"task_id": "520e5af8-aafc-47c4-af8f-98c59649053e", "function_name": "noop_task", "parent_task_ids": [], "submit_time": 1716758167.6620703, "received_time": 1716758167.8845584, "execution": {"hostname": "escience-taps", "execution_start_time": 1716758167.833923, "execution_end_time": 1716758167.877065, "task_start_time": 1716758167.8339567, "task_end_time": 1716758167.868241, "input_transform_start_time": 1716758167.8339412, "input_transform_end_time": 1716758167.8339562, "result_transform_start_time": 1716758167.8682413, "result_transform_end_time": 1716758167.877065}}
{"task_id": "05cfb425-ca01-4543-ac00-914b8c54a3ba", "function_name": "noop_task", "parent_task_ids": [], "submit_time": 1716758167.90812, "received_time": 1716758168.1522489, "execution": {"hostname": "escience-taps", "execution_start_time": 1716758168.1018357, "execution_end_time": 1716758168.1448815, "task_start_time": 1716758168.1018808, "task_end_time": 1716758168.1360226, "input_transform_start_time": 1716758168.10186, "input_transform_end_time": 1716758168.1018803, "result_transform_start_time": 1716758168.1360228, "result_transform_end_time": 1716758168.144881}}
{"task_id": "7ed509e2-43ad-4674-acf0-6d3cba34f544", "function_name": "noop_task", "parent_task_ids": [], "submit_time": 1716758168.1754634, "received_time": 1716758168.3926492, "execution": {"hostname": "escience-taps", "execution_start_time": 1716758168.3400755, "execution_end_time": 1716758168.3861442, "task_start_time": 1716758168.340114, "task_end_time": 1716758168.3770113, "input_transform_start_time": 1716758168.340094, "input_transform_end_time": 1716758168.3401136, "result_transform_start_time": 1716758168.3770115, "result_transform_end_time": 1716758168.386144}}
{"task_id": "87381813-da55-43f4-a4f4-51e6a0767c7d", "function_name": "noop_task", "parent_task_ids": [], "submit_time": 1716758168.4160118, "received_time": 1716758168.628256, "execution": {"hostname": "escience-taps", "execution_start_time": 1716758168.578472, "execution_end_time": 1716758168.6214402, "task_start_time": 1716758168.578504, "task_end_time": 1716758168.6124833, "input_transform_start_time": 1716758168.5784893, "input_transform_end_time": 1716758168.578504, "result_transform_start_time": 1716758168.6124835, "result_transform_end_time": 1716758168.62144}}
{"task_id": "626e86b2-dbbe-4e69-a0af-da394811eddc", "function_name": "noop_task", "parent_task_ids": [], "submit_time": 1716758168.6515388, "received_time": 1716758168.8648286, "execution": {"hostname": "escience-taps", "execution_start_time": 1716758168.8146229, "execution_end_time": 1716758168.857825, "task_start_time": 1716758168.814659, "task_end_time": 1716758168.8490367, "input_transform_start_time": 1716758168.8146431, "input_transform_end_time": 1716758168.8146589, "result_transform_start_time": 1716758168.8490367, "result_transform_end_time": 1716758168.857825}}
{"task_id": "17bb27bc-cbac-46df-b7ed-75172b20fd4a", "function_name": "noop_task", "parent_task_ids": [], "submit_time": 1716758168.8879285, "received_time": 1716758169.099529, "execution": {"hostname": "escience-taps", "execution_start_time": 1716758169.049503, "execution_end_time": 1716758169.0925138, "task_start_time": 1716758169.0495417, "task_end_time": 1716758169.0834785, "input_transform_start_time": 1716758169.0495243, "input_transform_end_time": 1716758169.0495415, "result_transform_start_time": 1716758169.083479, "result_transform_end_time": 1716758169.0925136}}
