{"task_id": "96b49003-2e6d-4921-b537-69ca9715facd", "function_name": "id", "parent_task_ids": [], "submit_time": 1716758691.6280746, "received_time": 1716758693.2551765, "execution": {"hostname": "escience-taps", "execution_start_time": 1716758693.2528005, "execution_end_time": 1716758693.2528143, "task_start_time": 1716758693.252809, "task_end_time": 1716758693.2528095, "input_transform_start_time": 1716758693.252803, "input_transform_end_time": 1716758693.252809, "result_transform_start_time": 1716758693.2528095, "result_transform_end_time": 1716758693.2528143}}
{"task_id": "57984ccd-5eb0-47e9-8b20-a8eee18abb3f", "function_name": "noop_task", "parent_task_ids": [], "submit_time": 1716758693.2606616, "received_time": 1716758693.297204, "execution": {"hostname": "escience-taps", "execution_start_time": 1716758693.285593, "execution_end_time": 1716758693.2879016, "task_start_time": 1716758693.285605, "task_end_time": 1716758693.2878952, "input_transform_start_time": 1716758693.285598, "input_transform_end_time": 1716758693.285605, "result_transform_start_time": 1716758693.2878952, "result_transform_end_time": 1716758693.2879016}}
{"task_id": "46b9151b-7d88-4eed-952f-a58681ed91d5", "function_name": "noop_task", "parent_task_ids": [], "submit_time": 1716758693.2996025, "received_time": 1716758693.3271506, "execution": {"hostname": "escience-taps", "execution_start_time": 1716758693.3194518, "execution_end_time": 1716758693.321723, "task_start_time": 1716758693.3194604, "task_end_time": 1716758693.321719, "input_transform_start_time": 1716758693.319456, "input_transform_end_time": 1716758693.3194604, "result_transform_start_time": 1716758693.3217194, "result_transform_end_time": 1716758693.321723}}
{"task_id": "333da669-2e3c-4712-83bc-b524fb1ac467", "function_name": "noop_task", "parent_task_ids": [], "submit_time": 1716758693.3297303, "received_time": 1716758693.3568444, "execution": {"hostname": "escience-taps", "execution_start_time": 1716758693.3508434, "execution_end_time": 1716758693.353047, "task_start_time": 1716758693.3508513, "task_end_time": 1716758693.3530428, "input_transform_start_time": 1716758693.350847, "input_transform_end_time": 1716758693.3508513, "result_transform_start_time": 1716758693.3530433, "result_transform_end_time": 1716758693.3530464}}
{"task_id": "b03db1eb-4cd8-4846-b8b6-d2345a3b2779", "function_name": "noop_task", "parent_task_ids": [], "submit_time": 1716758693.3597844, "received_time": 1716758693.3867877, "execution": {"hostname": "escience-taps", "execution_start_time": 1716758693.37971, "execution_end_time": 1716758693.381727, "task_start_time": 1716758693.3797169, "task_end_time": 1716758693.3817232, "input_transform_start_time": 1716758693.3797133, "input_transform_end_time": 1716758693.3797166, "result_transform_start_time": 1716758693.3817234, "result_transform_end_time": 1716758693.381727}}
{"task_id": "038f740e-016d-4e86-9870-7ccf077d6aa9", "function_name": "noop_task", "parent_task_ids": [], "submit_time": 1716758693.3895223, "received_time": 1716758693.4169369, "execution": {"hostname": "escience-taps", "execution_start_time": 1716758693.4099655, "execution_end_time": 1716758693.4122152, "task_start_time": 1716758693.4099724, "task_end_time": 1716758693.4122112, "input_transform_start_time": 1716758693.409969, "input_transform_end_time": 1716758693.4099722, "result_transform_start_time": 1716758693.4122114, "result_transform_end_time": 1716758693.412215}}
{"task_id": "754e8a1f-eb19-4c20-be1d-7eb8e0cc9b70", "function_name": "noop_task", "parent_task_ids": [], "submit_time": 1716758693.4196863, "received_time": 1716758693.4459145, "execution": {"hostname": "escience-taps", "execution_start_time": 1716758693.4397519, "execution_end_time": 1716758693.4417818, "task_start_time": 1716758693.439758, "task_end_time": 1716758693.4417777, "input_transform_start_time": 1716758693.4397547, "input_transform_end_time": 1716758693.439758, "result_transform_start_time": 1716758693.4417777, "result_transform_end_time": 1716758693.4417815}}
{"task_id": "d8859b84-e25c-40c5-8cb8-653093d8ff9f", "function_name": "noop_task", "parent_task_ids": [], "submit_time": 1716758693.4484687, "received_time": 1716758693.4773784, "execution": {"hostname": "escience-taps", "execution_start_time": 1716758693.4696584, "execution_end_time": 1716758693.4718688, "task_start_time": 1716758693.4696681, "task_end_time": 1716758693.47186, "input_transform_start_time": 1716758693.4696624, "input_transform_end_time": 1716758693.4696681, "result_transform_start_time": 1716758693.4718602, "result_transform_end_time": 1716758693.4718688}}
{"task_id": "85abd8c3-1d43-422c-bc15-07171722abcc", "function_name": "noop_task", "parent_task_ids": [], "submit_time": 1716758693.4806905, "received_time": 1716758693.5081506, "execution": {"hostname": "escience-taps", "execution_start_time": 1716758693.4997075, "execution_end_time": 1716758693.501745, "task_start_time": 1716758693.4997144, "task_end_time": 1716758693.5017402, "input_transform_start_time": 1716758693.4997108, "input_transform_end_time": 1716758693.4997144, "result_transform_start_time": 1716758693.5017402, "result_transform_end_time": 1716758693.501745}}
{"task_id": "9488ee52-565d-43b0-8da4-ae4aecaac2eb", "function_name": "noop_task", "parent_task_ids": [], "submit_time": 1716758693.5108776, "received_time": 1716758693.5386426, "execution": {"hostname": "escience-taps", "execution_start_time": 1716758693.5317037, "execution_end_time": 1716758693.5339556, "task_start_time": 1716758693.5317113, "task_end_time": 1716758693.5339513, "input_transform_start_time": 1716758693.531707, "input_transform_end_time": 1716758693.5317109, "result_transform_start_time": 1716758693.5339515, "result_transform_end_time": 1716758693.5339556}}
{"task_id": "6f2c186a-d3e8-495e-9c4a-d312c943f870", "function_name": "noop_task", "parent_task_ids": [], "submit_time": 1716758693.541447, "received_time": 1716758693.5692286, "execution": {"hostname": "escience-taps", "execution_start_time": 1716758693.5622423, "execution_end_time": 1716758693.5642803, "task_start_time": 1716758693.5622492, "task_end_time": 1716758693.5642765, "input_transform_start_time": 1716758693.5622456, "input_transform_end_time": 1716758693.5622492, "result_transform_start_time": 1716758693.5642767, "result_transform_end_time": 1716758693.5642803}}
