{"task_id": "6aae1662-57be-4038-9bd4-caf81d0c76a5", "function_name": "id", "parent_task_ids": [], "submit_time": 1716758516.0443614, "received_time": 1716758516.0526953, "execution": {"hostname": "escience-taps", "execution_start_time": 1716758516.0518231, "execution_end_time": 1716758516.05189, "task_start_time": 1716758516.0518727, "task_end_time": 1716758516.0518737, "input_transform_start_time": 1716758516.0518396, "input_transform_end_time": 1716758516.05187, "result_transform_start_time": 1716758516.0518742, "result_transform_end_time": 1716758516.0518897}}
{"task_id": "71cda999-a3e0-4a2c-9e9e-e952d2b783a1", "function_name": "noop_task", "parent_task_ids": [], "submit_time": 1716758516.0836217, "received_time": 1716758516.1362214, "execution": {"hostname": "escience-taps", "execution_start_time": 1716758516.0954301, "execution_end_time": 1716758516.1357572, "task_start_time": 1716758516.0954685, "task_end_time": 1716758516.1270235, "input_transform_start_time": 1716758516.0954602, "input_transform_end_time": 1716758516.0954683, "result_transform_start_time": 1716758516.1270237, "result_transform_end_time": 1716758516.1357572}}
{"task_id": "62cd5001-0c43-41b0-a0a0-9c24cbbf63a9", "function_name": "noop_task", "parent_task_ids": [], "submit_time": 1716758516.162747, "received_time": 1716758516.2015648, "execution": {"hostname": "escience-taps", "execution_start_time": 1716758516.1704457, "execution_end_time": 1716758516.201226, "task_start_time": 1716758516.1704729, "task_end_time": 1716758516.1944003, "input_transform_start_time": 1716758516.1704624, "input_transform_end_time": 1716758516.1704729, "result_transform_start_time": 1716758516.1944005, "result_transform_end_time": 1716758516.201226}}
{"task_id": "945c3014-fff4-4630-bbb9-c53bfa3af069", "function_name": "noop_task", "parent_task_ids": [], "submit_time": 1716758516.2269366, "received_time": 1716758516.265648, "execution": {"hostname": "escience-taps", "execution_start_time": 1716758516.234688, "execution_end_time": 1716758516.2653346, "task_start_time": 1716758516.2347183, "task_end_time": 1716758516.2585757, "input_transform_start_time": 1716758516.2347033, "input_transform_end_time": 1716758516.2347178, "result_transform_start_time": 1716758516.258576, "result_transform_end_time": 1716758516.2653346}}
{"task_id": "ac136f46-f4d3-4f49-a1ef-4432099bb650", "function_name": "noop_task", "parent_task_ids": [], "submit_time": 1716758516.2912064, "received_time": 1716758516.3287125, "execution": {"hostname": "escience-taps", "execution_start_time": 1716758516.298748, "execution_end_time": 1716758516.3284335, "task_start_time": 1716758516.2987683, "task_end_time": 1716758516.3218534, "input_transform_start_time": 1716758516.2987607, "input_transform_end_time": 1716758516.2987683, "result_transform_start_time": 1716758516.3218534, "result_transform_end_time": 1716758516.3284335}}
{"task_id": "5124f744-4862-4665-b437-64fea3316034", "function_name": "noop_task", "parent_task_ids": [], "submit_time": 1716758516.3535817, "received_time": 1716758516.3908205, "execution": {"hostname": "escience-taps", "execution_start_time": 1716758516.360854, "execution_end_time": 1716758516.3905666, "task_start_time": 1716758516.3608737, "task_end_time": 1716758516.383956, "input_transform_start_time": 1716758516.360866, "input_transform_end_time": 1716758516.3608735, "result_transform_start_time": 1716758516.3839562, "result_transform_end_time": 1716758516.3905663}}
{"task_id": "07a51963-6c58-4f62-8394-6ab50dc8736e", "function_name": "noop_task", "parent_task_ids": [], "submit_time": 1716758516.4160414, "received_time": 1716758516.4569304, "execution": {"hostname": "escience-taps", "execution_start_time": 1716758516.4261925, "execution_end_time": 1716758516.4565928, "task_start_time": 1716758516.4262133, "task_end_time": 1716758516.4498656, "input_transform_start_time": 1716758516.4262054, "input_transform_end_time": 1716758516.426213, "result_transform_start_time": 1716758516.4498656, "result_transform_end_time": 1716758516.4565928}}
{"task_id": "0a7aefa2-c671-4fd3-afc4-9eb83f33f497", "function_name": "noop_task", "parent_task_ids": [], "submit_time": 1716758516.4789054, "received_time": 1716758516.5172067, "execution": {"hostname": "escience-taps", "execution_start_time": 1716758516.4866288, "execution_end_time": 1716758516.5168893, "task_start_time": 1716758516.4866498, "task_end_time": 1716758516.5101626, "input_transform_start_time": 1716758516.4866416, "input_transform_end_time": 1716758516.4866495, "result_transform_start_time": 1716758516.5101628, "result_transform_end_time": 1716758516.5168893}}
{"task_id": "9ffe8d20-97ba-4a52-a514-1711ac9ce70d", "function_name": "noop_task", "parent_task_ids": [], "submit_time": 1716758516.5387244, "received_time": 1716758516.5772724, "execution": {"hostname": "escience-taps", "execution_start_time": 1716758516.546626, "execution_end_time": 1716758516.576987, "task_start_time": 1716758516.5466385, "task_end_time": 1716758516.5703647, "input_transform_start_time": 1716758516.5466342, "input_transform_end_time": 1716758516.5466385, "result_transform_start_time": 1716758516.5703647, "result_transform_end_time": 1716758516.576987}}
{"task_id": "ef789ef0-e4fa-4491-8c50-fd6a378ff1e3", "function_name": "noop_task", "parent_task_ids": [], "submit_time": 1716758516.6009707, "received_time": 1716758516.6389463, "execution": {"hostname": "escience-taps", "execution_start_time": 1716758516.608388, "execution_end_time": 1716758516.6386642, "task_start_time": 1716758516.608407, "task_end_time": 1716758516.6319807, "input_transform_start_time": 1716758516.6083999, "input_transform_end_time": 1716758516.6084068, "result_transform_start_time": 1716758516.631981, "result_transform_end_time": 1716758516.6386642}}
{"task_id": "121a55b7-ec5e-4ab3-8ffd-07a716dac833", "function_name": "noop_task", "parent_task_ids": [], "submit_time": 1716758516.6646905, "received_time": 1716758516.7024212, "execution": {"hostname": "escience-taps", "execution_start_time": 1716758516.6720972, "execution_end_time": 1716758516.7021482, "task_start_time": 1716758516.6721168, "task_end_time": 1716758516.6954634, "input_transform_start_time": 1716758516.6721098, "input_transform_end_time": 1716758516.6721165, "result_transform_start_time": 1716758516.6954634, "result_transform_end_time": 1716758516.7021477}}
