{"task_id": "d2f0af0b-68ab-4916-a21a-0c971e9782db", "function_name": "_map_function_for_enron_run_mode", "parent_task_ids": [], "submit_time": 1716647907.2179165, "received_time": 1716647908.319545, "execution": {"hostname": "escience-taps", "execution_start_time": 1716647907.9926875, "execution_end_time": 1716647908.270281, "task_start_time": 1716647907.9927006, "task_end_time": 1716647908.2702696, "input_transform_start_time": 1716647907.9926922, "input_transform_end_time": 1716647907.9927006, "result_transform_start_time": 1716647908.2702699, "result_transform_end_time": 1716647908.270281}}
{"task_id": "cd1b4ac6-3b86-4369-a454-e34626dc8f0b", "function_name": "_map_function_for_enron_run_mode", "parent_task_ids": [], "submit_time": 1716647907.2219095, "received_time": 1716647908.3473313, "execution": {"hostname": "escience-taps", "execution_start_time": 1716647907.9912138, "execution_end_time": 1716647908.2769141, "task_start_time": 1716647907.9912271, "task_end_time": 1716647908.2769039, "input_transform_start_time": 1716647907.9912188, "input_transform_end_time": 1716647907.9912271, "result_transform_start_time": 1716647908.276904, "result_transform_end_time": 1716647908.2769141}}
{"task_id": "1a781373-c396-452a-a09c-720c2cd96321", "function_name": "_map_function_for_enron_run_mode", "parent_task_ids": [], "submit_time": 1716647907.2125604, "received_time": 1716647908.453004, "execution": {"hostname": "escience-taps", "execution_start_time": 1716647907.979436, "execution_end_time": 1716647908.4250946, "task_start_time": 1716647907.9794455, "task_end_time": 1716647908.4250858, "input_transform_start_time": 1716647907.9794395, "input_transform_end_time": 1716647907.9794452, "result_transform_start_time": 1716647908.4250863, "result_transform_end_time": 1716647908.4250944}}
{"task_id": "0f1460b0-c0fe-4d49-95b1-1a09930c4d6b", "function_name": "_map_function_for_enron_run_mode", "parent_task_ids": [], "submit_time": 1716647907.217113, "received_time": 1716647908.529296, "execution": {"hostname": "escience-taps", "execution_start_time": 1716647907.9812362, "execution_end_time": 1716647908.4826465, "task_start_time": 1716647907.981251, "task_end_time": 1716647908.4826348, "input_transform_start_time": 1716647907.9812412, "input_transform_end_time": 1716647907.9812508, "result_transform_start_time": 1716647908.482635, "result_transform_end_time": 1716647908.4826465}}
{"task_id": "66a13d6e-8e39-4509-bfd9-01499384b2d0", "function_name": "_map_function_for_enron_run_mode", "parent_task_ids": [], "submit_time": 1716647907.2162988, "received_time": 1716647908.6501353, "execution": {"hostname": "escience-taps", "execution_start_time": 1716647907.993788, "execution_end_time": 1716647908.6054764, "task_start_time": 1716647907.993802, "task_end_time": 1716647908.6054652, "input_transform_start_time": 1716647907.993793, "input_transform_end_time": 1716647907.993802, "result_transform_start_time": 1716647908.6054654, "result_transform_end_time": 1716647908.6054764}}
{"task_id": "56c823d3-35e3-4efc-8a72-5ccbee269c44", "function_name": "_map_function_for_enron_run_mode", "parent_task_ids": [], "submit_time": 1716647907.2138312, "received_time": 1716647908.7496917, "execution": {"hostname": "escience-taps", "execution_start_time": 1716647907.961235, "execution_end_time": 1716647908.6745903, "task_start_time": 1716647907.961263, "task_end_time": 1716647908.6745691, "input_transform_start_time": 1716647907.9612455, "input_transform_end_time": 1716647907.9612627, "result_transform_start_time": 1716647908.6745694, "result_transform_end_time": 1716647908.6745903}}
{"task_id": "af6d03d3-2d88-4c34-8647-6c51f393e7b0", "function_name": "_map_function_for_enron_run_mode", "parent_task_ids": [], "submit_time": 1716647907.2105856, "received_time": 1716647908.8389769, "execution": {"hostname": "escience-taps", "execution_start_time": 1716647907.968814, "execution_end_time": 1716647908.7528358, "task_start_time": 1716647907.9688227, "task_end_time": 1716647908.7528255, "input_transform_start_time": 1716647907.9688177, "input_transform_end_time": 1716647907.9688225, "result_transform_start_time": 1716647908.7528257, "result_transform_end_time": 1716647908.7528358}}
{"task_id": "9b848fe8-7849-40a2-9400-3ff8bf797dfe", "function_name": "_map_function_for_enron_run_mode", "parent_task_ids": [], "submit_time": 1716647907.2216012, "received_time": 1716647908.8802397, "execution": {"hostname": "escience-taps", "execution_start_time": 1716647907.9920733, "execution_end_time": 1716647908.762907, "task_start_time": 1716647907.9920871, "task_end_time": 1716647908.762896, "input_transform_start_time": 1716647907.992078, "input_transform_end_time": 1716647907.992087, "result_transform_start_time": 1716647908.7628963, "result_transform_end_time": 1716647908.7629068}}
{"task_id": "64ca3c30-fd34-4a8b-b0a4-ecdadf44aafe", "function_name": "_map_function_for_enron_run_mode", "parent_task_ids": [], "submit_time": 1716647907.2183535, "received_time": 1716647908.9570293, "execution": {"hostname": "escience-taps", "execution_start_time": 1716647907.993428, "execution_end_time": 1716647908.7656767, "task_start_time": 1716647907.9934428, "task_end_time": 1716647908.765667, "input_transform_start_time": 1716647907.9934337, "input_transform_end_time": 1716647907.9934425, "result_transform_start_time": 1716647908.7656674, "result_transform_end_time": 1716647908.7656765}}
{"task_id": "eff9402c-d8f9-4a32-a625-3e84aa491595", "function_name": "_map_function_for_enron_run_mode", "parent_task_ids": [], "submit_time": 1716647907.213047, "received_time": 1716647909.0151768, "execution": {"hostname": "escience-taps", "execution_start_time": 1716647907.9731557, "execution_end_time": 1716647908.7980247, "task_start_time": 1716647907.9731646, "task_end_time": 1716647908.7980137, "input_transform_start_time": 1716647907.97316, "input_transform_end_time": 1716647907.9731643, "result_transform_start_time": 1716647908.798014, "result_transform_end_time": 1716647908.7980244}}
{"task_id": "04ee945f-99ca-489a-bae3-e2f897b1ada7", "function_name": "_map_function_for_enron_run_mode", "parent_task_ids": [], "submit_time": 1716647907.2146566, "received_time": 1716647909.0714555, "execution": {"hostname": "escience-taps", "execution_start_time": 1716647907.9760065, "execution_end_time": 1716647908.8028975, "task_start_time": 1716647907.976021, "task_end_time": 1716647908.8028834, "input_transform_start_time": 1716647907.9760118, "input_transform_end_time": 1716647907.9760208, "result_transform_start_time": 1716647908.8028834, "result_transform_end_time": 1716647908.8028975}}
{"task_id": "d27662a9-e165-426e-8555-66202908d172", "function_name": "_map_function_for_enron_run_mode", "parent_task_ids": [], "submit_time": 1716647907.2128096, "received_time": 1716647909.1188374, "execution": {"hostname": "escience-taps", "execution_start_time": 1716647907.9829948, "execution_end_time": 1716647908.8106267, "task_start_time": 1716647907.9830089, "task_end_time": 1716647908.8106146, "input_transform_start_time": 1716647907.9829993, "input_transform_end_time": 1716647907.9830089, "result_transform_start_time": 1716647908.8106148, "result_transform_end_time": 1716647908.8106265}}
{"task_id": "7024cc80-50bb-4c35-b7f9-b357a3870852", "function_name": "_map_function_for_enron_run_mode", "parent_task_ids": [], "submit_time": 1716647907.2188175, "received_time": 1716647909.16833, "execution": {"hostname": "escience-taps", "execution_start_time": 1716647907.9951124, "execution_end_time": 1716647908.8136013, "task_start_time": 1716647907.995126, "task_end_time": 1716647908.8135898, "input_transform_start_time": 1716647907.9951167, "input_transform_end_time": 1716647907.9951258, "result_transform_start_time": 1716647908.8135905, "result_transform_end_time": 1716647908.813601}}
{"task_id": "256079a1-cfec-44a7-841f-12264475c2ad", "function_name": "_map_function_for_enron_run_mode", "parent_task_ids": [], "submit_time": 1716647907.2117057,