{"task_id": "65ecbc91-2740-4cad-a7d9-0d671c8b3733", "function_name": "id", "parent_task_ids": [], "submit_time": 1716759274.391103, "received_time": 1716759275.0426693, "execution": {"hostname": "escience-taps", "execution_start_time": 1716759275.0385342, "execution_end_time": 1716759275.038544, "task_start_time": 1716759275.0385404, "task_end_time": 1716759275.0385408, "input_transform_start_time": 1716759275.0385368, "input_transform_end_time": 1716759275.0385401, "result_transform_start_time": 1716759275.0385408, "result_transform_end_time": 1716759275.038544}}
{"task_id": "94fc6a1c-1212-4c5e-83bd-626051dd0e7e", "function_name": "noop_task", "parent_task_ids": [], "submit_time": 1716759275.0431948, "received_time": 1716759275.0515707, "execution": {"hostname": "escience-taps", "execution_start_time": 1716759275.0502305, "execution_end_time": 1716759275.0503347, "task_start_time": 1716759275.0502384, "task_end_time": 1716759275.050329, "input_transform_start_time": 1716759275.050235, "input_transform_end_time": 1716759275.0502384, "result_transform_start_time": 1716759275.0503294, "result_transform_end_time": 1716759275.0503347}}
{"task_id": "3234c42e-71d2-4e80-9aa0-76219162b891", "function_name": "noop_task", "parent_task_ids": [], "submit_time": 1716759275.0517561, "received_time": 1716759275.0544446, "execution": {"hostname": "escience-taps", "execution_start_time": 1716759275.0536506, "execution_end_time": 1716759275.053748, "task_start_time": 1716759275.0536585, "task_end_time": 1716759275.053744, "input_transform_start_time": 1716759275.0536547, "input_transform_end_time": 1716759275.0536585, "result_transform_start_time": 1716759275.0537443, "result_transform_end_time": 1716759275.053748}}
{"task_id": "0e4a79fd-08b0-40d8-99fa-8cd4a629e0aa", "function_name": "noop_task", "parent_task_ids": [], "submit_time": 1716759275.054638, "received_time": 1716759275.0573597, "execution": {"hostname": "escience-taps", "execution_start_time": 1716759275.0565004, "execution_end_time": 1716759275.0566137, "task_start_time": 1716759275.0565114, "task_end_time": 1716759275.0566094, "input_transform_start_time": 1716759275.0565057, "input_transform_end_time": 1716759275.0565114, "result_transform_start_time": 1716759275.0566096, "result_transform_end_time": 1716759275.0566137}}
{"task_id": "890651af-bac5-4f60-ab1c-55b4bd875fe7", "function_name": "noop_task", "parent_task_ids": [], "submit_time": 1716759275.0575428, "received_time": 1716759275.06008, "execution": {"hostname": "escience-taps", "execution_start_time": 1716759275.0591729, "execution_end_time": 1716759275.0592852, "task_start_time": 1716759275.059182, "task_end_time": 1716759275.0592804, "input_transform_start_time": 1716759275.0591774, "input_transform_end_time": 1716759275.0591815, "result_transform_start_time": 1716759275.0592806, "result_transform_end_time": 1716759275.059285}}
{"task_id": "1a772f87-b74e-4121-abe5-0f3b29e472ae", "function_name": "noop_task", "parent_task_ids": [], "submit_time": 1716759275.0602603, "received_time": 1716759275.0622616, "execution": {"hostname": "escience-taps", "execution_start_time": 1716759275.0615299, "execution_end_time": 1716759275.0616374, "task_start_time": 1716759275.0615377, "task_end_time": 1716759275.061633, "input_transform_start_time": 1716759275.061534, "input_transform_end_time": 1716759275.0615377, "result_transform_start_time": 1716759275.0616333, "result_transform_end_time": 1716759275.0616372}}
{"task_id": "7f1b5002-dcd0-4e8c-8699-7b966d7de003", "function_name": "noop_task", "parent_task_ids": [], "submit_time": 1716759275.0624285, "received_time": 1716759275.064403, "execution": {"hostname": "escience-taps", "execution_start_time": 1716759275.063751, "execution_end_time": 1716759275.0638442, "task_start_time": 1716759275.063757, "task_end_time": 1716759275.0638409, "input_transform_start_time": 1716759275.063754, "input_transform_end_time": 1716759275.0637567, "result_transform_start_time": 1716759275.063841, "result_transform_end_time": 1716759275.0638442}}
{"task_id": "1f04c796-5835-4dfd-bfb1-09a5ebf10d7a", "function_name": "noop_task", "parent_task_ids": [], "submit_time": 1716759275.0645602, "received_time": 1716759275.0686345, "execution": {"hostname": "escience-taps", "execution_start_time": 1716759275.0677602, "execution_end_time": 1716759275.0678706, "task_start_time": 1716759275.0677693, "task_end_time": 1716759275.067865, "input_transform_start_time": 1716759275.0677643, "input_transform_end_time": 1716759275.067769, "result_transform_start_time": 1716759275.0678651, "result_transform_end_time": 1716759275.0678706}}
{"task_id": "aca2b52a-9524-4e16-bffd-0a16a13f0a46", "function_name": "noop_task", "parent_task_ids": [], "submit_time": 1716759275.0688584, "received_time": 1716759275.0709472, "execution": {"hostname": "escience-taps", "execution_start_time": 1716759275.0703251, "execution_end_time": 1716759275.07042, "task_start_time": 1716759275.0703309, "task_end_time": 1716759275.070417, "input_transform_start_time": 1716759275.070328, "input_transform_end_time": 1716759275.0703306, "result_transform_start_time": 1716759275.0704172, "result_transform_end_time": 1716759275.07042}}
{"task_id": "d35a8912-0292-4d05-bc16-1920718c2f4d", "function_name": "noop_task", "parent_task_ids": [], "submit_time": 1716759275.0710983, "received_time": 1716759275.0732388, "execution": {"hostname": "escience-taps", "execution_start_time": 1716759275.072411, "execution_end_time": 1716759275.0725167, "task_start_time": 1716759275.0724185, "task_end_time": 1716759275.0725129, "input_transform_start_time": 1716759275.0724146, "input_transform_end_time": 1716759275.0724182, "result_transform_start_time": 1716759275.0725129, "result_transform_end_time": 1716759275.0725167}}
{"task_id": "0d746c88-9473-49c5-92ca-e885c6e212e8", "function_name": "noop_task", "parent_task_ids": [], "submit_time": 1716759275.0733852, "received_time": 1716759275.0753064, "execution": {"hostname": "escience-taps", "execution_start_time": 1716759275.074583, "execution_end_time": 1716759275.0746837, "task_start_time": 1716759275.0745888, "task_end_time": 1716759275.0746808, "input_transform_start_time": 1716759275.0745857, "input_transform_end_time": 1716759275.0745888, "result_transform_start_time": 1716759275.0746808, "result_transform_end_time": 1716759275.0746834}}
