{"task_id": "f6830354-4b4c-4ad6-8139-cc3475be55e2", "function_name": "id", "parent_task_ids": [], "submit_time": 1716761144.6327949, "received_time": 1716761151.6620488, "execution": {"hostname": "escience-taps", "execution_start_time": 1716761151.1347296, "execution_end_time": 1716761151.1347394, "task_start_time": 1716761151.1347353, "task_end_time": 1716761151.1347358, "input_transform_start_time": 1716761151.134732, "input_transform_end_time": 1716761151.134735, "result_transform_start_time": 1716761151.1347358, "result_transform_end_time": 1716761151.1347394}}
{"task_id": "6715cd24-f7cd-46d1-a4c8-451bbb571b33", "function_name": "noop_task", "parent_task_ids": [], "submit_time": 1716761151.6630037, "received_time": 1716761153.6664193, "execution": {"hostname": "escience-taps", "execution_start_time": 1716761152.8252265, "execution_end_time": 1716761152.8271103, "task_start_time": 1716761152.8252378, "task_end_time": 1716761152.8268049, "input_transform_start_time": 1716761152.825233, "input_transform_end_time": 1716761152.8252375, "result_transform_start_time": 1716761152.8268058, "result_transform_end_time": 1716761152.8271103}}
{"task_id": "d1132b63-c3d8-4458-8b8a-174d543cf1b1", "function_name": "noop_task", "parent_task_ids": [], "submit_time": 1716761153.6673048, "received_time": 1716761155.1698098, "execution": {"hostname": "escience-taps", "execution_start_time": 1716761154.381964, "execution_end_time": 1716761154.383958, "task_start_time": 1716761154.381975, "task_end_time": 1716761154.38353, "input_transform_start_time": 1716761154.38197, "input_transform_end_time": 1716761154.381975, "result_transform_start_time": 1716761154.3835304, "result_transform_end_time": 1716761154.3839579}}
{"task_id": "1959951f-bd58-4e30-9771-31172f9a907a", "function_name": "noop_task", "parent_task_ids": [], "submit_time": 1716761155.1706471, "received_time": 1716761156.673376, "execution": {"hostname": "escience-taps", "execution_start_time": 1716761155.8854246, "execution_end_time": 1716761155.8872247, "task_start_time": 1716761155.8854353, "task_end_time": 1716761155.8869576, "input_transform_start_time": 1716761155.8854308, "input_transform_end_time": 1716761155.8854353, "result_transform_start_time": 1716761155.886958, "result_transform_end_time": 1716761155.8872244}}
{"task_id": "fc6f84d7-0cd3-400a-ad15-cd35815d4285", "function_name": "noop_task", "parent_task_ids": [], "submit_time": 1716761156.674264, "received_time": 1716761158.1764019, "execution": {"hostname": "escience-taps", "execution_start_time": 1716761157.3790474, "execution_end_time": 1716761157.3807762, "task_start_time": 1716761157.3790588, "task_end_time": 1716761157.3805385, "input_transform_start_time": 1716761157.3790538, "input_transform_end_time": 1716761157.3790588, "result_transform_start_time": 1716761157.3805387, "result_transform_end_time": 1716761157.3807762}}
{"task_id": "eb0d41a9-f62e-4416-8386-a861a851f552", "function_name": "noop_task", "parent_task_ids": [], "submit_time": 1716761158.1772592, "received_time": 1716761159.679752, "execution": {"hostname": "escience-taps", "execution_start_time": 1716761158.911332, "execution_end_time": 1716761158.9129505, "task_start_time": 1716761158.9113433, "task_end_time": 1716761158.9127128, "input_transform_start_time": 1716761158.911338, "input_transform_end_time": 1716761158.911343, "result_transform_start_time": 1716761158.9127133, "result_transform_end_time": 1716761158.9129503}}
{"task_id": "785b93c0-ce9a-47b3-baa2-6c3408fa98f6", "function_name": "noop_task", "parent_task_ids": [], "submit_time": 1716761159.680656, "received_time": 1716761161.1824963, "execution": {"hostname": "escience-taps", "execution_start_time": 1716761160.3970768, "execution_end_time": 1716761160.3988116, "task_start_time": 1716761160.3970878, "task_end_time": 1716761160.3985493, "input_transform_start_time": 1716761160.3970826, "input_transform_end_time": 1716761160.3970878, "result_transform_start_time": 1716761160.3985496, "result_transform_end_time": 1716761160.3988116}}
{"task_id": "2179178d-d7d4-4e84-9274-e7283fd96061", "function_name": "noop_task", "parent_task_ids": [], "submit_time": 1716761161.1832776, "received_time": 1716761162.6852202, "execution": {"hostname": "escience-taps", "execution_start_time": 1716761161.8981402, "execution_end_time": 1716761161.9000993, "task_start_time": 1716761161.898151, "task_end_time": 1716761161.899657, "input_transform_start_time": 1716761161.8981462, "input_transform_end_time": 1716761161.898151, "result_transform_start_time": 1716761161.8996572, "result_transform_end_time": 1716761161.900099}}
{"task_id": "cfa6f338-d092-46d5-a46a-2d588e19705d", "function_name": "noop_task", "parent_task_ids": [], "submit_time": 1716761162.6860743, "received_time": 1716761164.1885004, "execution": {"hostname": "escience-taps", "execution_start_time": 1716761163.4078734, "execution_end_time": 1716761163.4094927, "task_start_time": 1716761163.4078844, "task_end_time": 1716761163.4092333, "input_transform_start_time": 1716761163.407879, "input_transform_end_time": 1716761163.4078841, "result_transform_start_time": 1716761163.4092338, "result_transform_end_time": 1716761163.4094925}}
{"task_id": "fda61170-6dec-488b-81c0-c5e35f0b125b", "function_name": "noop_task", "parent_task_ids": [], "submit_time": 1716761164.1894104, "received_time": 1716761165.6914632, "execution": {"hostname": "escience-taps", "execution_start_time": 1716761164.8990176, "execution_end_time": 1716761164.9008389, "task_start_time": 1716761164.8990283, "task_end_time": 1716761164.900501, "input_transform_start_time": 1716761164.8990233, "input_transform_end_time": 1716761164.8990283, "result_transform_start_time": 1716761164.9005017, "result_transform_end_time": 1716761164.9008386}}
{"task_id": "4f437f62-7eff-485a-a60d-33494117bc37", "function_name": "noop_task", "parent_task_ids": [], "submit_time": 1716761165.6922235, "received_time": 1716761167.194079, "execution": {"hostname": "escience-taps", "execution_start_time": 1716761166.3973858, "execution_end_time": 1716761166.3991141, "task_start_time": 1716761166.3973968, "task_end_time": 1716761166.3988624, "input_transform_start_time": 1716761166.3973916, "input_transform_end_time": 1716761166.3973966, "result_transform_start_time": 1716761166.3988626, "result_transform_end_time": 1716761166.399114}}
