{"task_id": "155ee68f-3aec-4656-87b7-2e49ff5dfaac", "function_name": "id", "parent_task_ids": [], "submit_time": 1716763226.0013864, "received_time": 1716763226.010122, "execution": {"hostname": "escience-taps", "execution_start_time": 1716763226.0093443, "execution_end_time": 1716763226.009409, "task_start_time": 1716763226.0093908, "task_end_time": 1716763226.0093918, "input_transform_start_time": 1716763226.0093606, "input_transform_end_time": 1716763226.0093882, "result_transform_start_time": 1716763226.0093918, "result_transform_end_time": 1716763226.0094087}}
{"task_id": "1ab36d94-10d7-4d54-a4c4-23ec557e77e2", "function_name": "noop_task", "parent_task_ids": [], "submit_time": 1716763226.0115438, "received_time": 1716763226.016903, "execution": {"hostname": "escience-taps", "execution_start_time": 1716763226.0144253, "execution_end_time": 1716763226.0165505, "task_start_time": 1716763226.0144506, "task_end_time": 1716763226.0161781, "input_transform_start_time": 1716763226.014445, "input_transform_end_time": 1716763226.01445, "result_transform_start_time": 1716763226.0161781, "result_transform_end_time": 1716763226.0165505}}
{"task_id": "45c7ff5d-be24-4ba7-adf1-70e0527e99df", "function_name": "noop_task", "parent_task_ids": [], "submit_time": 1716763226.0177643, "received_time": 1716763226.0194685, "execution": {"hostname": "escience-taps", "execution_start_time": 1716763226.0184257, "execution_end_time": 1716763226.019301, "task_start_time": 1716763226.018438, "task_end_time": 1716763226.0190737, "input_transform_start_time": 1716763226.0184333, "input_transform_end_time": 1716763226.0184379, "result_transform_start_time": 1716763226.019074, "result_transform_end_time": 1716763226.019301}}
{"task_id": "7cb0fe29-61db-4fd9-a58c-e0e40ef1a515", "function_name": "noop_task", "parent_task_ids": [], "submit_time": 1716763226.0200531, "received_time": 1716763226.0217197, "execution": {"hostname": "escience-taps", "execution_start_time": 1716763226.0207095, "execution_end_time": 1716763226.02156, "task_start_time": 1716763226.0207286, "task_end_time": 1716763226.021326, "input_transform_start_time": 1716763226.0207176, "input_transform_end_time": 1716763226.0207283, "result_transform_start_time": 1716763226.021326, "result_transform_end_time": 1716763226.02156}}
{"task_id": "739b268c-3d77-4048-9663-c252cde23d97", "function_name": "noop_task", "parent_task_ids": [], "submit_time": 1716763226.022307, "received_time": 1716763226.023825, "execution": {"hostname": "escience-taps", "execution_start_time": 1716763226.0228674, "execution_end_time": 1716763226.023673, "task_start_time": 1716763226.0228791, "task_end_time": 1716763226.0234542, "input_transform_start_time": 1716763226.0228744, "input_transform_end_time": 1716763226.022879, "result_transform_start_time": 1716763226.0234542, "result_transform_end_time": 1716763226.0236728}}
{"task_id": "32959d30-f2fc-456a-81e7-e624aeb63864", "function_name": "noop_task", "parent_task_ids": [], "submit_time": 1716763226.0244164, "received_time": 1716763226.0258746, "execution": {"hostname": "escience-taps", "execution_start_time": 1716763226.0249908, "execution_end_time": 1716763226.0257223, "task_start_time": 1716763226.0250025, "task_end_time": 1716763226.0255253, "input_transform_start_time": 1716763226.0249982, "input_transform_end_time": 1716763226.0250022, "result_transform_start_time": 1716763226.0255253, "result_transform_end_time": 1716763226.025722}}
{"task_id": "e062bfa4-9bef-4a9c-bee3-ee89bd0e6104", "function_name": "noop_task", "parent_task_ids": [], "submit_time": 1716763226.0296917, "received_time": 1716763226.0311127, "execution": {"hostname": "escience-taps", "execution_start_time": 1716763226.030226, "execution_end_time": 1716763226.0309467, "task_start_time": 1716763226.030235, "task_end_time": 1716763226.0307462, "input_transform_start_time": 1716763226.0302317, "input_transform_end_time": 1716763226.030235, "result_transform_start_time": 1716763226.0307462, "result_transform_end_time": 1716763226.0309465}}
{"task_id": "1fed1a1f-3c55-454c-a1e6-77fc95f873cd", "function_name": "noop_task", "parent_task_ids": [], "submit_time": 1716763226.0316205, "received_time": 1716763226.032919, "execution": {"hostname": "escience-taps", "execution_start_time": 1716763226.0320995, "execution_end_time": 1716763226.0327637, "task_start_time": 1716763226.0321088, "task_end_time": 1716763226.0325682, "input_transform_start_time": 1716763226.032105, "input_transform_end_time": 1716763226.0321088, "result_transform_start_time": 1716763226.0325687, "result_transform_end_time": 1716763226.0327635}}
{"task_id": "e9d27e8f-368d-4d83-9345-d6e4bb9e4ca9", "function_name": "noop_task", "parent_task_ids": [], "submit_time": 1716763226.033481, "received_time": 1716763226.034856, "execution": {"hostname": "escience-taps", "execution_start_time": 1716763226.0340025, "execution_end_time": 1716763226.0347233, "task_start_time": 1716763226.034012, "task_end_time": 1716763226.0345347, "input_transform_start_time": 1716763226.0340085, "input_transform_end_time": 1716763226.0340118, "result_transform_start_time": 1716763226.034535, "result_transform_end_time": 1716763226.034723}}
{"task_id": "a0fd1479-29a9-45b7-a4af-08309dd1dbf0", "function_name": "noop_task", "parent_task_ids": [], "submit_time": 1716763226.0353773, "received_time": 1716763226.03666, "execution": {"hostname": "escience-taps", "execution_start_time": 1716763226.0358672, "execution_end_time": 1716763226.0365329, "task_start_time": 1716763226.0358753, "task_end_time": 1716763226.0363579, "input_transform_start_time": 1716763226.0358722, "input_transform_end_time": 1716763226.0358753, "result_transform_start_time": 1716763226.036358, "result_transform_end_time": 1716763226.0365326}}
{"task_id": "9ec8048f-cc9b-4824-9d47-a759631c7e69", "function_name": "noop_task", "parent_task_ids": [], "submit_time": 1716763226.037247, "received_time": 1716763226.0386171, "execution": {"hostname": "escience-taps", "execution_start_time": 1716763226.0377607, "execution_end_time": 1716763226.0384731, "task_start_time": 1716763226.0377705, "task_end_time": 1716763226.0382857, "input_transform_start_time": 1716763226.037767, "input_transform_end_time": 1716763226.0377705, "result_transform_start_time": 1716763226.0382857, "result_transform_end_time": 1716763226.0384731}}
