{"task_id": "df8a036b-cc06-496c-a417-8542070d023e", "function_name": "id", "parent_task_ids": [], "submit_time": 1716758503.9324877, "received_time": 1716758503.9408696, "execution": {"hostname": "escience-taps", "execution_start_time": 1716758503.9399202, "execution_end_time": 1716758503.9399939, "task_start_time": 1716758503.9399729, "task_end_time": 1716758503.9399738, "input_transform_start_time": 1716758503.939936, "input_transform_end_time": 1716758503.9399698, "result_transform_start_time": 1716758503.939974, "result_transform_end_time": 1716758503.9399939}}
{"task_id": "5ce01eaf-d7af-4b81-8d7c-431060229edb", "function_name": "noop_task", "parent_task_ids": [], "submit_time": 1716758503.9422119, "received_time": 1716758503.945251, "execution": {"hostname": "escience-taps", "execution_start_time": 1716758503.9432573, "execution_end_time": 1716758503.9449544, "task_start_time": 1716758503.9432783, "task_end_time": 1716758503.9439921, "input_transform_start_time": 1716758503.943274, "input_transform_end_time": 1716758503.9432783, "result_transform_start_time": 1716758503.9439924, "result_transform_end_time": 1716758503.9449542}}
{"task_id": "bbf653c5-277e-4b21-a52d-29f459ffc26a", "function_name": "noop_task", "parent_task_ids": [], "submit_time": 1716758503.9460378, "received_time": 1716758503.947471, "execution": {"hostname": "escience-taps", "execution_start_time": 1716758503.9466438, "execution_end_time": 1716758503.9472718, "task_start_time": 1716758503.946656, "task_end_time": 1716758503.9470572, "input_transform_start_time": 1716758503.9466515, "input_transform_end_time": 1716758503.946656, "result_transform_start_time": 1716758503.9470575, "result_transform_end_time": 1716758503.9472716}}
{"task_id": "82be763f-b38b-4815-bf5b-87c04977fffb", "function_name": "noop_task", "parent_task_ids": [], "submit_time": 1716758503.947983, "received_time": 1716758503.9494374, "execution": {"hostname": "escience-taps", "execution_start_time": 1716758503.948555, "execution_end_time": 1716758503.9492362, "task_start_time": 1716758503.9485693, "task_end_time": 1716758503.9489844, "input_transform_start_time": 1716758503.9485612, "input_transform_end_time": 1716758503.9485693, "result_transform_start_time": 1716758503.9489846, "result_transform_end_time": 1716758503.9492362}}
{"task_id": "f3809d47-7a46-434a-9996-f70af45e46d4", "function_name": "noop_task", "parent_task_ids": [], "submit_time": 1716758503.9499328, "received_time": 1716758503.9512784, "execution": {"hostname": "escience-taps", "execution_start_time": 1716758503.9504533, "execution_end_time": 1716758503.9510767, "task_start_time": 1716758503.950464, "task_end_time": 1716758503.9508612, "input_transform_start_time": 1716758503.9504592, "input_transform_end_time": 1716758503.9504638, "result_transform_start_time": 1716758503.9508615, "result_transform_end_time": 1716758503.9510767}}
{"task_id": "080f5db6-6cd0-41d1-b785-731a9e85bae3", "function_name": "noop_task", "parent_task_ids": [], "submit_time": 1716758503.9517748, "received_time": 1716758503.9531417, "execution": {"hostname": "escience-taps", "execution_start_time": 1716758503.9523184, "execution_end_time": 1716758503.9529335, "task_start_time": 1716758503.9523277, "task_end_time": 1716758503.9527133, "input_transform_start_time": 1716758503.952324, "input_transform_end_time": 1716758503.9523275, "result_transform_start_time": 1716758503.9527133, "result_transform_end_time": 1716758503.9529333}}
{"task_id": "99e0873a-dded-4de1-8b2b-cd6f8d65abdd", "function_name": "noop_task", "parent_task_ids": [], "submit_time": 1716758503.95365, "received_time": 1716758503.9573321, "execution": {"hostname": "escience-taps", "execution_start_time": 1716758503.956377, "execution_end_time": 1716758503.9571066, "task_start_time": 1716758503.9563901, "task_end_time": 1716758503.9568758, "input_transform_start_time": 1716758503.9563856, "input_transform_end_time": 1716758503.95639, "result_transform_start_time": 1716758503.956876, "result_transform_end_time": 1716758503.9571064}}
{"task_id": "6834f8b3-ba7c-46b4-9143-b2c305e484ed", "function_name": "noop_task", "parent_task_ids": [], "submit_time": 1716758503.9578087, "received_time": 1716758503.9591851, "execution": {"hostname": "escience-taps", "execution_start_time": 1716758503.9583683, "execution_end_time": 1716758503.9589748, "task_start_time": 1716758503.9583783, "task_end_time": 1716758503.9587731, "input_transform_start_time": 1716758503.9583743, "input_transform_end_time": 1716758503.9583783, "result_transform_start_time": 1716758503.9587731, "result_transform_end_time": 1716758503.9589748}}
{"task_id": "4497a7bf-f952-4c1a-a0da-efe8d47fc420", "function_name": "noop_task", "parent_task_ids": [], "submit_time": 1716758503.9596193, "received_time": 1716758503.9612563, "execution": {"hostname": "escience-taps", "execution_start_time": 1716758503.9601402, "execution_end_time": 1716758503.9607506, "task_start_time": 1716758503.9601493, "task_end_time": 1716758503.9605427, "input_transform_start_time": 1716758503.960146, "input_transform_end_time": 1716758503.960149, "result_transform_start_time": 1716758503.9605427, "result_transform_end_time": 1716758503.9607503}}
{"task_id": "8fae8e34-3968-48b5-aae1-932f913ba89a", "function_name": "noop_task", "parent_task_ids": [], "submit_time": 1716758503.9617357, "received_time": 1716758503.9630098, "execution": {"hostname": "escience-taps", "execution_start_time": 1716758503.9622285, "execution_end_time": 1716758503.9628234, "task_start_time": 1716758503.962237, "task_end_time": 1716758503.9626298, "input_transform_start_time": 1716758503.9622338, "input_transform_end_time": 1716758503.962237, "result_transform_start_time": 1716758503.96263, "result_transform_end_time": 1716758503.9628234}}
{"task_id": "3cc81069-7a04-4fae-a527-aa26082286d0", "function_name": "noop_task", "parent_task_ids": [], "submit_time": 1716758503.9634638, "received_time": 1716758503.9646552, "execution": {"hostname": "escience-taps", "execution_start_time": 1716758503.9639318, "execution_end_time": 1716758503.96448, "task_start_time": 1716758503.96394, "task_end_time": 1716758503.9643025, "input_transform_start_time": 1716758503.9639368, "input_transform_end_time": 1716758503.9639397, "result_transform_start_time": 1716758503.9643028, "result_transform_end_time": 1716758503.9644797}}
