{"task_id": "fda7032b-3a81-4ca2-90ae-b2c4daa8c07e", "function_name": "id", "parent_task_ids": [], "submit_time": 1716758808.256548, "received_time": 1716758809.8870113, "execution": {"hostname": "escience-taps", "execution_start_time": 1716758809.8846338, "execution_end_time": 1716758809.8846505, "task_start_time": 1716758809.8846447, "task_end_time": 1716758809.8846455, "input_transform_start_time": 1716758809.8846366, "input_transform_end_time": 1716758809.8846447, "result_transform_start_time": 1716758809.8846457, "result_transform_end_time": 1716758809.8846502}}
{"task_id": "877e1c23-d818-4639-8e83-335f9bbc03f2", "function_name": "noop_task", "parent_task_ids": [], "submit_time": 1716758809.887681, "received_time": 1716758809.9039938, "execution": {"hostname": "escience-taps", "execution_start_time": 1716758809.900751, "execution_end_time": 1716758809.9024937, "task_start_time": 1716758809.9007685, "task_end_time": 1716758809.9021301, "input_transform_start_time": 1716758809.9007611, "input_transform_end_time": 1716758809.9007683, "result_transform_start_time": 1716758809.9021306, "result_transform_end_time": 1716758809.9024937}}
{"task_id": "53044ea8-e6eb-49f5-831b-8678b9cdfe45", "function_name": "noop_task", "parent_task_ids": [], "submit_time": 1716758809.9045458, "received_time": 1716758809.9163234, "execution": {"hostname": "escience-taps", "execution_start_time": 1716758809.914597, "execution_end_time": 1716758809.9152465, "task_start_time": 1716758809.9146113, "task_end_time": 1716758809.9149313, "input_transform_start_time": 1716758809.9146051, "input_transform_end_time": 1716758809.9146113, "result_transform_start_time": 1716758809.9149315, "result_transform_end_time": 1716758809.9152462}}
{"task_id": "3cd1f851-81d0-41ce-bed1-f4eb669b1f99", "function_name": "noop_task", "parent_task_ids": [], "submit_time": 1716758809.916755, "received_time": 1716758809.9289064, "execution": {"hostname": "escience-taps", "execution_start_time": 1716758809.9268732, "execution_end_time": 1716758809.927657, "task_start_time": 1716758809.926888, "task_end_time": 1716758809.9273322, "input_transform_start_time": 1716758809.926881, "input_transform_end_time": 1716758809.926888, "result_transform_start_time": 1716758809.9273324, "result_transform_end_time": 1716758809.9276564}}
{"task_id": "0777837e-1ee0-4c6e-b7fa-1e30af27df5d", "function_name": "noop_task", "parent_task_ids": [], "submit_time": 1716758809.9296036, "received_time": 1716758809.9415457, "execution": {"hostname": "escience-taps", "execution_start_time": 1716758809.9395523, "execution_end_time": 1716758809.9402685, "task_start_time": 1716758809.9395645, "task_end_time": 1716758809.9399834, "input_transform_start_time": 1716758809.9395592, "input_transform_end_time": 1716758809.9395642, "result_transform_start_time": 1716758809.9399838, "result_transform_end_time": 1716758809.940268}}
{"task_id": "009622ca-bd38-4ba4-8beb-347eb72bbd8a", "function_name": "noop_task", "parent_task_ids": [], "submit_time": 1716758809.9420412, "received_time": 1716758809.9543574, "execution": {"hostname": "escience-taps", "execution_start_time": 1716758809.9524908, "execution_end_time": 1716758809.9532275, "task_start_time": 1716758809.9525158, "task_end_time": 1716758809.9529188, "input_transform_start_time": 1716758809.952505, "input_transform_end_time": 1716758809.9525158, "result_transform_start_time": 1716758809.952919, "result_transform_end_time": 1716758809.9532266}}
{"task_id": "1417ea45-cee3-4815-8d3b-fed54e9fede4", "function_name": "noop_task", "parent_task_ids": [], "submit_time": 1716758809.954819, "received_time": 1716758809.9672766, "execution": {"hostname": "escience-taps", "execution_start_time": 1716758809.965273, "execution_end_time": 1716758809.9660525, "task_start_time": 1716758809.9652936, "task_end_time": 1716758809.96573, "input_transform_start_time": 1716758809.9652863, "input_transform_end_time": 1716758809.9652934, "result_transform_start_time": 1716758809.9657302, "result_transform_end_time": 1716758809.966052}}
{"task_id": "4f513c37-55d3-465c-959f-fbe5670d5a97", "function_name": "noop_task", "parent_task_ids": [], "submit_time": 1716758809.967756, "received_time": 1716758809.9795, "execution": {"hostname": "escience-taps", "execution_start_time": 1716758809.9780486, "execution_end_time": 1716758809.978495, "task_start_time": 1716758809.978061, "task_end_time": 1716758809.97833, "input_transform_start_time": 1716758809.9780552, "input_transform_end_time": 1716758809.978061, "result_transform_start_time": 1716758809.9783301, "result_transform_end_time": 1716758809.9784946}}
{"task_id": "bc4f8fd4-0054-463c-bbf5-c37308a7d0bf", "function_name": "noop_task", "parent_task_ids": [], "submit_time": 1716758809.9799669, "received_time": 1716758809.9924, "execution": {"hostname": "escience-taps", "execution_start_time": 1716758809.9902594, "execution_end_time": 1716758809.9910865, "task_start_time": 1716758809.9902809, "task_end_time": 1716758809.9908037, "input_transform_start_time": 1716758809.9902723, "input_transform_end_time": 1716758809.9902809, "result_transform_start_time": 1716758809.990804, "result_transform_end_time": 1716758809.9910862}}
{"task_id": "f098bfad-02e6-4d20-b0c5-8bdc734e8207", "function_name": "noop_task", "parent_task_ids": [], "submit_time": 1716758809.993397, "received_time": 1716758810.0045285, "execution": {"hostname": "escience-taps", "execution_start_time": 1716758810.0028675, "execution_end_time": 1716758810.0034857, "task_start_time": 1716758810.0028858, "task_end_time": 1716758810.0032215, "input_transform_start_time": 1716758810.002878, "input_transform_end_time": 1716758810.0028858, "result_transform_start_time": 1716758810.0032218, "result_transform_end_time": 1716758810.0034845}}
{"task_id": "95a2cb4b-24ed-4d0e-9147-c2fdd1de1585", "function_name": "noop_task", "parent_task_ids": [], "submit_time": 1716758810.0065818, "received_time": 1716758810.0172637, "execution": {"hostname": "escience-taps", "execution_start_time": 1716758810.015375, "execution_end_time": 1716758810.0160656, "task_start_time": 1716758810.015398, "task_end_time": 1716758810.0157824, "input_transform_start_time": 1716758810.015389, "input_transform_end_time": 1716758810.0153978, "result_transform_start_time": 1716758810.0157828, "result_transform_end_time": 1716758810.016065}}
