{"task_id": "a442b22b-4bf8-4059-b912-d3c4b66a1d99", "function_name": "id", "parent_task_ids": [], "submit_time": 1716760405.7282078, "received_time": 1716760407.3242805, "execution": {"hostname": "escience-taps", "execution_start_time": 1716760406.687595, "execution_end_time": 1716760406.6876042, "task_start_time": 1716760406.6876004, "task_end_time": 1716760406.6876009, "input_transform_start_time": 1716760406.6875973, "input_transform_end_time": 1716760406.6876001, "result_transform_start_time": 1716760406.6876009, "result_transform_end_time": 1716760406.6876042}}
{"task_id": "54162259-a6ba-46cb-b6c1-7aad8049cb66", "function_name": "noop_task", "parent_task_ids": [], "submit_time": 1716760407.3252783, "received_time": 1716760409.8293283, "execution": {"hostname": "escience-taps", "execution_start_time": 1716760409.302803, "execution_end_time": 1716760409.3029106, "task_start_time": 1716760409.30281, "task_end_time": 1716760409.302905, "input_transform_start_time": 1716760409.3028064, "input_transform_end_time": 1716760409.30281, "result_transform_start_time": 1716760409.3029053, "result_transform_end_time": 1716760409.30291}}
{"task_id": "2061d040-992d-4caf-9de9-a59faa047d75", "function_name": "noop_task", "parent_task_ids": [], "submit_time": 1716760409.8297336, "received_time": 1716760411.833645, "execution": {"hostname": "escience-taps", "execution_start_time": 1716760411.0370224, "execution_end_time": 1716760411.0371282, "task_start_time": 1716760411.0370297, "task_end_time": 1716760411.0371234, "input_transform_start_time": 1716760411.0370257, "input_transform_end_time": 1716760411.0370297, "result_transform_start_time": 1716760411.0371234, "result_transform_end_time": 1716760411.0371282}}
{"task_id": "7063dedb-c972-4e86-a5fc-ce8d20531bdd", "function_name": "noop_task", "parent_task_ids": [], "submit_time": 1716760411.8340836, "received_time": 1716760413.3362908, "execution": {"hostname": "escience-taps", "execution_start_time": 1716760412.6313436, "execution_end_time": 1716760412.6314507, "task_start_time": 1716760412.6313512, "task_end_time": 1716760412.6314456, "input_transform_start_time": 1716760412.6313472, "input_transform_end_time": 1716760412.631351, "result_transform_start_time": 1716760412.6314456, "result_transform_end_time": 1716760412.6314507}}
{"task_id": "0e9bd2da-d029-4a69-bc18-cc8ded5fe63f", "function_name": "noop_task", "parent_task_ids": [], "submit_time": 1716760413.3366873, "received_time": 1716760414.8393807, "execution": {"hostname": "escience-taps", "execution_start_time": 1716760414.1526759, "execution_end_time": 1716760414.1527534, "task_start_time": 1716760414.152683, "task_end_time": 1716760414.1527483, "input_transform_start_time": 1716760414.1526794, "input_transform_end_time": 1716760414.152683, "result_transform_start_time": 1716760414.1527483, "result_transform_end_time": 1716760414.152753}}
{"task_id": "b3a5b472-795b-4258-ae7d-34b0d47a0e18", "function_name": "noop_task", "parent_task_ids": [], "submit_time": 1716760414.83979, "received_time": 1716760416.3425214, "execution": {"hostname": "escience-taps", "execution_start_time": 1716760415.6610456, "execution_end_time": 1716760415.6611538, "task_start_time": 1716760415.6610534, "task_end_time": 1716760415.661149, "input_transform_start_time": 1716760415.6610491, "input_transform_end_time": 1716760415.6610532, "result_transform_start_time": 1716760415.661149, "result_transform_end_time": 1716760415.6611536}}
{"task_id": "61f71992-19fe-4961-a0e2-701a0b464646", "function_name": "noop_task", "parent_task_ids": [], "submit_time": 1716760416.342896, "received_time": 1716760417.8450627, "execution": {"hostname": "escience-taps", "execution_start_time": 1716760417.1589358, "execution_end_time": 1716760417.1590452, "task_start_time": 1716760417.158943, "task_end_time": 1716760417.1590397, "input_transform_start_time": 1716760417.1589394, "input_transform_end_time": 1716760417.158943, "result_transform_start_time": 1716760417.15904, "result_transform_end_time": 1716760417.159045}}
{"task_id": "0e5b3e85-12b5-4459-a93b-ecb4a215b77f", "function_name": "noop_task", "parent_task_ids": [], "submit_time": 1716760417.8452797, "received_time": 1716760418.8476388, "execution": {"hostname": "escience-taps", "execution_start_time": 1716760418.050434, "execution_end_time": 1716760418.0506306, "task_start_time": 1716760418.0504756, "task_end_time": 1716760418.0506077, "input_transform_start_time": 1716760418.050454, "input_transform_end_time": 1716760418.0504754, "result_transform_start_time": 1716760418.0506077, "result_transform_end_time": 1716760418.0506303}}
{"task_id": "5ce7a36e-c148-409a-acd7-6ad65822ab88", "function_name": "noop_task", "parent_task_ids": [], "submit_time": 1716760418.8480308, "received_time": 1716760419.8505454, "execution": {"hostname": "escience-taps", "execution_start_time": 1716760419.403319, "execution_end_time": 1716760419.4034843, "task_start_time": 1716760419.4033432, "task_end_time": 1716760419.4034758, "input_transform_start_time": 1716760419.4033315, "input_transform_end_time": 1716760419.403343, "result_transform_start_time": 1716760419.403476, "result_transform_end_time": 1716760419.4034843}}
{"task_id": "c2c98ca4-b372-40ad-85fc-e47181425039", "function_name": "noop_task", "parent_task_ids": [], "submit_time": 1716760419.8509295, "received_time": 1716760420.8529944, "execution": {"hostname": "escience-taps", "execution_start_time": 1716760420.0434775, "execution_end_time": 1716760420.0436473, "task_start_time": 1716760420.043501, "task_end_time": 1716760420.0436368, "input_transform_start_time": 1716760420.043489, "input_transform_end_time": 1716760420.0435002, "result_transform_start_time": 1716760420.043637, "result_transform_end_time": 1716760420.043647}}
{"task_id": "43886c51-02c7-41ab-9f39-4aceb7362b72", "function_name": "noop_task", "parent_task_ids": [], "submit_time": 1716760420.8532858, "received_time": 1716760421.855401, "execution": {"hostname": "escience-taps", "execution_start_time": 1716760421.0539944, "execution_end_time": 1716760421.054115, "task_start_time": 1716760421.0540085, "task_end_time": 1716760421.0541067, "input_transform_start_time": 1716760421.0540016, "input_transform_end_time": 1716760421.0540082, "result_transform_start_time": 1716760421.054107, "result_transform_end_time": 1716760421.0541148}}
