{"task_id": "354f3011-972f-462f-94ff-816620df80af", "function_name": "id", "parent_task_ids": [], "submit_time": 1716760379.8569958, "received_time": 1716760386.8721788, "execution": {"hostname": "escience-taps", "execution_start_time": 1716760386.1784463, "execution_end_time": 1716760386.178456, "task_start_time": 1716760386.1784518, "task_end_time": 1716760386.1784525, "input_transform_start_time": 1716760386.1784487, "input_transform_end_time": 1716760386.1784518, "result_transform_start_time": 1716760386.1784525, "result_transform_end_time": 1716760386.178456}}
{"task_id": "149e3aac-b273-4577-952d-66258e20c71c", "function_name": "noop_task", "parent_task_ids": [], "submit_time": 1716760386.8733122, "received_time": 1716760388.8767247, "execution": {"hostname": "escience-taps", "execution_start_time": 1716760388.187405, "execution_end_time": 1716760388.1875134, "task_start_time": 1716760388.1874127, "task_end_time": 1716760388.1875079, "input_transform_start_time": 1716760388.1874087, "input_transform_end_time": 1716760388.1874125, "result_transform_start_time": 1716760388.187508, "result_transform_end_time": 1716760388.1875134}}
{"task_id": "a4b153fc-8110-4915-84db-bc71fb2a1d80", "function_name": "noop_task", "parent_task_ids": [], "submit_time": 1716760388.8772478, "received_time": 1716760390.3795567, "execution": {"hostname": "escience-taps", "execution_start_time": 1716760389.731345, "execution_end_time": 1716760389.7314541, "task_start_time": 1716760389.7313523, "task_end_time": 1716760389.7314487, "input_transform_start_time": 1716760389.7313485, "input_transform_end_time": 1716760389.731352, "result_transform_start_time": 1716760389.731449, "result_transform_end_time": 1716760389.7314541}}
{"task_id": "c86a5cd5-ebac-47fd-b8e2-31e2979f7e7c", "function_name": "noop_task", "parent_task_ids": [], "submit_time": 1716760390.3800397, "received_time": 1716760391.8837469, "execution": {"hostname": "escience-taps", "execution_start_time": 1716760391.1936786, "execution_end_time": 1716760391.193787, "task_start_time": 1716760391.1936858, "task_end_time": 1716760391.193782, "input_transform_start_time": 1716760391.193682, "input_transform_end_time": 1716760391.1936855, "result_transform_start_time": 1716760391.193782, "result_transform_end_time": 1716760391.1937869}}
{"task_id": "2e0467a2-9271-41d2-a55a-d077a415365b", "function_name": "noop_task", "parent_task_ids": [], "submit_time": 1716760391.884206, "received_time": 1716760393.3872995, "execution": {"hostname": "escience-taps", "execution_start_time": 1716760392.699154, "execution_end_time": 1716760392.699264, "task_start_time": 1716760392.699161, "task_end_time": 1716760392.6992571, "input_transform_start_time": 1716760392.6991572, "input_transform_end_time": 1716760392.699161, "result_transform_start_time": 1716760392.6992574, "result_transform_end_time": 1716760392.699264}}
{"task_id": "154e0040-a44c-4f37-9bd6-d6d68d023d56", "function_name": "noop_task", "parent_task_ids": [], "submit_time": 1716760393.3877342, "received_time": 1716760394.8914592, "execution": {"hostname": "escience-taps", "execution_start_time": 1716760394.2080405, "execution_end_time": 1716760394.2081492, "task_start_time": 1716760394.2080483, "task_end_time": 1716760394.2081437, "input_transform_start_time": 1716760394.2080445, "input_transform_end_time": 1716760394.2080483, "result_transform_start_time": 1716760394.208144, "result_transform_end_time": 1716760394.2081492}}
{"task_id": "c0ff98c6-6e29-401c-8a46-1af5c860b489", "function_name": "noop_task", "parent_task_ids": [], "submit_time": 1716760394.8918917, "received_time": 1716760396.3943558, "execution": {"hostname": "escience-taps", "execution_start_time": 1716760395.7081573, "execution_end_time": 1716760395.708267, "task_start_time": 1716760395.708165, "task_end_time": 1716760395.708261, "input_transform_start_time": 1716760395.7081609, "input_transform_end_time": 1716760395.7081647, "result_transform_start_time": 1716760395.7082615, "result_transform_end_time": 1716760395.7082667}}
{"task_id": "70651deb-c891-48a3-8e3b-0d1b0d213820", "function_name": "noop_task", "parent_task_ids": [], "submit_time": 1716760396.3947866, "received_time": 1716760397.8983252, "execution": {"hostname": "escience-taps", "execution_start_time": 1716760397.1996698, "execution_end_time": 1716760397.1997805, "task_start_time": 1716760397.1996775, "task_end_time": 1716760397.1997747, "input_transform_start_time": 1716760397.199674, "input_transform_end_time": 1716760397.1996775, "result_transform_start_time": 1716760397.1997747, "result_transform_end_time": 1716760397.1997805}}
{"task_id": "7f9964a7-9396-4912-823d-2e2de1599a98", "function_name": "noop_task", "parent_task_ids": [], "submit_time": 1716760397.8987622, "received_time": 1716760399.4023204, "execution": {"hostname": "escience-taps", "execution_start_time": 1716760398.7099094, "execution_end_time": 1716760398.7100196, "task_start_time": 1716760398.709917, "task_end_time": 1716760398.710014, "input_transform_start_time": 1716760398.7099135, "input_transform_end_time": 1716760398.709917, "result_transform_start_time": 1716760398.7100146, "result_transform_end_time": 1716760398.7100196}}
{"task_id": "c0d9acd3-eda2-4f89-a389-5252a099f8ac", "function_name": "noop_task", "parent_task_ids": [], "submit_time": 1716760399.4027603, "received_time": 1716760400.905984, "execution": {"hostname": "escience-taps", "execution_start_time": 1716760400.2082152, "execution_end_time": 1716760400.2083263, "task_start_time": 1716760400.2082233, "task_end_time": 1716760400.2083209, "input_transform_start_time": 1716760400.2082188, "input_transform_end_time": 1716760400.2082229, "result_transform_start_time": 1716760400.2083209, "result_transform_end_time": 1716760400.2083263}}
{"task_id": "177e0cf1-502a-4c18-8bf8-fa04d03648fc", "function_name": "noop_task", "parent_task_ids": [], "submit_time": 1716760400.9063668, "received_time": 1716760402.4092083, "execution": {"hostname": "escience-taps", "execution_start_time": 1716760401.718285, "execution_end_time": 1716760401.718394, "task_start_time": 1716760401.7182927, "task_end_time": 1716760401.7183874, "input_transform_start_time": 1716760401.7182891, "input_transform_end_time": 1716760401.7182927, "result_transform_start_time": 1716760401.7183876, "result_transform_end_time": 1716760401.7183938}}
