{"task_id": "9e7e1817-a4e5-4fde-80cf-37a54664cbc1", "function_name": "id", "parent_task_ids": [], "submit_time": 1716758697.317205, "received_time": 1716758698.952351, "execution": {"hostname": "escience-taps", "execution_start_time": 1716758698.9500663, "execution_end_time": 1716758698.950081, "task_start_time": 1716758698.9500751, "task_end_time": 1716758698.9500756, "input_transform_start_time": 1716758698.9500692, "input_transform_end_time": 1716758698.9500751, "result_transform_start_time": 1716758698.9500756, "result_transform_end_time": 1716758698.950081}}
{"task_id": "46da0e34-9c16-4489-9551-877fd191a280", "function_name": "noop_task", "parent_task_ids": [], "submit_time": 1716758698.982261, "received_time": 1716758699.2402391, "execution": {"hostname": "escience-taps", "execution_start_time": 1716758699.1596498, "execution_end_time": 1716758699.1813178, "task_start_time": 1716758699.1596675, "task_end_time": 1716758699.1813, "input_transform_start_time": 1716758699.1596591, "input_transform_end_time": 1716758699.1596675, "result_transform_start_time": 1716758699.1813004, "result_transform_end_time": 1716758699.1813176}}
{"task_id": "55aad39b-67f6-46bf-8014-7ddfa6dfeb37", "function_name": "noop_task", "parent_task_ids": [], "submit_time": 1716758699.2608147, "received_time": 1716758699.4931068, "execution": {"hostname": "escience-taps", "execution_start_time": 1716758699.4132233, "execution_end_time": 1716758699.4522617, "task_start_time": 1716758699.413258, "task_end_time": 1716758699.4522452, "input_transform_start_time": 1716758699.4132423, "input_transform_end_time": 1716758699.4132578, "result_transform_start_time": 1716758699.4522455, "result_transform_end_time": 1716758699.4522614}}
{"task_id": "eab0555c-8fcf-4c4b-a986-f4657cacd90b", "function_name": "noop_task", "parent_task_ids": [], "submit_time": 1716758699.5161226, "received_time": 1716758699.7428389, "execution": {"hostname": "escience-taps", "execution_start_time": 1716758699.6770973, "execution_end_time": 1716758699.7065148, "task_start_time": 1716758699.6771533, "task_end_time": 1716758699.7064939, "input_transform_start_time": 1716758699.6771286, "input_transform_end_time": 1716758699.677153, "result_transform_start_time": 1716758699.706494, "result_transform_end_time": 1716758699.7065148}}
{"task_id": "c5cdc6bc-ab28-48ca-a366-ce8bb4188673", "function_name": "noop_task", "parent_task_ids": [], "submit_time": 1716758699.7651863, "received_time": 1716758699.9579694, "execution": {"hostname": "escience-taps", "execution_start_time": 1716758699.8964248, "execution_end_time": 1716758699.9274974, "task_start_time": 1716758699.896448, "task_end_time": 1716758699.9274848, "input_transform_start_time": 1716758699.8964374, "input_transform_end_time": 1716758699.8964477, "result_transform_start_time": 1716758699.9274848, "result_transform_end_time": 1716758699.9274974}}
{"task_id": "8e6a2229-4154-4043-824c-71ace29ba37c", "function_name": "noop_task", "parent_task_ids": [], "submit_time": 1716758699.9807491, "received_time": 1716758700.1936417, "execution": {"hostname": "escience-taps", "execution_start_time": 1716758700.118501, "execution_end_time": 1716758700.1588974, "task_start_time": 1716758700.1185296, "task_end_time": 1716758700.1588805, "input_transform_start_time": 1716758700.1185174, "input_transform_end_time": 1716758700.1185293, "result_transform_start_time": 1716758700.1588805, "result_transform_end_time": 1716758700.1588972}}
{"task_id": "6cce6f29-ae45-4ad4-b2c5-edf0f0e50228", "function_name": "noop_task", "parent_task_ids": [], "submit_time": 1716758700.2159743, "received_time": 1716758700.4276216, "execution": {"hostname": "escience-taps", "execution_start_time": 1716758700.3460073, "execution_end_time": 1716758700.3871849, "task_start_time": 1716758700.3460386, "task_end_time": 1716758700.3871672, "input_transform_start_time": 1716758700.3460248, "input_transform_end_time": 1716758700.346038, "result_transform_start_time": 1716758700.3871675, "result_transform_end_time": 1716758700.3871846}}
{"task_id": "2f636cf8-5353-4d28-bec0-f24613e8c5a1", "function_name": "noop_task", "parent_task_ids": [], "submit_time": 1716758700.4501028, "received_time": 1716758700.6568573, "execution": {"hostname": "escience-taps", "execution_start_time": 1716758700.577739, "execution_end_time": 1716758700.6233184, "task_start_time": 1716758700.5777671, "task_end_time": 1716758700.6233032, "input_transform_start_time": 1716758700.5777533, "input_transform_end_time": 1716758700.577767, "result_transform_start_time": 1716758700.6233034, "result_transform_end_time": 1716758700.6233184}}
{"task_id": "bc9ba856-b682-4aa7-990b-91ae8e8d748b", "function_name": "noop_task", "parent_task_ids": [], "submit_time": 1716758700.6798406, "received_time": 1716758700.8972006, "execution": {"hostname": "escience-taps", "execution_start_time": 1716758700.8163986, "execution_end_time": 1716758700.8589041, "task_start_time": 1716758700.816427, "task_end_time": 1716758700.8588896, "input_transform_start_time": 1716758700.8164158, "input_transform_end_time": 1716758700.8164268, "result_transform_start_time": 1716758700.8588898, "result_transform_end_time": 1716758700.8589041}}
{"task_id": "1c8d82cc-ea45-4fc4-ae8c-451f9e2b03d3", "function_name": "noop_task", "parent_task_ids": [], "submit_time": 1716758700.9245799, "received_time": 1716758701.1413417, "execution": {"hostname": "escience-taps", "execution_start_time": 1716758701.0637653, "execution_end_time": 1716758701.1057012, "task_start_time": 1716758701.0637908, "task_end_time": 1716758701.1056857, "input_transform_start_time": 1716758701.0637805, "input_transform_end_time": 1716758701.0637906, "result_transform_start_time": 1716758701.1056862, "result_transform_end_time": 1716758701.105701}}
{"task_id": "6f790283-7622-4b8f-bb7f-a418226ec7ed", "function_name": "noop_task", "parent_task_ids": [], "submit_time": 1716758701.1636026, "received_time": 1716758701.3727753, "execution": {"hostname": "escience-taps", "execution_start_time": 1716758701.298948, "execution_end_time": 1716758701.340771, "task_start_time": 1716758701.2989757, "task_end_time": 1716758701.3407552, "input_transform_start_time": 1716758701.2989647, "input_transform_end_time": 1716758701.2989757, "result_transform_start_time": 1716758701.3407555, "result_transform_end_time": 1716758701.3407707}}
