{"task_id": "300d2d78-81f2-454d-ae35-b30afccbb103", "function_name": "id", "parent_task_ids": [], "submit_time": 1716758449.5401719, "received_time": 1716758449.548442, "execution": {"hostname": "escience-taps", "execution_start_time": 1716758449.5475469, "execution_end_time": 1716758449.5476124, "task_start_time": 1716758449.5475907, "task_end_time": 1716758449.547592, "input_transform_start_time": 1716758449.5475628, "input_transform_end_time": 1716758449.5475907, "result_transform_start_time": 1716758449.547592, "result_transform_end_time": 1716758449.5476122}}
{"task_id": "7e0c465b-ff4b-4c3d-a0a2-05780351b1c4", "function_name": "noop_task", "parent_task_ids": [], "submit_time": 1716758449.5523973, "received_time": 1716758449.5587804, "execution": {"hostname": "escience-taps", "execution_start_time": 1716758449.554644, "execution_end_time": 1716758449.5573683, "task_start_time": 1716758449.5546522, "task_end_time": 1716758449.5573509, "input_transform_start_time": 1716758449.5546486, "input_transform_end_time": 1716758449.554652, "result_transform_start_time": 1716758449.557351, "result_transform_end_time": 1716758449.557368}}
{"task_id": "d19936f6-2327-409e-a77a-8131c53e3221", "function_name": "noop_task", "parent_task_ids": [], "submit_time": 1716758449.5619025, "received_time": 1716758449.5668442, "execution": {"hostname": "escience-taps", "execution_start_time": 1716758449.5631506, "execution_end_time": 1716758449.5660021, "task_start_time": 1716758449.5631618, "task_end_time": 1716758449.5659986, "input_transform_start_time": 1716758449.5631568, "input_transform_end_time": 1716758449.5631616, "result_transform_start_time": 1716758449.5659986, "result_transform_end_time": 1716758449.5660021}}
{"task_id": "f98b498b-e8e7-4fcc-8801-b54b1dc0d01d", "function_name": "noop_task", "parent_task_ids": [], "submit_time": 1716758449.5695071, "received_time": 1716758449.5739746, "execution": {"hostname": "escience-taps", "execution_start_time": 1716758449.5705237, "execution_end_time": 1716758449.5728385, "task_start_time": 1716758449.5705333, "task_end_time": 1716758449.5728357, "input_transform_start_time": 1716758449.5705292, "input_transform_end_time": 1716758449.570533, "result_transform_start_time": 1716758449.572836, "result_transform_end_time": 1716758449.5728385}}
{"task_id": "7157474c-1917-4fba-8e58-f3a3e95cd9ce", "function_name": "noop_task", "parent_task_ids": [], "submit_time": 1716758449.5767624, "received_time": 1716758449.581295, "execution": {"hostname": "escience-taps", "execution_start_time": 1716758449.5781262, "execution_end_time": 1716758449.5805304, "task_start_time": 1716758449.5781322, "task_end_time": 1716758449.5805275, "input_transform_start_time": 1716758449.578129, "input_transform_end_time": 1716758449.578132, "result_transform_start_time": 1716758449.5805278, "result_transform_end_time": 1716758449.5805304}}
{"task_id": "d0db465e-832f-47f5-9184-830043bcc701", "function_name": "noop_task", "parent_task_ids": [], "submit_time": 1716758449.5839484, "received_time": 1716758449.588889, "execution": {"hostname": "escience-taps", "execution_start_time": 1716758449.5853703, "execution_end_time": 1716758449.588153, "task_start_time": 1716758449.585379, "task_end_time": 1716758449.5881495, "input_transform_start_time": 1716758449.585375, "input_transform_end_time": 1716758449.585379, "result_transform_start_time": 1716758449.5881498, "result_transform_end_time": 1716758449.588153}}
{"task_id": "139bea1c-2e6e-45b3-8d1d-802072fb5279", "function_name": "noop_task", "parent_task_ids": [], "submit_time": 1716758449.5916271, "received_time": 1716758449.596221, "execution": {"hostname": "escience-taps", "execution_start_time": 1716758449.592893, "execution_end_time": 1716758449.595509, "task_start_time": 1716758449.5929005, "task_end_time": 1716758449.5955026, "input_transform_start_time": 1716758449.592897, "input_transform_end_time": 1716758449.5929005, "result_transform_start_time": 1716758449.5955026, "result_transform_end_time": 1716758449.595509}}
{"task_id": "4082182c-1559-4484-8e8b-11aee0a217f9", "function_name": "noop_task", "parent_task_ids": [], "submit_time": 1716758449.599156, "received_time": 1716758449.603803, "execution": {"hostname": "escience-taps", "execution_start_time": 1716758449.600509, "execution_end_time": 1716758449.6031234, "task_start_time": 1716758449.6005158, "task_end_time": 1716758449.6031199, "input_transform_start_time": 1716758449.6005123, "input_transform_end_time": 1716758449.6005156, "result_transform_start_time": 1716758449.60312, "result_transform_end_time": 1716758449.6031232}}
{"task_id": "bf8f220d-f517-41aa-9c9b-e891df814231", "function_name": "noop_task", "parent_task_ids": [], "submit_time": 1716758449.6064794, "received_time": 1716758449.6124754, "execution": {"hostname": "escience-taps", "execution_start_time": 1716758449.609704, "execution_end_time": 1716758449.611986, "task_start_time": 1716758449.6097088, "task_end_time": 1716758449.611983, "input_transform_start_time": 1716758449.6097064, "input_transform_end_time": 1716758449.6097088, "result_transform_start_time": 1716758449.6119833, "result_transform_end_time": 1716758449.611986}}
{"task_id": "526f0842-9caa-400d-8c2e-e1a7beca4fa3", "function_name": "noop_task", "parent_task_ids": [], "submit_time": 1716758449.6154125, "received_time": 1716758449.6200855, "execution": {"hostname": "escience-taps", "execution_start_time": 1716758449.6167657, "execution_end_time": 1716758449.6190073, "task_start_time": 1716758449.6167707, "task_end_time": 1716758449.6190047, "input_transform_start_time": 1716758449.6167686, "input_transform_end_time": 1716758449.6167707, "result_transform_start_time": 1716758449.6190047, "result_transform_end_time": 1716758449.6190073}}
{"task_id": "5630fe51-c82e-4b8e-9931-adf81c1d5366", "function_name": "noop_task", "parent_task_ids": [], "submit_time": 1716758449.6227572, "received_time": 1716758449.627244, "execution": {"hostname": "escience-taps", "execution_start_time": 1716758449.6241236, "execution_end_time": 1716758449.62652, "task_start_time": 1716758449.6241305, "task_end_time": 1716758449.626517, "input_transform_start_time": 1716758449.6241271, "input_transform_end_time": 1716758449.6241305, "result_transform_start_time": 1716758449.626517, "result_transform_end_time": 1716758449.62652}}
