{"task_id": "1605a949-3e6f-419e-ba44-dc4fd069e92f", "function_name": "id", "parent_task_ids": [], "submit_time": 1716758500.2359087, "received_time": 1716758500.244115, "execution": {"hostname": "escience-taps", "execution_start_time": 1716758500.243221, "execution_end_time": 1716758500.2432919, "task_start_time": 1716758500.2432709, "task_end_time": 1716758500.2432718, "input_transform_start_time": 1716758500.243238, "input_transform_end_time": 1716758500.243268, "result_transform_start_time": 1716758500.2432723, "result_transform_end_time": 1716758500.2432916}}
{"task_id": "f9f441ac-1efe-4d0d-8367-4c65f376fa64", "function_name": "noop_task", "parent_task_ids": [], "submit_time": 1716758500.245127, "received_time": 1716758500.2471597, "execution": {"hostname": "escience-taps", "execution_start_time": 1716758500.2461438, "execution_end_time": 1716758500.246872, "task_start_time": 1716758500.2461677, "task_end_time": 1716758500.2466028, "input_transform_start_time": 1716758500.2461631, "input_transform_end_time": 1716758500.2461677, "result_transform_start_time": 1716758500.246603, "result_transform_end_time": 1716758500.2468717}}
{"task_id": "b5312b6a-32f0-4b52-981a-80fe98e845e9", "function_name": "noop_task", "parent_task_ids": [], "submit_time": 1716758500.2474785, "received_time": 1716758500.2485185, "execution": {"hostname": "escience-taps", "execution_start_time": 1716758500.2479956, "execution_end_time": 1716758500.248308, "task_start_time": 1716758500.2480075, "task_end_time": 1716758500.2481656, "input_transform_start_time": 1716758500.2480032, "input_transform_end_time": 1716758500.2480075, "result_transform_start_time": 1716758500.2481658, "result_transform_end_time": 1716758500.2483077}}
{"task_id": "01e263c8-a009-4021-9045-cede6bf42e3f", "function_name": "noop_task", "parent_task_ids": [], "submit_time": 1716758500.2487726, "received_time": 1716758500.2497947, "execution": {"hostname": "escience-taps", "execution_start_time": 1716758500.2493103, "execution_end_time": 1716758500.2496045, "task_start_time": 1716758500.249324, "task_end_time": 1716758500.249474, "input_transform_start_time": 1716758500.2493165, "input_transform_end_time": 1716758500.2493238, "result_transform_start_time": 1716758500.2494743, "result_transform_end_time": 1716758500.2496045}}
{"task_id": "846a3c42-1e0c-4ff9-94ae-5aa8cffcfe21", "function_name": "noop_task", "parent_task_ids": [], "submit_time": 1716758500.2500274, "received_time": 1716758500.250962, "execution": {"hostname": "escience-taps", "execution_start_time": 1716758500.2504683, "execution_end_time": 1716758500.250771, "task_start_time": 1716758500.2504776, "task_end_time": 1716758500.2506323, "input_transform_start_time": 1716758500.250474, "input_transform_end_time": 1716758500.2504773, "result_transform_start_time": 1716758500.2506325, "result_transform_end_time": 1716758500.2507706}}
{"task_id": "5c598dd6-c284-4d4d-bb24-784e731c3904", "function_name": "noop_task", "parent_task_ids": [], "submit_time": 1716758500.2511938, "received_time": 1716758500.2520947, "execution": {"hostname": "escience-taps", "execution_start_time": 1716758500.2516232, "execution_end_time": 1716758500.2519047, "task_start_time": 1716758500.2516325, "task_end_time": 1716758500.251777, "input_transform_start_time": 1716758500.2516286, "input_transform_end_time": 1716758500.2516325, "result_transform_start_time": 1716758500.2517772, "result_transform_end_time": 1716758500.2519047}}
{"task_id": "254ea6ce-db47-49e0-8f9b-0f2dacf69cc6", "function_name": "noop_task", "parent_task_ids": [], "submit_time": 1716758500.2523315, "received_time": 1716758500.2559667, "execution": {"hostname": "escience-taps", "execution_start_time": 1716758500.2554197, "execution_end_time": 1716758500.2557487, "task_start_time": 1716758500.2554305, "task_end_time": 1716758500.2555988, "input_transform_start_time": 1716758500.2554264, "input_transform_end_time": 1716758500.2554302, "result_transform_start_time": 1716758500.255599, "result_transform_end_time": 1716758500.2557487}}
{"task_id": "dba55886-61d2-4fa3-beae-86cbee98b09d", "function_name": "noop_task", "parent_task_ids": [], "submit_time": 1716758500.2562532, "received_time": 1716758500.2572715, "execution": {"hostname": "escience-taps", "execution_start_time": 1716758500.2567718, "execution_end_time": 1716758500.2570624, "task_start_time": 1716758500.2567818, "task_end_time": 1716758500.2569318, "input_transform_start_time": 1716758500.2567775, "input_transform_end_time": 1716758500.2567818, "result_transform_start_time": 1716758500.2569318, "result_transform_end_time": 1716758500.2570624}}
{"task_id": "88eed4fc-8433-4578-bd68-245ce327a453", "function_name": "noop_task", "parent_task_ids": [], "submit_time": 1716758500.2575002, "received_time": 1716758500.2584767, "execution": {"hostname": "escience-taps", "execution_start_time": 1716758500.2579858, "execution_end_time": 1716758500.2582932, "task_start_time": 1716758500.257995, "task_end_time": 1716758500.258159, "input_transform_start_time": 1716758500.2579913, "input_transform_end_time": 1716758500.257995, "result_transform_start_time": 1716758500.2581592, "result_transform_end_time": 1716758500.258293}}
{"task_id": "a0765890-3cab-4cf9-9003-fc872bdbc56f", "function_name": "noop_task", "parent_task_ids": [], "submit_time": 1716758500.2587073, "received_time": 1716758500.2595458, "execution": {"hostname": "escience-taps", "execution_start_time": 1716758500.2591329, "execution_end_time": 1716758500.2594004, "task_start_time": 1716758500.2591412, "task_end_time": 1716758500.2592819, "input_transform_start_time": 1716758500.259138, "input_transform_end_time": 1716758500.2591412, "result_transform_start_time": 1716758500.259282, "result_transform_end_time": 1716758500.2594001}}
{"task_id": "157d94af-d17b-428b-81b4-8c00986b511f", "function_name": "noop_task", "parent_task_ids": [], "submit_time": 1716758500.2597463, "received_time": 1716758500.2605906, "execution": {"hostname": "escience-taps", "execution_start_time": 1716758500.260183, "execution_end_time": 1716758500.2604475, "task_start_time": 1716758500.260191, "task_end_time": 1716758500.2603304, "input_transform_start_time": 1716758500.2601879, "input_transform_end_time": 1716758500.260191, "result_transform_start_time": 1716758500.2603307, "result_transform_end_time": 1716758500.2604475}}
