{"task_id": "763975b3-1274-446c-9d7f-b8678fedb23d", "function_name": "id", "parent_task_ids": [], "submit_time": 1716758214.1861007, "received_time": 1716758214.861576, "execution": {"hostname": "escience-taps", "execution_start_time": 1716758214.8472402, "execution_end_time": 1716758214.847281, "task_start_time": 1716758214.8472657, "task_end_time": 1716758214.8472686, "input_transform_start_time": 1716758214.847251, "input_transform_end_time": 1716758214.8472655, "result_transform_start_time": 1716758214.847269, "result_transform_end_time": 1716758214.847281}}
{"task_id": "f529cb5b-e3fe-45d0-a216-39bfcdf5b771", "function_name": "noop_task", "parent_task_ids": [], "submit_time": 1716758214.860864, "received_time": 1716758214.9224563, "execution": {"hostname": "escience-taps", "execution_start_time": 1716758214.9062257, "execution_end_time": 1716758214.9170687, "task_start_time": 1716758214.9062488, "task_end_time": 1716758214.9149044, "input_transform_start_time": 1716758214.906239, "input_transform_end_time": 1716758214.9062483, "result_transform_start_time": 1716758214.9149048, "result_transform_end_time": 1716758214.9170687}}
{"task_id": "eb19d992-45ef-4d5e-b002-b69a26898d3e", "function_name": "noop_task", "parent_task_ids": [], "submit_time": 1716758214.9282596, "received_time": 1716758214.9644213, "execution": {"hostname": "escience-taps", "execution_start_time": 1716758214.9531062, "execution_end_time": 1716758214.9587233, "task_start_time": 1716758214.9531596, "task_end_time": 1716758214.9576895, "input_transform_start_time": 1716758214.9531388, "input_transform_end_time": 1716758214.953159, "result_transform_start_time": 1716758214.9576898, "result_transform_end_time": 1716758214.958723}}
{"task_id": "7f599124-152b-487d-bcfd-f6ec1acc43b6", "function_name": "noop_task", "parent_task_ids": [], "submit_time": 1716758214.9683328, "received_time": 1716758215.0013113, "execution": {"hostname": "escience-taps", "execution_start_time": 1716758214.990016, "execution_end_time": 1716758214.994944, "task_start_time": 1716758214.9900389, "task_end_time": 1716758214.9941525, "input_transform_start_time": 1716758214.9900267, "input_transform_end_time": 1716758214.9900386, "result_transform_start_time": 1716758214.9941528, "result_transform_end_time": 1716758214.994944}}
{"task_id": "2eb2538b-5c90-42d4-8ddf-1c5ef6374ef9", "function_name": "noop_task", "parent_task_ids": [], "submit_time": 1716758215.005239, "received_time": 1716758215.0390415, "execution": {"hostname": "escience-taps", "execution_start_time": 1716758215.0237396, "execution_end_time": 1716758215.0326748, "task_start_time": 1716758215.0237696, "task_end_time": 1716758215.031346, "input_transform_start_time": 1716758215.0237565, "input_transform_end_time": 1716758215.0237694, "result_transform_start_time": 1716758215.0313468, "result_transform_end_time": 1716758215.0326746}}
{"task_id": "d2c32681-861f-4136-a869-401ee167518b", "function_name": "noop_task", "parent_task_ids": [], "submit_time": 1716758215.0427282, "received_time": 1716758215.0712101, "execution": {"hostname": "escience-taps", "execution_start_time": 1716758215.0606656, "execution_end_time": 1716758215.0658472, "task_start_time": 1716758215.060686, "task_end_time": 1716758215.0650647, "input_transform_start_time": 1716758215.060676, "input_transform_end_time": 1716758215.0606859, "result_transform_start_time": 1716758215.065065, "result_transform_end_time": 1716758215.0658467}}
{"task_id": "21e0c80a-7235-4964-a5fe-f31e98e37edd", "function_name": "noop_task", "parent_task_ids": [], "submit_time": 1716758215.0749717, "received_time": 1716758215.1076808, "execution": {"hostname": "escience-taps", "execution_start_time": 1716758215.0931377, "execution_end_time": 1716758215.1021798, "task_start_time": 1716758215.093489, "task_end_time": 1716758215.100897, "input_transform_start_time": 1716758215.0934749, "input_transform_end_time": 1716758215.0934887, "result_transform_start_time": 1716758215.1008973, "result_transform_end_time": 1716758215.1021798}}
{"task_id": "8892674a-54d1-4725-b977-fbe3ec04dc08", "function_name": "noop_task", "parent_task_ids": [], "submit_time": 1716758215.11148, "received_time": 1716758215.1429896, "execution": {"hostname": "escience-taps", "execution_start_time": 1716758215.1296027, "execution_end_time": 1716758215.1350513, "task_start_time": 1716758215.1296265, "task_end_time": 1716758215.1342268, "input_transform_start_time": 1716758215.1296144, "input_transform_end_time": 1716758215.1296263, "result_transform_start_time": 1716758215.134227, "result_transform_end_time": 1716758215.135051}}
{"task_id": "e42b2afb-c68a-478b-9b29-a11d4c146124", "function_name": "noop_task", "parent_task_ids": [], "submit_time": 1716758215.1466258, "received_time": 1716758215.1804583, "execution": {"hostname": "escience-taps", "execution_start_time": 1716758215.1641457, "execution_end_time": 1716758215.1739843, "task_start_time": 1716758215.1641865, "task_end_time": 1716758215.172246, "input_transform_start_time": 1716758215.16417, "input_transform_end_time": 1716758215.164186, "result_transform_start_time": 1716758215.1722462, "result_transform_end_time": 1716758215.1739836}}
{"task_id": "a98196fc-44cc-46b0-b053-791f57244f27", "function_name": "noop_task", "parent_task_ids": [], "submit_time": 1716758215.184067, "received_time": 1716758215.2169504, "execution": {"hostname": "escience-taps", "execution_start_time": 1716758215.202029, "execution_end_time": 1716758215.211018, "task_start_time": 1716758215.2020466, "task_end_time": 1716758215.2096522, "input_transform_start_time": 1716758215.2020395, "input_transform_end_time": 1716758215.2020464, "result_transform_start_time": 1716758215.2096524, "result_transform_end_time": 1716758215.2110178}}
{"task_id": "20712025-4f94-4d57-a71b-6bfc529feeb9", "function_name": "noop_task", "parent_task_ids": [], "submit_time": 1716758215.222274, "received_time": 1716758215.2499008, "execution": {"hostname": "escience-taps", "execution_start_time": 1716758215.240358, "execution_end_time": 1716758215.2452748, "task_start_time": 1716758215.240377, "task_end_time": 1716758215.2445157, "input_transform_start_time": 1716758215.2403686, "input_transform_end_time": 1716758215.240377, "result_transform_start_time": 1716758215.2445157, "result_transform_end_time": 1716758215.2452745}}
