{"task_id": "0c1c447d-23bb-4461-aaf7-2b50b54dd3b0", "function_name": "id", "parent_task_ids": [], "submit_time": 1716763229.976513, "received_time": 1716763229.985597, "execution": {"hostname": "escience-taps", "execution_start_time": 1716763229.9846585, "execution_end_time": 1716763229.9847355, "task_start_time": 1716763229.9847143, "task_end_time": 1716763229.9847155, "input_transform_start_time": 1716763229.9846785, "input_transform_end_time": 1716763229.9847112, "result_transform_start_time": 1716763229.9847157, "result_transform_end_time": 1716763229.9847353}}
{"task_id": "4e34fff8-0def-49f5-bbbb-dba37b87b815", "function_name": "noop_task", "parent_task_ids": [], "submit_time": 1716763229.9896014, "received_time": 1716763230.0012057, "execution": {"hostname": "escience-taps", "execution_start_time": 1716763229.9941633, "execution_end_time": 1716763230.0008318, "task_start_time": 1716763229.994184, "task_end_time": 1716763229.999497, "input_transform_start_time": 1716763229.9941792, "input_transform_end_time": 1716763229.9941838, "result_transform_start_time": 1716763229.9994972, "result_transform_end_time": 1716763230.0008318}}
{"task_id": "11ad365c-e359-4939-a2c5-299fd6c83c64", "function_name": "noop_task", "parent_task_ids": [], "submit_time": 1716763230.0058913, "received_time": 1716763230.0118475, "execution": {"hostname": "escience-taps", "execution_start_time": 1716763230.0072522, "execution_end_time": 1716763230.011616, "task_start_time": 1716763230.0072656, "task_end_time": 1716763230.0110166, "input_transform_start_time": 1716763230.0072603, "input_transform_end_time": 1716763230.0072653, "result_transform_start_time": 1716763230.0110168, "result_transform_end_time": 1716763230.0116158}}
{"task_id": "167c2c12-8a6c-4c57-a1fe-5cf2874a1c36", "function_name": "noop_task", "parent_task_ids": [], "submit_time": 1716763230.0151415, "received_time": 1716763230.0214052, "execution": {"hostname": "escience-taps", "execution_start_time": 1716763230.0165348, "execution_end_time": 1716763230.021172, "task_start_time": 1716763230.0165596, "task_end_time": 1716763230.0205557, "input_transform_start_time": 1716763230.016546, "input_transform_end_time": 1716763230.0165596, "result_transform_start_time": 1716763230.0205557, "result_transform_end_time": 1716763230.0211718}}
{"task_id": "26eafa3e-b428-4948-acc4-ded3ac7d6add", "function_name": "noop_task", "parent_task_ids": [], "submit_time": 1716763230.0251243, "received_time": 1716763230.030954, "execution": {"hostname": "escience-taps", "execution_start_time": 1716763230.026194, "execution_end_time": 1716763230.0307436, "task_start_time": 1716763230.026204, "task_end_time": 1716763230.030136, "input_transform_start_time": 1716763230.0262003, "input_transform_end_time": 1716763230.0262039, "result_transform_start_time": 1716763230.030136, "result_transform_end_time": 1716763230.0307434}}
{"task_id": "0b7bfa60-50e9-4806-a86c-3fa3b1ed1d4e", "function_name": "noop_task", "parent_task_ids": [], "submit_time": 1716763230.0340698, "received_time": 1716763230.0399158, "execution": {"hostname": "escience-taps", "execution_start_time": 1716763230.0352886, "execution_end_time": 1716763230.039697, "task_start_time": 1716763230.0353086, "task_end_time": 1716763230.0391161, "input_transform_start_time": 1716763230.035301, "input_transform_end_time": 1716763230.0353084, "result_transform_start_time": 1716763230.0391164, "result_transform_end_time": 1716763230.0396967}}
{"task_id": "1dd8962a-110b-4476-87e7-2f82792dda99", "function_name": "noop_task", "parent_task_ids": [], "submit_time": 1716763230.0459023, "received_time": 1716763230.051658, "execution": {"hostname": "escience-taps", "execution_start_time": 1716763230.04705, "execution_end_time": 1716763230.0514393, "task_start_time": 1716763230.0470698, "task_end_time": 1716763230.050859, "input_transform_start_time": 1716763230.047062, "input_transform_end_time": 1716763230.0470698, "result_transform_start_time": 1716763230.0508592, "result_transform_end_time": 1716763230.0514393}}
{"task_id": "cb835cf4-f808-4909-a93e-2a3f85d4f9b0", "function_name": "noop_task", "parent_task_ids": [], "submit_time": 1716763230.05471, "received_time": 1716763230.0605173, "execution": {"hostname": "escience-taps", "execution_start_time": 1716763230.0558615, "execution_end_time": 1716763230.0603018, "task_start_time": 1716763230.0558822, "task_end_time": 1716763230.0597277, "input_transform_start_time": 1716763230.0558736, "input_transform_end_time": 1716763230.055882, "result_transform_start_time": 1716763230.059728, "result_transform_end_time": 1716763230.0603018}}
{"task_id": "f746bad3-3694-4b4b-8917-dba58f056071", "function_name": "noop_task", "parent_task_ids": [], "submit_time": 1716763230.0637999, "received_time": 1716763230.069733, "execution": {"hostname": "escience-taps", "execution_start_time": 1716763230.0650122, "execution_end_time": 1716763230.0695124, "task_start_time": 1716763230.0650322, "task_end_time": 1716763230.0689268, "input_transform_start_time": 1716763230.065025, "input_transform_end_time": 1716763230.065032, "result_transform_start_time": 1716763230.0689268, "result_transform_end_time": 1716763230.0695124}}
{"task_id": "adf8dd09-4a49-4a3f-a222-491ad6cb617c", "function_name": "noop_task", "parent_task_ids": [], "submit_time": 1716763230.0731766, "received_time": 1716763230.0789995, "execution": {"hostname": "escience-taps", "execution_start_time": 1716763230.07428, "execution_end_time": 1716763230.0788085, "task_start_time": 1716763230.0742986, "task_end_time": 1716763230.0782514, "input_transform_start_time": 1716763230.074292, "input_transform_end_time": 1716763230.0742986, "result_transform_start_time": 1716763230.0782514, "result_transform_end_time": 1716763230.0788085}}
{"task_id": "ce68e615-3aee-4e03-b93e-f75b466ce95d", "function_name": "noop_task", "parent_task_ids": [], "submit_time": 1716763230.082861, "received_time": 1716763230.0890462, "execution": {"hostname": "escience-taps", "execution_start_time": 1716763230.0841951, "execution_end_time": 1716763230.0888283, "task_start_time": 1716763230.084214, "task_end_time": 1716763230.0882573, "input_transform_start_time": 1716763230.084207, "input_transform_end_time": 1716763230.0842137, "result_transform_start_time": 1716763230.0882576, "result_transform_end_time": 1716763230.0888283}}
