{"task_id": "687e7a96-45f7-4dab-a37c-14e4198a280e", "function_name": "id", "parent_task_ids": [], "submit_time": 1716758644.9736814, "received_time": 1716758646.5937216, "execution": {"hostname": "escience-taps", "execution_start_time": 1716758646.5912237, "execution_end_time": 1716758646.5912378, "task_start_time": 1716758646.5912325, "task_end_time": 1716758646.5912333, "input_transform_start_time": 1716758646.5912266, "input_transform_end_time": 1716758646.5912325, "result_transform_start_time": 1716758646.5912333, "result_transform_end_time": 1716758646.5912378}}
{"task_id": "b2b90608-4a61-43e2-92d0-ceea8ab50c4b", "function_name": "noop_task", "parent_task_ids": [], "submit_time": 1716758646.594203, "received_time": 1716758646.6095235, "execution": {"hostname": "escience-taps", "execution_start_time": 1716758646.6081107, "execution_end_time": 1716758646.608222, "task_start_time": 1716758646.608122, "task_end_time": 1716758646.6082149, "input_transform_start_time": 1716758646.608116, "input_transform_end_time": 1716758646.608122, "result_transform_start_time": 1716758646.608215, "result_transform_end_time": 1716758646.6082218}}
{"task_id": "27743fc3-1489-4e48-a97e-6c90890bd5f9", "function_name": "noop_task", "parent_task_ids": [], "submit_time": 1716758646.6097212, "received_time": 1716758646.621716, "execution": {"hostname": "escience-taps", "execution_start_time": 1716758646.6202526, "execution_end_time": 1716758646.620388, "task_start_time": 1716758646.6202676, "task_end_time": 1716758646.6203809, "input_transform_start_time": 1716758646.62026, "input_transform_end_time": 1716758646.6202672, "result_transform_start_time": 1716758646.6203814, "result_transform_end_time": 1716758646.6203878}}
{"task_id": "1c57ffd5-9411-4259-a047-f7641c148de7", "function_name": "noop_task", "parent_task_ids": [], "submit_time": 1716758646.6218927, "received_time": 1716758646.6339457, "execution": {"hostname": "escience-taps", "execution_start_time": 1716758646.6324475, "execution_end_time": 1716758646.632598, "task_start_time": 1716758646.6324673, "task_end_time": 1716758646.6325905, "input_transform_start_time": 1716758646.6324565, "input_transform_end_time": 1716758646.632467, "result_transform_start_time": 1716758646.632591, "result_transform_end_time": 1716758646.6325977}}
{"task_id": "3793fa93-3eca-4c0d-a511-303d9e982743", "function_name": "noop_task", "parent_task_ids": [], "submit_time": 1716758646.634285, "received_time": 1716758646.646206, "execution": {"hostname": "escience-taps", "execution_start_time": 1716758646.644754, "execution_end_time": 1716758646.6448994, "task_start_time": 1716758646.644769, "task_end_time": 1716758646.644892, "input_transform_start_time": 1716758646.6447613, "input_transform_end_time": 1716758646.6447687, "result_transform_start_time": 1716758646.6448925, "result_transform_end_time": 1716758646.6448994}}
{"task_id": "67ee0acf-ff2f-48c0-8513-7d8f9ab8f51c", "function_name": "noop_task", "parent_task_ids": [], "submit_time": 1716758646.6465728, "received_time": 1716758646.6584, "execution": {"hostname": "escience-taps", "execution_start_time": 1716758646.6568787, "execution_end_time": 1716758646.6570053, "task_start_time": 1716758646.65689, "task_end_time": 1716758646.6569993, "input_transform_start_time": 1716758646.6568842, "input_transform_end_time": 1716758646.65689, "result_transform_start_time": 1716758646.6569996, "result_transform_end_time": 1716758646.657005}}
{"task_id": "30d4f614-f8a5-42be-9732-30369d8af1da", "function_name": "noop_task", "parent_task_ids": [], "submit_time": 1716758646.6587505, "received_time": 1716758646.6704648, "execution": {"hostname": "escience-taps", "execution_start_time": 1716758646.6689606, "execution_end_time": 1716758646.6690857, "task_start_time": 1716758646.6689713, "task_end_time": 1716758646.6690803, "input_transform_start_time": 1716758646.6689658, "input_transform_end_time": 1716758646.668971, "result_transform_start_time": 1716758646.6690805, "result_transform_end_time": 1716758646.6690857}}
{"task_id": "741696bc-20d7-43fe-8e74-9cd231738b59", "function_name": "noop_task", "parent_task_ids": [], "submit_time": 1716758646.6708395, "received_time": 1716758646.6827633, "execution": {"hostname": "escience-taps", "execution_start_time": 1716758646.6811807, "execution_end_time": 1716758646.6813152, "task_start_time": 1716758646.6811938, "task_end_time": 1716758646.6813068, "input_transform_start_time": 1716758646.6811867, "input_transform_end_time": 1716758646.6811938, "result_transform_start_time": 1716758646.681307, "result_transform_end_time": 1716758646.6813147}}
{"task_id": "856340b6-8755-432a-86a8-a230d41593f2", "function_name": "noop_task", "parent_task_ids": [], "submit_time": 1716758646.683165, "received_time": 1716758646.6949492, "execution": {"hostname": "escience-taps", "execution_start_time": 1716758646.6934664, "execution_end_time": 1716758646.693613, "task_start_time": 1716758646.6934795, "task_end_time": 1716758646.6936061, "input_transform_start_time": 1716758646.6934729, "input_transform_end_time": 1716758646.6934795, "result_transform_start_time": 1716758646.6936066, "result_transform_end_time": 1716758646.6936128}}
{"task_id": "e11b5e0e-1a40-474c-8716-0e76df2ed75d", "function_name": "noop_task", "parent_task_ids": [], "submit_time": 1716758646.6952868, "received_time": 1716758646.7072322, "execution": {"hostname": "escience-taps", "execution_start_time": 1716758646.7056656, "execution_end_time": 1716758646.7058058, "task_start_time": 1716758646.705679, "task_end_time": 1716758646.7057993, "input_transform_start_time": 1716758646.7056723, "input_transform_end_time": 1716758646.7056787, "result_transform_start_time": 1716758646.7057996, "result_transform_end_time": 1716758646.7058055}}
{"task_id": "4a47b811-74f7-4ed2-9881-ed19657cfa2b", "function_name": "noop_task", "parent_task_ids": [], "submit_time": 1716758646.7075198, "received_time": 1716758646.7195346, "execution": {"hostname": "escience-taps", "execution_start_time": 1716758646.7179828, "execution_end_time": 1716758646.7181375, "task_start_time": 1716758646.7179985, "task_end_time": 1716758646.7181313, "input_transform_start_time": 1716758646.7179904, "input_transform_end_time": 1716758646.7179985, "result_transform_start_time": 1716758646.7181315, "result_transform_end_time": 1716758646.7181373}}
